_id,RSN,EVALUATION COMPLETED ON,CONFIRMED UNITS,TENANT SERVICE REQUEST LOG,WARDNAME
3593,2367,2024-08-17,105,3,Simulated Ward 03
1033,679,2024-09-21,82,3,Simulated Ward 05
4390,2891,2023-12-03,21,3,Simulated Ward 19
2477,1635,2023-09-12,235,3,Simulated Ward 20
3047,2004,2025-10-10,48,3,Simulated Ward 25
3470,2288,2025-10-17,145,3,Simulated Ward 17
4812,3169,2024-08-08,574,1,Simulated Ward 23
4488,2962,2023-06-14,37,3,Simulated Ward 25
811,531,2025-04-12,129,3,Simulated Ward 06
19,12,2026-03-01,77,3,Simulated Ward 24
3679,2421,2025-04-07,109,3,Simulated Ward 06
4209,2770,2024-01-29,13,3,Simulated Ward 10
1849,1207,2026-01-06,45,3,Simulated Ward 23
559,362,2025-07-19,35,3,Simulated Ward 23
3570,2353,2024-03-05,424,3,Simulated Ward 22
4733,3119,2025-03-17,11,3,Simulated Ward 19
1116,729,2026-07-10,24,3,Simulated Ward 01
2275,1496,2023-07-01,45,3,Simulated Ward 12
671,440,2023-06-26,33,3,Simulated Ward 13
1298,850,2023-10-23,123,3,Simulated Ward 02
1784,1167,2023-11-26,52,1,Simulated Ward 04
1143,747,2023-06-13,232,2,Simulated Ward 02
2310,1520,2026-08-04,24,3,Simulated Ward 15
1763,1151,2026-04-02,76,3,Simulated Ward 08
820,538,2024-03-29,96,3,Simulated Ward 06
2291,1507,2026-05-19,25,3,Simulated Ward 06
2113,1384,2024-04-26,56,3,Simulated Ward 06
161,104,2024-12-07,28,3,Simulated Ward 13
2286,1503,2024-09-07,288,3,Simulated Ward 02
2640,1740,2025-07-21,21,3,Simulated Ward 14
2658,1750,2026-01-25,130,3,Simulated Ward 13
4942,3258,2025-01-01,14,2,Simulated Ward 15
3405,2243,2024-07-01,13,3,Simulated Ward 20
5102,3368,2025-06-13,254,3,Simulated Ward 08
4728,3115,2026-04-09,42,3,Simulated Ward 16
2202,1447,2026-03-11,149,1,Simulated Ward 23
3619,2385,2025-03-22,102,3,Simulated Ward 25
2835,1864,2026-05-10,19,2,Simulated Ward 14
2438,1608,2024-07-23,18,1,Simulated Ward 11
4168,2740,2026-04-08,697,3,Simulated Ward 12
4992,3293,2026-08-19,37,1,Simulated Ward 13
1106,724,2025-01-07,30,3,Simulated Ward 20
2848,1872,2024-02-03,15,3,Simulated Ward 08
3673,2417,2025-06-19,55,3,Simulated Ward 13
3573,2355,2026-02-09,164,3,Simulated Ward 06
1839,1201,2025-06-10,146,3,Simulated Ward 16
4631,3052,2024-07-31,48,3,Simulated Ward 15
386,250,2025-05-06,267,3,Simulated Ward 18
4094,2690,2025-01-24,26,3,Simulated Ward 12
945,619,2024-11-13,36,3,Simulated Ward 14
3741,2460,2023-09-12,14,3,Simulated Ward 15
2786,1837,2023-07-21,77,3,Simulated Ward 13
5044,3329,2023-07-08,331,3,Simulated Ward 08
1433,938,2026-03-01,76,3,Simulated Ward 13
4278,2816,2023-06-16,181,3,Simulated Ward 03
1258,823,2024-08-02,120,3,Simulated Ward 15
4672,3078,2025-01-10,85,3,Simulated Ward 17
1848,1207,2024-11-01,45,3,Simulated Ward 23
3134,2060,2024-01-02,139,3,Simulated Ward 04
2071,1354,2024-02-13,13,3,Simulated Ward 02
2358,1551,2026-03-22,397,3,Simulated Ward 14
1981,1295,2025-03-05,18,3,Simulated Ward 15
2758,1819,2023-08-27,167,3,Simulated Ward 24
5265,3477,2024-01-09,76,3,Simulated Ward 11
5093,3361,2024-08-21,51,3,Simulated Ward 13
409,266,2023-07-06,13,1,Simulated Ward 19
266,171,2024-10-05,20,3,Simulated Ward 15
4248,2796,2025-12-30,18,3,Simulated Ward 11
4456,2939,2024-12-19,129,3,Simulated Ward 02
2069,1353,2024-09-06,500,3,Simulated Ward 20
4144,2724,2026-09-15,215,3,Simulated Ward 13
1757,1148,2025-07-23,257,1,Simulated Ward 06
1031,678,2024-07-19,30,3,Simulated Ward 25
2103,1377,2024-10-28,49,3,Simulated Ward 19
4872,3211,2026-01-05,42,3,Simulated Ward 09
2616,1727,2025-02-12,80,1,Simulated Ward 06
731,477,2025-02-24,23,3,Simulated Ward 14
5206,3438,2024-01-14,11,3,Simulated Ward 01
292,188,2026-02-19,27,3,Simulated Ward 22
2388,1573,2024-09-13,361,3,Simulated Ward 12
1363,891,2025-04-15,45,3,Simulated Ward 21
4357,2867,2023-11-19,15,3,Simulated Ward 19
1863,1215,2026-04-23,357,3,Simulated Ward 04
4655,3068,2024-02-17,141,3,Simulated Ward 19
3418,2252,2025-01-18,10,0,Simulated Ward 14
2378,1564,2023-10-06,157,3,Simulated Ward 14
838,549,2025-02-06,73,1,Simulated Ward 16
3242,2134,2026-07-18,11,3,Simulated Ward 13
548,356,2024-10-01,56,3,Simulated Ward 05
654,429,2025-10-03,30,3,Simulated Ward 01
7,6,2024-04-13,90,3,Simulated Ward 23
4632,3053,2024-07-18,104,3,Simulated Ward 13
1154,755,2023-11-13,162,3,Simulated Ward 07
2153,1410,2024-03-19,66,3,Simulated Ward 16
958,629,2025-07-03,49,1,Simulated Ward 10
407,264,2023-08-13,149,3,Simulated Ward 07
68,42,2025-08-18,300,3,Simulated Ward 24
4763,3138,2024-05-27,120,3,Simulated Ward 13
1501,982,2026-03-19,49,3,Simulated Ward 23
3490,2301,2023-08-10,57,3,Simulated Ward 02
3371,2219,2024-10-31,63,3,Simulated Ward 09
3662,2411,2024-02-27,46,3,Simulated Ward 12
4844,3192,2024-10-24,15,3,Simulated Ward 16
2707,1783,2025-11-24,229,3,Simulated Ward 14
4635,3055,2023-11-13,67,3,Simulated Ward 21
5039,3325,2025-07-29,39,3,Simulated Ward 13
4497,2966,2024-04-29,32,3,Simulated Ward 22
661,433,2023-09-18,44,3,Simulated Ward 21
5016,3310,2023-08-01,40,3,Simulated Ward 07
5072,3347,2024-07-14,24,1,Simulated Ward 05
3390,2232,2024-03-30,31,3,Simulated Ward 10
2620,1729,2024-09-22,19,3,Simulated Ward 11
4954,3265,2026-04-09,38,3,Simulated Ward 04
694,454,2025-08-26,269,0,Simulated Ward 08
4091,2688,2023-09-17,449,3,Simulated Ward 03
5099,3366,2023-08-16,11,3,Simulated Ward 20
1767,1154,2023-06-09,203,3,Simulated Ward 04
1485,970,2024-07-23,74,3,Simulated Ward 05
1556,1019,2026-07-02,71,3,Simulated Ward 03
1249,817,2024-01-28,89,3,Simulated Ward 12
3057,2010,2025-02-07,260,3,Simulated Ward 24
3920,2576,2025-01-28,59,3,Simulated Ward 03
4008,2635,2024-12-19,154,3,Simulated Ward 13
2814,1852,2024-09-23,48,3,Simulated Ward 09
5239,3461,2025-08-06,215,3,Simulated Ward 14
3797,2495,2026-03-12,11,3,Simulated Ward 15
5080,3353,2026-07-24,132,3,Simulated Ward 20
1545,1012,2024-09-25,16,3,Simulated Ward 11
4506,2973,2023-09-01,48,1,Simulated Ward 14
2376,1563,2025-05-11,14,3,Simulated Ward 03
4219,2775,2024-10-28,16,3,Simulated Ward 05
4434,2923,2026-08-19,45,1,Simulated Ward 01
1909,1247,2025-10-15,64,3,Simulated Ward 07
2647,1744,2024-06-15,47,3,Simulated Ward 08
3467,2285,2025-10-29,369,3,Simulated Ward 24
191,124,2023-11-22,88,3,Simulated Ward 23
1384,904,2024-07-31,190,3,Simulated Ward 16
1324,866,2024-12-22,36,1,Simulated Ward 14
2306,1517,2025-07-04,49,3,Simulated Ward 18
3059,2011,2024-02-15,34,3,Simulated Ward 17
2039,1335,2024-06-26,250,3,Simulated Ward 25
3903,2565,2023-10-17,46,3,Simulated Ward 20
2683,1769,2026-02-10,45,3,Simulated Ward 08
4842,3190,2025-09-28,56,3,Simulated Ward 01
2981,1961,2023-11-25,37,3,Simulated Ward 17
1798,1175,2025-12-06,73,0,Simulated Ward 08
2444,1613,2025-03-25,45,3,Simulated Ward 08
3939,2588,2024-03-13,37,3,Simulated Ward 25
3117,2047,2025-01-05,45,3,Simulated Ward 07
4943,3258,2025-04-04,14,3,Simulated Ward 15
1681,1099,2025-07-09,112,1,Simulated Ward 24
3222,2121,2023-07-24,67,3,Simulated Ward 12
738,484,2025-10-11,42,3,Simulated Ward 25
220,141,2024-09-26,86,2,Simulated Ward 22
2034,1331,2025-05-03,73,3,Simulated Ward 01
2250,1478,2025-03-06,44,3,Simulated Ward 24
335,216,2025-12-12,118,3,Simulated Ward 11
3300,2172,2023-06-19,20,3,Simulated Ward 14
1201,784,2023-10-20,205,3,Simulated Ward 17
3821,2508,2024-10-29,15,3,Simulated Ward 11
1277,835,2025-07-02,19,3,Simulated Ward 12
4813,3170,2025-09-10,18,3,Simulated Ward 09
1963,1282,2025-11-12,69,3,Simulated Ward 10
4302,2831,2024-09-28,78,3,Simulated Ward 10
3472,2290,2025-12-20,14,3,Simulated Ward 24
3366,2215,2026-08-27,17,3,Simulated Ward 10
12,9,2025-10-13,24,3,Simulated Ward 24
2020,1321,2024-09-23,172,0,Simulated Ward 12
2734,1802,2024-11-30,54,3,Simulated Ward 22
5258,3473,2026-08-02,89,1,Simulated Ward 13
326,211,2025-03-13,33,3,Simulated Ward 23
5135,3390,2025-01-07,16,3,Simulated Ward 19
3046,2003,2024-10-21,75,3,Simulated Ward 10
3027,1992,2024-10-13,342,3,Simulated Ward 16
814,534,2026-05-09,130,3,Simulated Ward 18
1844,1204,2026-06-10,71,3,Simulated Ward 22
3948,2594,2025-03-18,179,3,Simulated Ward 19
4897,3227,2025-08-02,25,3,Simulated Ward 04
983,645,2023-09-16,119,2,Simulated Ward 04
4202,2766,2024-12-06,34,3,Simulated Ward 21
2315,1524,2024-11-08,206,3,Simulated Ward 22
2259,1484,2025-02-10,82,3,Simulated Ward 01
2843,1869,2024-10-25,39,3,Simulated Ward 22
1338,875,2025-05-25,15,3,Simulated Ward 07
3327,2188,2025-11-16,154,3,Simulated Ward 07
1386,905,2025-08-08,46,3,Simulated Ward 13
2177,1427,2026-07-07,80,3,Simulated Ward 18
3501,2308,2024-05-24,60,3,Simulated Ward 09
3207,2111,2025-12-24,57,3,Simulated Ward 20
502,326,2024-04-02,61,3,Simulated Ward 14
1408,922,2023-10-03,74,3,Simulated Ward 21
2028,1328,2025-04-23,54,3,Simulated Ward 21
3846,2524,2024-08-03,38,3,Simulated Ward 24
3434,2262,2025-10-16,119,3,Simulated Ward 08
3951,2597,2024-12-13,39,3,Simulated Ward 24
1402,918,2025-01-20,48,3,Simulated Ward 07
2345,1543,2024-01-04,133,3,Simulated Ward 13
1761,1150,2024-01-18,175,1,Simulated Ward 12
1620,1060,2024-01-26,34,0,Simulated Ward 07
5284,3490,2025-05-21,367,3,Simulated Ward 16
2436,1606,2026-04-04,34,3,Simulated Ward 12
2220,1459,2025-05-17,29,3,Simulated Ward 13
975,640,2026-08-20,58,3,Simulated Ward 05
4805,3165,2026-07-31,248,3,Simulated Ward 21
3410,2246,2026-03-01,65,3,Simulated Ward 09
3363,2213,2026-08-16,24,3,Simulated Ward 09
5221,3449,2023-07-09,295,3,Simulated Ward 12
3463,2281,2025-04-28,11,3,Simulated Ward 13
2499,1650,2024-08-11,81,3,Simulated Ward 15
2892,1900,2024-06-08,336,3,Simulated Ward 25
1678,1097,2025-11-26,11,3,Simulated Ward 06
3393,2235,2023-11-20,41,3,Simulated Ward 07
1299,850,2025-05-21,123,3,Simulated Ward 02
968,636,2024-11-22,30,3,Simulated Ward 06
561,363,2026-04-19,285,3,Simulated Ward 17
1502,983,2026-07-02,58,3,Simulated Ward 05
1944,1268,2025-02-04,49,3,Simulated Ward 17
2304,1516,2025-08-11,196,3,Simulated Ward 21
2818,1855,2023-08-14,278,3,Simulated Ward 23
2319,1526,2026-05-18,333,3,Simulated Ward 04
4057,2666,2024-06-08,33,3,Simulated Ward 12
4781,3149,2024-03-06,43,3,Simulated Ward 25
271,175,2026-05-08,120,3,Simulated Ward 13
948,621,2026-09-14,84,3,Simulated Ward 09
249,160,2025-03-27,263,3,Simulated Ward 11
1490,974,2024-06-29,131,3,Simulated Ward 03
3974,2612,2024-08-03,285,3,Simulated Ward 05
30,17,2026-02-27,153,3,Simulated Ward 21
4967,3275,2024-12-01,63,3,Simulated Ward 17
1151,753,2026-02-17,15,3,Simulated Ward 21
3288,2165,2025-12-31,39,3,Simulated Ward 17
268,173,2026-08-24,34,3,Simulated Ward 16
1443,943,2026-06-29,38,3,Simulated Ward 20
4229,2784,2024-01-28,39,3,Simulated Ward 13
3326,2188,2024-04-11,154,1,Simulated Ward 07
2134,1397,2023-07-25,41,1,Simulated Ward 04
4132,2715,2025-07-29,130,3,Simulated Ward 17
310,200,2024-06-18,93,3,Simulated Ward 14
2029,1329,2024-04-27,11,1,Simulated Ward 08
2394,1577,2024-01-07,16,3,Simulated Ward 12
1567,1026,2026-03-15,16,3,Simulated Ward 22
290,187,2024-10-01,66,3,Simulated Ward 20
1435,939,2025-02-07,83,3,Simulated Ward 10
3805,2500,2024-02-15,28,3,Simulated Ward 19
3340,2197,2025-03-21,80,3,Simulated Ward 13
3215,2118,2024-03-17,33,3,Simulated Ward 10
3030,1994,2024-01-18,12,3,Simulated Ward 02
241,154,2025-02-27,84,3,Simulated Ward 24
4347,2859,2026-01-25,66,3,Simulated Ward 01
2764,1824,2023-10-16,19,3,Simulated Ward 07
396,256,2025-01-22,15,3,Simulated Ward 25
4559,3005,2025-12-26,198,3,Simulated Ward 03
3752,2466,2025-04-09,14,3,Simulated Ward 10
2684,1769,2026-05-28,45,1,Simulated Ward 08
4589,3025,2025-11-19,130,3,Simulated Ward 17
4603,3034,2026-03-12,15,3,Simulated Ward 23
4023,2645,2026-07-12,342,2,Simulated Ward 11
789,517,2026-03-31,338,3,Simulated Ward 05
2736,1803,2026-06-05,10,3,Simulated Ward 22
422,275,2023-08-11,128,3,Simulated Ward 02
3653,2405,2026-07-24,10,3,Simulated Ward 23
13,9,2025-10-16,24,3,Simulated Ward 24
3955,2599,2024-05-07,46,1,Simulated Ward 23
3231,2127,2024-11-28,119,3,Simulated Ward 20
2082,1363,2023-12-29,107,3,Simulated Ward 04
3281,2159,2024-02-07,15,3,Simulated Ward 25
1682,1099,2026-06-07,112,3,Simulated Ward 24
432,281,2023-08-17,312,3,Simulated Ward 15
4181,2749,2025-02-21,19,3,Simulated Ward 17
377,244,2023-08-25,15,3,Simulated Ward 03
1662,1087,2024-01-19,69,3,Simulated Ward 03
3367,2216,2023-06-14,128,3,Simulated Ward 09
4275,2813,2025-12-26,53,3,Simulated Ward 13
4437,2925,2023-12-01,42,3,Simulated Ward 12
4961,3271,2024-01-19,32,3,Simulated Ward 04
2997,1970,2025-03-04,70,3,Simulated Ward 20
5218,3447,2026-04-01,37,3,Simulated Ward 21
2073,1356,2025-12-16,234,3,Simulated Ward 03
733,479,2023-10-21,21,3,Simulated Ward 22
2698,1777,2024-03-13,34,3,Simulated Ward 02
1697,1109,2023-11-05,14,3,Simulated Ward 04
4697,3097,2023-11-20,271,3,Simulated Ward 06
4836,3186,2023-06-19,64,3,Simulated Ward 24
1918,1251,2025-10-12,36,3,Simulated Ward 07
3160,2077,2023-11-03,34,3,Simulated Ward 05
1790,1170,2024-09-17,262,3,Simulated Ward 24
2979,1959,2024-04-06,15,3,Simulated Ward 07
3064,2014,2023-09-21,118,3,Simulated Ward 11
4860,3201,2026-08-09,107,3,Simulated Ward 08
5075,3350,2025-03-05,15,3,Simulated Ward 16
4038,2654,2026-01-05,19,3,Simulated Ward 04
2970,1953,2025-09-19,52,3,Simulated Ward 09
4048,2659,2025-07-14,142,3,Simulated Ward 19
4253,2799,2026-04-09,148,3,Simulated Ward 21
3906,2566,2025-05-31,121,3,Simulated Ward 18
930,610,2024-08-13,10,1,Simulated Ward 01
2258,1484,2023-07-05,82,1,Simulated Ward 01
1777,1162,2024-12-12,11,3,Simulated Ward 08
1551,1016,2023-10-08,357,3,Simulated Ward 23
4899,3229,2024-09-10,40,3,Simulated Ward 18
5042,3327,2026-02-26,84,3,Simulated Ward 06
4735,3121,2024-12-12,12,3,Simulated Ward 25
4795,3160,2024-03-09,60,3,Simulated Ward 16
804,526,2026-05-14,87,3,Simulated Ward 01
1684,1100,2026-02-10,336,3,Simulated Ward 17
3916,2574,2024-06-18,45,3,Simulated Ward 17
788,517,2024-06-01,338,1,Simulated Ward 05
56,33,2024-11-29,45,3,Simulated Ward 19
174,112,2025-11-15,19,3,Simulated Ward 11
196,127,2024-04-23,33,3,Simulated Ward 10
3348,2203,2025-02-26,33,3,Simulated Ward 22
3620,2385,2026-08-20,102,3,Simulated Ward 25
4285,2821,2025-03-30,26,3,Simulated Ward 25
1136,741,2025-03-19,220,3,Simulated Ward 09
3143,2065,2024-06-11,94,3,Simulated Ward 21
3196,2102,2023-06-25,24,3,Simulated Ward 02
2302,1514,2024-07-16,37,1,Simulated Ward 17
755,494,2024-11-24,26,3,Simulated Ward 03
439,285,2024-11-04,189,3,Simulated Ward 14
953,624,2025-11-06,29,3,Simulated Ward 07
2746,1810,2024-11-14,54,3,Simulated Ward 18
4962,3271,2024-08-23,32,3,Simulated Ward 04
231,147,2024-02-17,60,3,Simulated Ward 20
4362,2871,2024-03-15,514,2,Simulated Ward 11
366,237,2023-09-17,224,3,Simulated Ward 01
628,414,2025-03-05,264,3,Simulated Ward 06
1418,928,2025-10-05,41,3,Simulated Ward 14
530,344,2023-06-26,29,3,Simulated Ward 02
2228,1464,2024-11-22,12,3,Simulated Ward 02
1752,1144,2024-11-16,28,3,Simulated Ward 11
2504,1654,2023-09-22,106,3,Simulated Ward 03
4523,2983,2026-05-07,18,3,Simulated Ward 08
5238,3461,2025-04-18,215,3,Simulated Ward 14
4599,3032,2024-08-28,48,3,Simulated Ward 14
3181,2092,2023-12-03,79,3,Simulated Ward 25
765,501,2024-11-13,32,3,Simulated Ward 10
390,252,2026-01-03,145,3,Simulated Ward 01
2329,1533,2023-08-09,12,3,Simulated Ward 05
4015,2640,2023-09-07,160,3,Simulated Ward 13
1233,807,2024-09-01,11,3,Simulated Ward 14
2933,1927,2025-06-21,65,3,Simulated Ward 08
5007,3303,2024-12-19,16,3,Simulated Ward 06
449,291,2024-03-01,29,1,Simulated Ward 08
3905,2566,2023-12-02,121,3,Simulated Ward 18
2533,1672,2025-01-31,17,3,Simulated Ward 20
1931,1259,2025-02-14,155,3,Simulated Ward 17
53,31,2025-09-02,212,1,Simulated Ward 25
425,277,2023-08-13,41,3,Simulated Ward 09
2440,1609,2026-08-13,310,3,Simulated Ward 14
1499,981,2025-07-22,16,3,Simulated Ward 10
4974,3280,2023-08-19,41,3,Simulated Ward 13
4370,2878,2023-12-24,37,3,Simulated Ward 22
940,616,2024-06-02,12,3,Simulated Ward 08
2952,1942,2023-08-19,349,1,Simulated Ward 02
1945,1269,2024-02-09,10,3,Simulated Ward 18
1618,1059,2023-09-16,41,3,Simulated Ward 20
4449,2934,2025-12-21,259,1,Simulated Ward 15
1026,676,2024-11-05,52,3,Simulated Ward 25
4036,2653,2024-11-08,36,3,Simulated Ward 02
2921,1920,2025-01-30,258,3,Simulated Ward 15
5253,3471,2023-06-10,397,3,Simulated Ward 05
5139,3393,2024-11-28,32,3,Simulated Ward 19
3489,2300,2025-07-20,247,3,Simulated Ward 07
4767,3140,2023-07-16,18,3,Simulated Ward 13
1768,1154,2025-05-29,203,3,Simulated Ward 04
2484,1639,2024-07-31,338,3,Simulated Ward 09
3230,2126,2023-07-03,40,3,Simulated Ward 18
2861,1881,2023-09-04,99,3,Simulated Ward 10
3135,2060,2025-06-01,139,3,Simulated Ward 04
941,617,2026-02-23,178,3,Simulated Ward 16
1758,1149,2024-06-10,16,3,Simulated Ward 02
3734,2455,2024-08-21,35,3,Simulated Ward 08
591,384,2025-03-31,19,3,Simulated Ward 24
2571,1695,2024-09-24,58,3,Simulated Ward 03
1194,781,2023-12-15,41,3,Simulated Ward 04
2465,1627,2025-05-20,37,3,Simulated Ward 22
2885,1896,2025-01-27,15,3,Simulated Ward 21
506,328,2023-12-19,20,3,Simulated Ward 22
1770,1156,2025-12-31,502,3,Simulated Ward 12
4186,2752,2025-01-18,142,3,Simulated Ward 23
2120,1388,2024-07-19,12,3,Simulated Ward 07
4995,3295,2024-06-12,10,3,Simulated Ward 21
4941,3257,2025-10-20,34,3,Simulated Ward 18
5059,3340,2025-08-23,47,3,Simulated Ward 21
4368,2876,2025-10-26,288,3,Simulated Ward 06
4037,2653,2025-07-15,36,3,Simulated Ward 02
5057,3338,2024-10-22,64,3,Simulated Ward 22
2055,1343,2024-04-07,312,3,Simulated Ward 25
2797,1843,2024-04-24,46,3,Simulated Ward 18
1214,793,2025-04-17,40,3,Simulated Ward 05
1184,774,2024-10-05,13,3,Simulated Ward 11
2631,1733,2025-08-24,22,3,Simulated Ward 12
3023,1988,2026-04-01,380,3,Simulated Ward 02
1075,705,2026-03-24,96,3,Simulated Ward 14
2280,1499,2025-01-31,103,3,Simulated Ward 04
3644,2399,2025-09-12,27,3,Simulated Ward 15
2127,1392,2024-10-21,52,3,Simulated Ward 06
3060,2011,2026-04-24,34,3,Simulated Ward 17
4111,2701,2025-05-14,143,3,Simulated Ward 09
360,233,2024-12-03,18,3,Simulated Ward 24
3671,2417,2024-07-01,55,3,Simulated Ward 13
2229,1464,2025-05-13,12,3,Simulated Ward 02
806,527,2024-12-29,55,3,Simulated Ward 18
3312,2179,2025-10-18,22,3,Simulated Ward 09
3801,2498,2024-11-14,183,1,Simulated Ward 18
4638,3056,2025-01-25,31,3,Simulated Ward 03
3724,2449,2025-04-08,33,3,Simulated Ward 19
349,226,2026-09-04,270,3,Simulated Ward 24
4430,2920,2025-08-01,396,3,Simulated Ward 09
3131,2057,2025-11-15,51,3,Simulated Ward 08
3838,2520,2026-06-19,256,3,Simulated Ward 15
1705,1113,2025-07-29,36,3,Simulated Ward 02
1132,739,2024-09-22,54,3,Simulated Ward 18
4438,2926,2026-04-14,96,3,Simulated Ward 19
5195,3430,2025-12-20,85,3,Simulated Ward 13
3768,2477,2023-07-16,59,3,Simulated Ward 23
3447,2272,2024-06-01,47,1,Simulated Ward 08
573,371,2025-11-27,49,3,Simulated Ward 01
3578,2358,2025-04-04,16,3,Simulated Ward 11
2095,1372,2023-06-07,43,3,Simulated Ward 22
913,597,2025-12-21,129,3,Simulated Ward 17
586,381,2025-04-03,62,3,Simulated Ward 24
2274,1495,2026-05-02,12,3,Simulated Ward 16
4274,2812,2025-07-27,38,3,Simulated Ward 04
4272,2811,2026-03-07,18,3,Simulated Ward 05
4451,2936,2024-08-30,373,3,Simulated Ward 25
712,464,2026-07-04,63,3,Simulated Ward 16
583,378,2026-06-13,330,1,Simulated Ward 22
2070,1353,2026-05-01,500,3,Simulated Ward 20
1250,817,2024-02-25,89,2,Simulated Ward 12
4355,2865,2024-02-09,89,3,Simulated Ward 21
2701,1779,2025-12-20,352,3,Simulated Ward 08
1587,1039,2025-09-21,13,3,Simulated Ward 02
2063,1348,2026-06-17,110,3,Simulated Ward 04
3121,2051,2026-05-21,357,3,Simulated Ward 14
2390,1574,2025-03-29,74,3,Simulated Ward 21
1787,1168,2024-05-11,59,3,Simulated Ward 14
3235,2130,2023-06-16,380,3,Simulated Ward 22
4908,3235,2024-07-07,247,3,Simulated Ward 03
298,192,2025-07-25,154,3,Simulated Ward 10
4173,2744,2025-09-04,72,3,Simulated Ward 21
4980,3283,2023-08-14,292,3,Simulated Ward 06
4318,2841,2025-08-05,160,3,Simulated Ward 12
328,212,2026-02-04,21,3,Simulated Ward 18
2297,1510,2026-03-24,43,3,Simulated Ward 19
4673,3078,2025-08-14,85,3,Simulated Ward 17
4572,3014,2023-07-01,723,3,Simulated Ward 06
4639,3057,2026-07-08,317,3,Simulated Ward 21
883,578,2025-01-10,68,3,Simulated Ward 14
3833,2517,2024-01-02,46,3,Simulated Ward 13
3195,2101,2024-06-04,39,3,Simulated Ward 23
4152,2729,2026-02-25,43,3,Simulated Ward 13
269,174,2026-09-09,392,3,Simulated Ward 24
2700,1778,2025-01-07,189,3,Simulated Ward 07
4339,2855,2023-08-04,157,3,Simulated Ward 24
2516,1662,2024-06-27,97,3,Simulated Ward 19
4041,2655,2024-11-29,149,3,Simulated Ward 12
2462,1625,2026-01-30,28,1,Simulated Ward 07
110,71,2025-09-20,73,3,Simulated Ward 19
1885,1229,2024-11-30,72,3,Simulated Ward 01
5246,3466,2024-04-22,10,3,Simulated Ward 07
4363,2871,2025-07-20,514,3,Simulated Ward 11
5270,3481,2024-04-26,17,3,Simulated Ward 11
4792,3158,2024-09-17,66,3,Simulated Ward 10
3226,2123,2024-04-03,97,1,Simulated Ward 22
3485,2297,2026-03-10,35,3,Simulated Ward 23
1268,828,2026-05-07,19,1,Simulated Ward 10
2723,1794,2026-08-29,261,3,Simulated Ward 03
2270,1492,2026-01-19,305,3,Simulated Ward 01
4499,2968,2023-06-16,38,3,Simulated Ward 19
4366,2874,2025-09-21,37,3,Simulated Ward 12
3607,2378,2024-05-23,256,3,Simulated Ward 12
2863,1881,2026-08-08,99,1,Simulated Ward 10
936,614,2025-09-09,130,3,Simulated Ward 12
4482,2958,2026-05-31,216,3,Simulated Ward 11
2208,1451,2025-05-21,160,3,Simulated Ward 13
4823,3178,2023-06-06,99,3,Simulated Ward 24
2448,1616,2023-06-26,143,3,Simulated Ward 11
532,345,2023-07-27,176,3,Simulated Ward 06
4889,3221,2024-03-22,186,3,Simulated Ward 13
3839,2521,2023-10-23,86,3,Simulated Ward 06
2672,1759,2025-12-07,332,3,Simulated Ward 07
18,12,2025-11-13,77,3,Simulated Ward 24
2213,1455,2025-03-01,82,3,Simulated Ward 20
858,562,2025-02-20,144,2,Simulated Ward 12
1212,791,2024-11-25,11,3,Simulated Ward 02
904,592,2024-09-05,46,3,Simulated Ward 13
5025,3315,2025-07-05,90,1,Simulated Ward 22
258,167,2026-04-30,86,3,Simulated Ward 15
169,109,2024-03-22,180,3,Simulated Ward 15
3008,1978,2023-07-05,18,3,Simulated Ward 12
1458,953,2024-06-22,66,3,Simulated Ward 13
1245,814,2025-08-20,22,1,Simulated Ward 07
4380,2885,2023-10-04,71,3,Simulated Ward 03
3392,2234,2024-11-28,54,3,Simulated Ward 14
119,76,2025-04-22,19,3,Simulated Ward 21
4539,2994,2024-09-07,18,3,Simulated Ward 21
2988,1965,2024-10-29,16,3,Simulated Ward 14
946,620,2025-10-04,43,3,Simulated Ward 17
2712,1787,2024-01-11,65,3,Simulated Ward 06
3952,2598,2025-01-01,38,3,Simulated Ward 20
145,94,2025-07-29,18,3,Simulated Ward 13
1398,914,2024-08-15,44,3,Simulated Ward 09
2105,1378,2025-09-30,114,3,Simulated Ward 25
3991,2624,2024-05-19,36,3,Simulated Ward 20
1441,942,2024-03-22,47,1,Simulated Ward 15
356,230,2024-02-19,98,3,Simulated Ward 09
216,139,2024-09-12,39,3,Simulated Ward 19
4694,3095,2025-12-11,207,3,Simulated Ward 12
1600,1046,2024-05-09,17,3,Simulated Ward 11
4975,3281,2024-05-06,41,3,Simulated Ward 16
4575,3016,2023-11-06,187,1,Simulated Ward 20
908,594,2024-03-01,14,3,Simulated Ward 11
99,64,2023-09-17,206,3,Simulated Ward 13
4198,2763,2023-07-11,118,3,Simulated Ward 19
5026,3316,2024-05-13,33,3,Simulated Ward 09
1491,974,2024-12-17,131,3,Simulated Ward 03
319,206,2026-07-02,595,3,Simulated Ward 16
620,407,2023-09-22,148,2,Simulated Ward 20
870,569,2026-07-27,108,3,Simulated Ward 03
758,496,2025-12-30,288,3,Simulated Ward 05
1264,826,2025-11-22,13,3,Simulated Ward 20
1562,1023,2023-08-07,111,3,Simulated Ward 18
1508,986,2024-05-28,44,3,Simulated Ward 16
3978,2616,2025-12-14,16,3,Simulated Ward 24
3065,2014,2024-06-27,118,3,Simulated Ward 11
4311,2837,2023-12-24,26,3,Simulated Ward 22
3454,2275,2025-08-03,20,3,Simulated Ward 23
3609,2379,2023-11-02,19,3,Simulated Ward 23
2527,1668,2025-01-15,60,3,Simulated Ward 02
4675,3080,2023-06-13,30,1,Simulated Ward 25
683,447,2026-08-07,29,1,Simulated Ward 06
2767,1826,2025-02-14,11,3,Simulated Ward 02
4345,2858,2026-05-28,13,3,Simulated Ward 02
2184,1433,2024-07-11,13,3,Simulated Ward 18
2873,1888,2025-02-01,34,3,Simulated Ward 16
75,46,2024-07-04,122,3,Simulated Ward 12
2060,1346,2024-08-14,22,3,Simulated Ward 20
667,437,2024-08-05,40,3,Simulated Ward 16
1390,908,2025-11-24,31,3,Simulated Ward 23
3997,2627,2025-07-09,46,3,Simulated Ward 11
1645,1076,2026-09-01,127,3,Simulated Ward 24
702,458,2024-10-16,289,3,Simulated Ward 16
4612,3040,2025-02-02,112,2,Simulated Ward 11
2554,1685,2025-12-14,31,3,Simulated Ward 03
4595,3029,2025-08-12,51,3,Simulated Ward 22
263,170,2023-06-15,90,3,Simulated Ward 17
97,63,2025-02-24,286,3,Simulated Ward 13
3928,2581,2023-11-26,30,3,Simulated Ward 25
1083,710,2026-07-07,38,3,Simulated Ward 15
4233,2787,2026-09-23,32,3,Simulated Ward 13
5136,3391,2023-11-10,39,3,Simulated Ward 01
2507,1656,2024-03-24,53,3,Simulated Ward 22
288,186,2025-12-09,24,3,Simulated Ward 15
4865,3206,2024-12-16,94,3,Simulated Ward 06
370,240,2025-12-23,81,3,Simulated Ward 10
3711,2442,2024-07-06,48,3,Simulated Ward 04
3468,2286,2026-01-27,149,3,Simulated Ward 24
5247,3466,2026-07-14,10,3,Simulated Ward 07
4636,3055,2025-12-30,67,3,Simulated Ward 21
2482,1638,2026-03-17,60,3,Simulated Ward 24
2630,1733,2023-12-10,22,3,Simulated Ward 12
4910,3236,2025-07-06,83,3,Simulated Ward 10
2882,1894,2023-07-17,43,3,Simulated Ward 08
647,424,2024-10-08,52,3,Simulated Ward 11
4404,2900,2024-05-09,24,3,Simulated Ward 07
3149,2070,2026-05-28,179,3,Simulated Ward 06
2668,1756,2026-01-05,49,2,Simulated Ward 19
1099,719,2026-06-04,38,1,Simulated Ward 15
112,72,2026-08-07,136,3,Simulated Ward 16
2702,1779,2026-09-22,352,3,Simulated Ward 08
5278,3486,2026-06-20,24,3,Simulated Ward 09
4231,2785,2023-06-09,130,3,Simulated Ward 17
2393,1576,2026-02-09,27,3,Simulated Ward 22
3854,2530,2026-08-23,23,3,Simulated Ward 14
700,457,2025-08-01,97,3,Simulated Ward 12
2693,1774,2025-03-10,38,3,Simulated Ward 22
2954,1943,2026-07-14,167,3,Simulated Ward 14
1100,720,2026-07-19,41,3,Simulated Ward 07
4847,3193,2025-11-22,197,1,Simulated Ward 13
3701,2435,2024-12-30,148,3,Simulated Ward 13
637,419,2025-10-15,13,3,Simulated Ward 22
1547,1013,2025-01-27,358,3,Simulated Ward 07
1644,1076,2026-08-02,127,1,Simulated Ward 24
1780,1165,2024-06-04,20,3,Simulated Ward 10
917,601,2023-09-12,49,3,Simulated Ward 07
4994,3294,2026-04-24,18,1,Simulated Ward 01
2552,1684,2026-05-21,18,3,Simulated Ward 22
1392,910,2024-09-03,259,3,Simulated Ward 20
4971,3278,2023-09-25,324,1,Simulated Ward 05
3568,2352,2024-02-17,49,3,Simulated Ward 04
1232,806,2026-03-04,169,1,Simulated Ward 22
4876,3213,2026-05-17,158,3,Simulated Ward 07
1669,1092,2024-03-18,86,3,Simulated Ward 16
809,530,2024-12-20,219,1,Simulated Ward 04
118,75,2025-07-25,10,3,Simulated Ward 22
1745,1139,2025-11-25,12,3,Simulated Ward 16
3614,2382,2023-06-10,62,3,Simulated Ward 04
4288,2823,2025-01-04,23,3,Simulated Ward 02
3330,2190,2025-11-03,337,3,Simulated Ward 07
1422,931,2026-07-21,261,3,Simulated Ward 17
5154,3402,2026-03-08,12,0,Simulated Ward 18
1082,709,2026-05-24,19,3,Simulated Ward 07
2324,1530,2023-07-26,361,3,Simulated Ward 11
3597,2370,2025-03-01,17,3,Simulated Ward 07
3934,2585,2024-03-13,54,2,Simulated Ward 01
125,79,2025-09-15,20,3,Simulated Ward 03
138,89,2026-04-01,65,3,Simulated Ward 17
4049,2659,2025-12-26,142,3,Simulated Ward 19
2636,1737,2026-09-03,36,3,Simulated Ward 16
1134,740,2026-08-18,15,3,Simulated Ward 10
1605,1049,2023-12-25,45,1,Simulated Ward 25
998,657,2025-12-12,94,3,Simulated Ward 25
1188,778,2026-01-26,17,3,Simulated Ward 13
1935,1263,2025-01-27,44,3,Simulated Ward 17
4343,2857,2026-02-16,30,3,Simulated Ward 14
1333,872,2025-06-15,17,3,Simulated Ward 09
3822,2509,2024-01-27,10,3,Simulated Ward 19
1058,695,2023-10-09,56,3,Simulated Ward 06
3234,2129,2025-10-25,83,3,Simulated Ward 03
668,437,2026-01-23,40,3,Simulated Ward 16
3990,2623,2026-02-20,13,3,Simulated Ward 13
474,307,2025-05-03,33,3,Simulated Ward 23
416,271,2023-06-29,377,1,Simulated Ward 15
430,279,2026-02-20,62,3,Simulated Ward 13
2476,1634,2026-07-15,44,1,Simulated Ward 23
2511,1658,2025-05-03,46,1,Simulated Ward 18
1806,1181,2025-10-20,40,3,Simulated Ward 07
3500,2308,2023-07-20,60,3,Simulated Ward 09
1651,1079,2023-10-10,39,3,Simulated Ward 12
3804,2499,2026-05-24,42,1,Simulated Ward 20
4268,2809,2025-05-04,80,3,Simulated Ward 06
1932,1260,2026-08-02,23,3,Simulated Ward 17
1138,743,2024-04-28,33,3,Simulated Ward 04
3526,2324,2025-09-05,15,3,Simulated Ward 15
4396,2895,2026-07-10,44,3,Simulated Ward 17
3083,2026,2025-11-09,95,3,Simulated Ward 22
281,182,2023-10-07,48,3,Simulated Ward 07
3246,2137,2026-09-07,19,3,Simulated Ward 12
278,179,2025-09-09,10,3,Simulated Ward 12
5178,3419,2025-06-20,89,3,Simulated Ward 20
4199,2763,2024-04-06,118,3,Simulated Ward 19
434,282,2024-03-23,123,3,Simulated Ward 04
888,581,2025-09-15,37,3,Simulated Ward 12
4063,2671,2025-12-09,189,1,Simulated Ward 14
779,510,2026-04-27,61,3,Simulated Ward 08
5145,3397,2025-12-15,137,3,Simulated Ward 21
4613,3040,2026-04-17,112,3,Simulated Ward 11
3733,2455,2024-08-09,35,3,Simulated Ward 08
3304,2174,2023-07-01,41,3,Simulated Ward 25
3337,2195,2025-07-24,12,3,Simulated Ward 12
5012,3307,2025-10-15,150,3,Simulated Ward 24
5098,3365,2025-08-13,105,3,Simulated Ward 04
3642,2398,2025-12-29,95,3,Simulated Ward 03
123,78,2024-10-07,84,1,Simulated Ward 10
374,242,2025-04-01,13,3,Simulated Ward 06
1653,1080,2025-03-07,35,3,Simulated Ward 14
1427,935,2023-06-15,44,3,Simulated Ward 24
218,140,2025-10-26,63,3,Simulated Ward 20
2561,1689,2025-04-03,93,3,Simulated Ward 16
1570,1028,2026-01-13,28,3,Simulated Ward 11
4397,2896,2023-10-06,17,3,Simulated Ward 06
1559,1021,2024-11-18,18,1,Simulated Ward 02
1854,1210,2026-03-25,30,3,Simulated Ward 24
2210,1452,2026-04-11,147,3,Simulated Ward 14
3136,2061,2023-07-04,118,3,Simulated Ward 02
4432,2922,2024-02-10,31,3,Simulated Ward 08
2987,1964,2025-07-16,168,3,Simulated Ward 14
2084,1364,2024-06-11,350,3,Simulated Ward 01
4337,2853,2024-01-19,95,3,Simulated Ward 16
2076,1358,2024-12-09,35,3,Simulated Ward 22
4647,3062,2026-07-22,80,3,Simulated Ward 01
909,595,2025-02-10,36,3,Simulated Ward 18
4797,3162,2023-06-15,220,1,Simulated Ward 01
3562,2348,2026-09-09,783,3,Simulated Ward 13
4611,3039,2025-10-17,93,3,Simulated Ward 19
2385,1570,2023-10-15,19,3,Simulated Ward 12
1736,1134,2026-09-15,307,3,Simulated Ward 19
664,435,2026-04-05,40,3,Simulated Ward 11
4283,2820,2023-11-27,22,3,Simulated Ward 15
4977,3281,2025-05-02,41,3,Simulated Ward 16
2532,1672,2024-12-24,17,1,Simulated Ward 20
4973,3279,2025-04-21,381,3,Simulated Ward 02
4217,2774,2026-04-20,81,3,Simulated Ward 20
411,267,2023-11-02,87,3,Simulated Ward 09
2588,1709,2025-03-25,41,3,Simulated Ward 23
1773,1159,2023-11-09,155,3,Simulated Ward 09
4779,3147,2025-05-11,268,3,Simulated Ward 03
615,403,2025-09-02,24,3,Simulated Ward 04
886,580,2026-01-30,32,3,Simulated Ward 16
4250,2797,2026-08-27,10,3,Simulated Ward 21
1712,1117,2026-06-11,34,3,Simulated Ward 04
183,119,2023-09-11,18,3,Simulated Ward 06
1362,891,2024-01-11,45,3,Simulated Ward 21
2309,1519,2026-05-19,39,3,Simulated Ward 20
5090,3359,2025-01-04,105,3,Simulated Ward 12
2517,1662,2026-04-14,97,3,Simulated Ward 19
3425,2257,2025-07-02,30,1,Simulated Ward 25
3770,2479,2024-04-30,18,3,Simulated Ward 12
1897,1238,2025-02-06,69,3,Simulated Ward 14
3361,2212,2023-07-11,20,3,Simulated Ward 17
237,151,2026-03-20,179,1,Simulated Ward 16
5140,3394,2026-01-26,21,3,Simulated Ward 25
4352,2864,2026-02-21,36,3,Simulated Ward 18
2787,1837,2023-09-23,77,3,Simulated Ward 13
3729,2453,2024-03-13,67,3,Simulated Ward 10
5248,3467,2024-05-02,215,1,Simulated Ward 12
3650,2403,2024-02-27,40,3,Simulated Ward 04
1455,951,2026-05-01,188,3,Simulated Ward 07
1704,1112,2026-01-20,199,3,Simulated Ward 01
2040,1335,2025-06-11,250,3,Simulated Ward 25
2140,1401,2025-05-16,11,3,Simulated Ward 10
402,260,2025-09-21,23,3,Simulated Ward 06
3513,2315,2024-07-14,135,3,Simulated Ward 20
1183,774,2024-06-07,13,3,Simulated Ward 11
3430,2260,2024-06-20,66,3,Simulated Ward 07
4102,2695,2025-02-21,129,3,Simulated Ward 09
2688,1771,2025-09-14,73,3,Simulated Ward 06
392,253,2024-03-23,158,3,Simulated Ward 07
890,582,2024-01-05,13,3,Simulated Ward 08
1358,889,2024-06-17,343,3,Simulated Ward 14
5269,3480,2024-05-13,17,1,Simulated Ward 25
2874,1889,2023-11-19,15,3,Simulated Ward 07
2488,1642,2025-04-15,160,3,Simulated Ward 19
2730,1799,2025-12-03,748,3,Simulated Ward 16
1526,998,2025-12-17,388,3,Simulated Ward 21
3323,2186,2026-07-01,15,3,Simulated Ward 13
596,388,2023-09-23,70,3,Simulated Ward 16
989,650,2025-08-17,24,2,Simulated Ward 01
2502,1652,2024-12-23,43,3,Simulated Ward 25
4453,2938,2025-02-21,79,3,Simulated Ward 20
2048,1340,2024-06-02,25,3,Simulated Ward 22
1819,1190,2026-06-20,99,3,Simulated Ward 05
3509,2313,2024-02-13,42,3,Simulated Ward 03
457,296,2024-09-29,17,3,Simulated Ward 22
1414,925,2026-03-28,40,3,Simulated Ward 22
3738,2458,2025-01-12,30,3,Simulated Ward 24
3178,2089,2026-08-17,120,3,Simulated Ward 03
2006,1312,2026-01-18,30,1,Simulated Ward 22
2694,1775,2023-09-27,201,3,Simulated Ward 24
3202,2106,2026-02-28,67,3,Simulated Ward 01
1046,687,2025-06-23,192,3,Simulated Ward 11
247,159,2024-06-06,13,3,Simulated Ward 08
631,416,2023-10-22,46,3,Simulated Ward 13
4338,2854,2025-02-15,30,3,Simulated Ward 16
4646,3062,2025-09-24,80,3,Simulated Ward 01
29,17,2025-02-10,153,1,Simulated Ward 21
922,604,2023-09-09,44,3,Simulated Ward 24
1740,1136,2026-05-14,89,3,Simulated Ward 01
3214,2117,2024-01-16,131,3,Simulated Ward 02
4299,2829,2025-09-17,31,1,Simulated Ward 23
4410,2903,2023-10-23,43,3,Simulated Ward 22
295,191,2025-08-11,40,3,Simulated Ward 25
554,360,2023-10-02,38,3,Simulated Ward 16
4167,2740,2025-03-23,697,3,Simulated Ward 12
4384,2887,2025-12-07,211,3,Simulated Ward 11
1887,1230,2025-05-14,11,3,Simulated Ward 01
4190,2756,2023-12-22,15,3,Simulated Ward 16
885,580,2024-08-17,32,3,Simulated Ward 16
1305,855,2024-06-29,344,3,Simulated Ward 16
1775,1160,2024-09-25,113,3,Simulated Ward 06
46,27,2024-07-05,285,3,Simulated Ward 05
878,576,2024-12-12,370,3,Simulated Ward 21
4610,3038,2026-04-28,109,3,Simulated Ward 16
3702,2436,2024-04-06,24,3,Simulated Ward 10
2119,1387,2026-06-17,18,1,Simulated Ward 19
3130,2057,2025-10-14,51,3,Simulated Ward 08
4775,3144,2025-10-04,33,3,Simulated Ward 23
399,259,2024-02-20,166,1,Simulated Ward 10
3432,2261,2026-05-23,37,3,Simulated Ward 16
2635,1736,2024-03-29,92,3,Simulated Ward 22
655,429,2025-10-29,30,3,Simulated Ward 01
3541,2333,2025-06-10,166,3,Simulated Ward 17
4140,2722,2024-10-22,150,3,Simulated Ward 12
1614,1056,2026-06-22,135,3,Simulated Ward 13
3766,2475,2026-07-26,118,1,Simulated Ward 18
1423,932,2023-11-22,31,3,Simulated Ward 08
3105,2040,2023-07-11,97,3,Simulated Ward 22
2349,1546,2024-08-07,202,3,Simulated Ward 10
3993,2625,2025-09-15,16,3,Simulated Ward 04
1914,1249,2024-12-01,91,3,Simulated Ward 25
1405,920,2025-06-27,109,3,Simulated Ward 19
4709,3104,2025-04-09,16,3,Simulated Ward 04
2817,1854,2024-05-03,36,3,Simulated Ward 18
3508,2313,2023-11-09,42,3,Simulated Ward 03
2650,1745,2026-01-17,96,3,Simulated Ward 16
303,196,2025-09-06,134,2,Simulated Ward 03
3641,2398,2023-12-14,95,3,Simulated Ward 03
4415,2908,2023-08-20,55,3,Simulated Ward 01
2022,1323,2026-04-24,17,3,Simulated Ward 18
2737,1804,2023-11-05,14,3,Simulated Ward 16
2780,1833,2026-04-03,47,3,Simulated Ward 04
4713,3106,2025-03-13,284,3,Simulated Ward 06
3843,2523,2023-09-24,305,3,Simulated Ward 08
943,618,2025-11-05,363,3,Simulated Ward 12
121,77,2023-10-19,19,3,Simulated Ward 19
4979,3282,2025-10-08,37,3,Simulated Ward 19
1331,870,2025-03-14,99,3,Simulated Ward 12
1448,947,2024-07-03,14,3,Simulated Ward 06
1754,1145,2025-06-29,345,3,Simulated Ward 12
1023,674,2024-01-31,30,3,Simulated Ward 08
1016,670,2025-06-30,346,3,Simulated Ward 13
5171,3415,2024-10-22,155,3,Simulated Ward 19
1399,915,2024-09-05,20,3,Simulated Ward 09
4124,2709,2026-08-14,105,1,Simulated Ward 15
604,395,2024-12-03,248,3,Simulated Ward 11
2362,1553,2026-03-07,24,3,Simulated Ward 15
2757,1818,2026-09-15,227,3,Simulated Ward 19
4834,3185,2024-07-10,22,3,Simulated Ward 01
294,190,2025-05-08,16,3,Simulated Ward 18
5194,3429,2026-07-19,188,3,Simulated Ward 25
815,535,2025-12-09,38,1,Simulated Ward 07
1382,903,2025-10-26,139,3,Simulated Ward 22
2606,1720,2025-03-25,14,3,Simulated Ward 16
5152,3401,2025-04-26,54,3,Simulated Ward 22
3275,2156,2023-08-25,42,3,Simulated Ward 02
3339,2197,2024-12-22,80,3,Simulated Ward 13
4123,2708,2025-08-30,44,3,Simulated Ward 12
4002,2631,2025-07-25,91,3,Simulated Ward 05
4441,2928,2023-08-13,33,3,Simulated Ward 04
5180,3420,2025-12-30,66,3,Simulated Ward 01
4989,3290,2025-01-02,80,2,Simulated Ward 24
1566,1026,2024-06-08,16,3,Simulated Ward 22
3717,2445,2025-08-26,231,3,Simulated Ward 15
551,358,2025-03-30,17,3,Simulated Ward 14
3809,2501,2026-06-11,303,3,Simulated Ward 03
1495,978,2025-12-13,19,3,Simulated Ward 21
1009,665,2023-07-06,32,3,Simulated Ward 23
260,168,2025-07-02,92,3,Simulated Ward 25
4228,2783,2024-08-27,51,3,Simulated Ward 15
3577,2358,2024-11-02,16,1,Simulated Ward 11
3937,2587,2023-07-14,13,1,Simulated Ward 15
146,95,2023-10-17,12,3,Simulated Ward 16
3703,2437,2025-09-21,48,3,Simulated Ward 10
1927,1257,2025-11-22,155,3,Simulated Ward 06
3050,2005,2025-03-18,126,3,Simulated Ward 03
5204,3436,2025-11-22,18,3,Simulated Ward 19
3091,2031,2023-08-22,194,1,Simulated Ward 17
4072,2678,2024-01-14,72,3,Simulated Ward 03
372,241,2024-06-22,10,3,Simulated Ward 07
1163,761,2023-11-10,94,1,Simulated Ward 09
1842,1203,2025-09-11,43,1,Simulated Ward 12
3848,2526,2023-06-22,15,3,Simulated Ward 21
3772,2480,2024-07-16,47,1,Simulated Ward 02
864,566,2025-04-19,39,3,Simulated Ward 02
3395,2236,2024-08-08,16,1,Simulated Ward 08
3256,2145,2024-07-27,10,3,Simulated Ward 22
4193,2758,2024-08-22,10,1,Simulated Ward 18
830,544,2025-11-09,19,3,Simulated Ward 19
3658,2409,2024-10-17,23,3,Simulated Ward 08
4878,3215,2025-12-02,136,3,Simulated Ward 20
4576,3017,2026-07-02,12,3,Simulated Ward 06
1085,711,2024-12-18,128,3,Simulated Ward 19
1039,682,2024-01-10,122,3,Simulated Ward 20
2875,1890,2025-02-04,44,3,Simulated Ward 04
3608,2378,2025-11-24,256,3,Simulated Ward 12
2325,1530,2024-09-23,361,1,Simulated Ward 11
1686,1101,2023-09-08,133,3,Simulated Ward 20
4525,2984,2025-11-05,17,3,Simulated Ward 19
4581,3020,2024-03-14,97,3,Simulated Ward 23
2236,1470,2025-02-25,88,3,Simulated Ward 25
3669,2415,2024-07-07,48,3,Simulated Ward 04
1290,844,2024-05-17,207,3,Simulated Ward 01
5010,3305,2023-08-28,79,3,Simulated Ward 11
750,492,2023-08-28,218,3,Simulated Ward 23
4218,2775,2024-09-24,16,3,Simulated Ward 05
910,595,2025-09-13,36,3,Simulated Ward 18
538,350,2024-05-02,26,1,Simulated Ward 18
78,48,2025-05-20,118,3,Simulated Ward 19
2234,1468,2024-08-02,354,3,Simulated Ward 02
5188,3426,2025-11-24,59,3,Simulated Ward 22
3782,2487,2026-09-22,63,1,Simulated Ward 18
1883,1228,2023-11-05,10,3,Simulated Ward 09
2594,1714,2025-02-12,26,3,Simulated Ward 14
4678,3082,2023-10-15,10,3,Simulated Ward 19
1993,1304,2023-09-09,137,3,Simulated Ward 18
2680,1766,2024-10-19,71,3,Simulated Ward 13
139,90,2026-02-23,171,3,Simulated Ward 12
151,97,2026-06-24,697,1,Simulated Ward 24
4850,3195,2023-08-24,201,3,Simulated Ward 02
801,524,2025-10-13,32,3,Simulated Ward 24
2058,1345,2024-02-05,44,1,Simulated Ward 08
4705,3102,2024-08-08,303,3,Simulated Ward 06
3739,2458,2026-09-05,30,3,Simulated Ward 24
4089,2686,2025-08-27,18,3,Simulated Ward 12
2263,1487,2023-08-18,17,3,Simulated Ward 09
1457,952,2026-03-18,30,3,Simulated Ward 16
1376,899,2025-04-16,97,3,Simulated Ward 11
2604,1719,2025-11-11,10,3,Simulated Ward 20
2225,1462,2024-05-20,45,3,Simulated Ward 06
1332,871,2024-10-17,11,3,Simulated Ward 08
2365,1555,2023-07-01,12,3,Simulated Ward 21
5003,3301,2023-07-28,227,3,Simulated Ward 16
3107,2041,2023-11-20,19,1,Simulated Ward 07
2430,1600,2026-01-15,38,3,Simulated Ward 19
2016,1318,2023-08-26,176,3,Simulated Ward 20
4837,3186,2024-11-07,64,3,Simulated Ward 24
4035,2652,2026-05-01,370,3,Simulated Ward 22
214,137,2026-02-21,72,3,Simulated Ward 02
3712,2442,2025-12-24,48,3,Simulated Ward 04
3976,2614,2024-03-14,18,3,Simulated Ward 19
4978,3282,2024-11-24,37,3,Simulated Ward 19
4780,3148,2026-01-12,27,3,Simulated Ward 23
20,13,2024-03-05,18,3,Simulated Ward 20
308,199,2024-06-29,130,3,Simulated Ward 25
4104,2696,2025-08-14,158,3,Simulated Ward 04
5014,3308,2024-08-21,83,3,Simulated Ward 16
1569,1027,2024-05-01,169,3,Simulated Ward 22
2945,1936,2026-05-05,49,3,Simulated Ward 23
4393,2893,2025-04-10,47,3,Simulated Ward 08
960,631,2024-09-06,78,3,Simulated Ward 03
618,405,2026-03-31,37,3,Simulated Ward 15
4608,3037,2025-12-06,53,3,Simulated Ward 02
2955,1944,2026-03-20,16,3,Simulated Ward 18
3684,2424,2023-09-28,76,3,Simulated Ward 25
2759,1820,2024-01-04,178,3,Simulated Ward 02
3293,2168,2023-12-02,19,3,Simulated Ward 02
3645,2400,2024-12-18,107,3,Simulated Ward 04
4044,2657,2024-12-19,36,3,Simulated Ward 21
3481,2295,2023-11-02,42,3,Simulated Ward 09
693,454,2023-09-16,269,1,Simulated Ward 08
656,430,2024-11-20,112,3,Simulated Ward 11
103,66,2026-04-12,349,3,Simulated Ward 01
66,40,2024-12-10,138,1,Simulated Ward 12
1167,764,2024-11-29,78,3,Simulated Ward 15
2825,1859,2025-10-17,12,3,Simulated Ward 12
1266,827,2025-01-28,41,3,Simulated Ward 02
2200,1446,2025-08-15,61,3,Simulated Ward 14
630,415,2024-03-21,110,3,Simulated Ward 21
5186,3424,2026-06-22,77,3,Simulated Ward 03
1036,680,2025-04-30,48,3,Simulated Ward 06
4552,3002,2024-09-17,96,3,Simulated Ward 23
4192,2757,2025-01-02,11,3,Simulated Ward 11
4064,2672,2024-01-08,20,3,Simulated Ward 08
1515,992,2024-01-29,124,3,Simulated Ward 12
2181,1431,2026-09-10,101,3,Simulated Ward 09
3971,2610,2023-10-22,29,3,Simulated Ward 07
2553,1685,2023-12-04,31,3,Simulated Ward 03
1535,1004,2023-10-15,394,3,Simulated Ward 05
3025,1990,2025-07-21,132,3,Simulated Ward 12
2455,1620,2025-02-18,56,3,Simulated Ward 03
5017,3310,2024-04-04,40,3,Simulated Ward 07
4893,3223,2024-04-05,43,3,Simulated Ward 17
2976,1957,2024-12-05,33,3,Simulated Ward 02
1613,1056,2023-11-21,135,3,Simulated Ward 13
4359,2868,2026-07-06,23,3,Simulated Ward 10
1728,1128,2024-11-15,61,1,Simulated Ward 18
2576,1699,2024-03-23,18,3,Simulated Ward 04
3347,2202,2024-06-30,20,3,Simulated Ward 13
4474,2954,2025-09-18,71,2,Simulated Ward 21
5121,3383,2026-04-06,12,1,Simulated Ward 03
1658,1084,2025-09-27,18,3,Simulated Ward 09
3856,2531,2026-06-27,15,3,Simulated Ward 12
3103,2038,2025-02-20,10,3,Simulated Ward 17
626,412,2025-07-26,146,3,Simulated Ward 09
1321,864,2024-05-12,15,3,Simulated Ward 24
599,391,2024-02-02,218,3,Simulated Ward 04
2303,1515,2024-06-01,47,3,Simulated Ward 09
3604,2376,2024-02-24,23,3,Simulated Ward 20
2171,1423,2026-09-13,71,3,Simulated Ward 13
4619,3044,2023-10-22,99,3,Simulated Ward 12
176,114,2025-02-07,58,3,Simulated Ward 02
5077,3351,2024-01-12,374,3,Simulated Ward 14
1906,1245,2026-02-23,45,3,Simulated Ward 04
4267,2809,2023-08-16,80,3,Simulated Ward 06
4926,3247,2023-08-23,30,3,Simulated Ward 17
2197,1445,2024-04-12,63,3,Simulated Ward 18
4965,3273,2024-11-28,30,3,Simulated Ward 11
2537,1674,2025-05-18,29,3,Simulated Ward 25
3879,2548,2025-12-01,127,3,Simulated Ward 22
863,565,2024-07-15,44,3,Simulated Ward 10
4013,2638,2023-12-08,84,3,Simulated Ward 18
1028,677,2024-03-18,177,3,Simulated Ward 20
3233,2129,2023-12-19,83,3,Simulated Ward 03
609,399,2023-08-06,106,3,Simulated Ward 22
827,543,2024-05-23,44,2,Simulated Ward 02
1235,808,2024-07-29,38,3,Simulated Ward 02
4329,2849,2024-09-27,19,3,Simulated Ward 05
2854,1876,2025-09-20,31,3,Simulated Ward 09
4741,3124,2026-06-13,280,3,Simulated Ward 03
720,469,2024-02-21,19,3,Simulated Ward 17
3002,1973,2026-06-05,227,3,Simulated Ward 15
1320,864,2023-06-09,15,3,Simulated Ward 24
5196,3431,2025-04-17,140,3,Simulated Ward 02
1370,896,2025-04-09,160,3,Simulated Ward 25
939,616,2023-11-13,12,3,Simulated Ward 08
1843,1204,2026-03-15,71,3,Simulated Ward 22
3262,2149,2025-11-20,28,3,Simulated Ward 13
244,156,2024-11-03,17,3,Simulated Ward 08
4513,2977,2026-05-11,45,3,Simulated Ward 01
4169,2741,2025-05-29,123,3,Simulated Ward 09
4881,3217,2025-12-18,14,3,Simulated Ward 18
2762,1822,2024-11-08,30,3,Simulated Ward 22
1207,788,2025-11-23,61,3,Simulated Ward 15
3158,2076,2024-01-03,122,3,Simulated Ward 08
2098,1375,2026-07-18,12,3,Simulated Ward 08
2106,1379,2024-04-24,234,3,Simulated Ward 06
1361,890,2025-11-03,10,3,Simulated Ward 17
2925,1922,2025-08-10,59,3,Simulated Ward 20
3198,2103,2026-05-24,199,3,Simulated Ward 11
803,525,2026-04-26,37,3,Simulated Ward 19
1771,1157,2024-08-13,28,3,Simulated Ward 10
451,292,2025-03-26,10,3,Simulated Ward 03
1380,901,2026-01-06,38,3,Simulated Ward 16
2773,1829,2025-10-15,72,3,Simulated Ward 21
1487,971,2024-03-14,168,3,Simulated Ward 03
4131,2714,2023-07-28,91,3,Simulated Ward 16
1334,873,2023-08-27,174,3,Simulated Ward 22
2645,1743,2025-07-07,169,3,Simulated Ward 03
1379,901,2025-06-14,38,3,Simulated Ward 16
4969,3276,2024-06-11,197,3,Simulated Ward 22
36,21,2023-12-21,40,3,Simulated Ward 02
3260,2147,2025-07-24,19,3,Simulated Ward 25
651,427,2024-08-14,324,3,Simulated Ward 11
2483,1639,2023-08-24,338,3,Simulated Ward 09
2801,1846,2025-04-24,26,3,Simulated Ward 18
4463,2945,2023-12-26,32,3,Simulated Ward 02
2131,1395,2025-02-15,15,3,Simulated Ward 19
1621,1061,2024-12-12,81,3,Simulated Ward 22
1532,1003,2023-10-26,35,3,Simulated Ward 06
1615,1057,2024-11-03,306,3,Simulated Ward 06
5236,3460,2025-12-30,152,3,Simulated Ward 21
5179,3419,2025-06-30,89,3,Simulated Ward 20
2019,1320,2025-03-04,266,3,Simulated Ward 10
1929,1258,2024-01-16,277,3,Simulated Ward 20
5288,3493,2026-03-14,19,3,Simulated Ward 16
5277,3486,2024-11-27,24,3,Simulated Ward 09
1108,725,2024-05-27,30,3,Simulated Ward 16
4920,3242,2026-05-15,310,3,Simulated Ward 07
26,15,2026-07-22,14,3,Simulated Ward 21
2148,1407,2024-02-05,38,3,Simulated Ward 17
4622,3046,2025-07-11,95,3,Simulated Ward 15
2770,1827,2025-01-14,29,3,Simulated Ward 15
2611,1723,2025-08-01,74,3,Simulated Ward 10
3975,2613,2023-09-20,29,3,Simulated Ward 05
619,406,2026-09-17,281,3,Simulated Ward 09
2960,1948,2024-07-15,58,3,Simulated Ward 12
2340,1540,2025-09-15,255,3,Simulated Ward 15
2750,1813,2025-06-05,22,3,Simulated Ward 13
4411,2904,2023-12-12,165,3,Simulated Ward 12
1638,1070,2024-12-08,88,3,Simulated Ward 17
5038,3324,2026-08-10,189,3,Simulated Ward 11
4276,2814,2025-05-20,373,3,Simulated Ward 10
1977,1292,2024-10-18,162,3,Simulated Ward 18
4681,3084,2026-04-16,109,3,Simulated Ward 15
5243,3463,2026-08-16,220,0,Simulated Ward 04
394,254,2024-05-07,75,3,Simulated Ward 21
2995,1969,2024-04-18,88,3,Simulated Ward 04
2317,1525,2026-09-08,40,1,Simulated Ward 18
1150,752,2026-08-28,32,3,Simulated Ward 19
824,541,2024-06-01,164,3,Simulated Ward 17
4858,3200,2025-07-17,15,3,Simulated Ward 03
2194,1442,2024-05-21,39,3,Simulated Ward 07
3415,2250,2025-12-19,18,3,Simulated Ward 05
4894,3224,2026-06-18,24,3,Simulated Ward 17
2305,1517,2023-10-29,49,3,Simulated Ward 18
1005,662,2024-12-23,34,3,Simulated Ward 01
5126,3385,2024-10-31,32,3,Simulated Ward 05
868,569,2025-12-01,108,3,Simulated Ward 03
730,477,2024-10-08,23,3,Simulated Ward 14
1374,898,2026-01-26,28,3,Simulated Ward 21
1024,675,2024-06-07,88,3,Simulated Ward 20
1409,922,2026-07-01,74,3,Simulated Ward 21
5252,3470,2025-02-13,83,3,Simulated Ward 12
1171,767,2026-08-09,305,3,Simulated Ward 17
365,236,2025-03-03,144,3,Simulated Ward 22
1959,1280,2026-03-30,66,3,Simulated Ward 03
3073,2020,2024-03-20,165,3,Simulated Ward 15
1610,1053,2024-01-21,18,3,Simulated Ward 02
4871,3210,2026-09-10,30,3,Simulated Ward 02
3122,2052,2026-02-11,17,3,Simulated Ward 23
963,632,2026-06-18,86,3,Simulated Ward 22
5087,3357,2024-12-23,76,3,Simulated Ward 04
184,119,2025-10-17,18,1,Simulated Ward 06
4136,2719,2025-02-16,334,1,Simulated Ward 23
3540,2333,2023-12-04,166,1,Simulated Ward 17
5005,3302,2024-11-27,167,3,Simulated Ward 25
1118,731,2025-09-29,44,3,Simulated Ward 07
1479,966,2025-04-03,49,3,Simulated Ward 04
3842,2522,2026-06-14,278,3,Simulated Ward 16
539,351,2024-06-29,67,3,Simulated Ward 01
4800,3163,2024-09-10,11,3,Simulated Ward 01
293,189,2026-01-11,36,3,Simulated Ward 15
3560,2347,2025-04-19,72,3,Simulated Ward 03
1713,1118,2025-03-05,45,3,Simulated Ward 03
3779,2485,2025-06-02,58,3,Simulated Ward 01
4937,3256,2025-07-04,10,3,Simulated Ward 13
713,465,2024-09-10,32,3,Simulated Ward 18
323,209,2025-10-25,13,3,Simulated Ward 04
4510,2975,2026-08-17,145,3,Simulated Ward 24
3795,2494,2026-01-08,269,3,Simulated Ward 09
1599,1046,2024-01-31,17,3,Simulated Ward 11
4470,2951,2024-08-12,11,3,Simulated Ward 19
442,287,2023-10-25,20,3,Simulated Ward 18
544,353,2024-12-24,35,3,Simulated Ward 19
1939,1265,2026-07-04,82,3,Simulated Ward 16
3561,2348,2025-07-14,783,3,Simulated Ward 13
2371,1559,2024-02-18,192,3,Simulated Ward 24
1057,694,2023-12-08,94,3,Simulated Ward 20
3255,2144,2023-10-12,25,3,Simulated Ward 10
3598,2371,2025-11-06,309,3,Simulated Ward 18
1820,1191,2023-09-28,36,3,Simulated Ward 12
4342,2856,2023-08-31,91,3,Simulated Ward 03
3396,2236,2025-01-07,16,3,Simulated Ward 08
3516,2317,2024-08-26,84,3,Simulated Ward 01
212,136,2025-10-04,259,3,Simulated Ward 15
433,282,2023-08-31,123,3,Simulated Ward 04
82,52,2023-06-12,92,3,Simulated Ward 02
4906,3234,2024-08-15,118,3,Simulated Ward 15
4748,3128,2025-05-22,30,3,Simulated Ward 17
657,430,2025-07-08,112,3,Simulated Ward 11
5297,3498,2025-08-18,75,3,Simulated Ward 01
2883,1894,2023-12-12,43,3,Simulated Ward 08
4455,2939,2024-08-24,129,3,Simulated Ward 02
3191,2098,2025-12-10,38,1,Simulated Ward 12
566,367,2024-02-26,124,3,Simulated Ward 07
761,498,2025-03-14,54,3,Simulated Ward 02
2389,1574,2023-10-25,74,3,Simulated Ward 21
5215,3445,2023-08-08,31,3,Simulated Ward 04
3753,2467,2025-11-19,52,3,Simulated Ward 15
2808,1849,2025-05-20,225,3,Simulated Ward 05
2838,1866,2026-08-16,125,1,Simulated Ward 03
1661,1086,2024-06-22,44,3,Simulated Ward 02
2432,1602,2024-08-19,33,3,Simulated Ward 17
2191,1439,2025-12-19,145,3,Simulated Ward 02
4220,2776,2024-11-10,40,3,Simulated Ward 15
375,243,2024-02-03,138,3,Simulated Ward 15
4262,2805,2025-12-26,10,3,Simulated Ward 13
4809,3167,2024-05-31,36,1,Simulated Ward 03
934,612,2026-08-04,90,3,Simulated Ward 01
3053,2007,2025-06-25,82,3,Simulated Ward 03
541,352,2024-02-24,18,3,Simulated Ward 06
567,368,2025-04-25,18,3,Simulated Ward 18
4583,3021,2024-02-09,61,3,Simulated Ward 05
93,60,2026-06-10,25,3,Simulated Ward 09
2777,1831,2024-02-27,24,3,Simulated Ward 18
1076,706,2023-10-19,34,1,Simulated Ward 15
4424,2916,2025-10-07,10,3,Simulated Ward 05
605,396,2023-10-19,79,3,Simulated Ward 03
1239,810,2025-08-28,156,3,Simulated Ward 10
4394,2893,2026-07-24,47,3,Simulated Ward 08
4200,2764,2026-03-26,15,3,Simulated Ward 05
2160,1415,2023-07-06,77,1,Simulated Ward 12
2295,1509,2023-12-25,26,1,Simulated Ward 10
236,150,2023-12-31,24,3,Simulated Ward 20
3512,2315,2024-07-05,135,3,Simulated Ward 20
5240,3462,2024-09-21,10,3,Simulated Ward 14
2332,1535,2023-07-11,92,3,Simulated Ward 22
1478,966,2024-11-11,49,3,Simulated Ward 04
1957,1278,2026-09-17,15,3,Simulated Ward 13
2230,1465,2023-12-28,17,3,Simulated Ward 11
4624,3047,2026-09-24,168,3,Simulated Ward 21
3615,2382,2026-05-20,62,1,Simulated Ward 04
669,438,2023-11-02,21,3,Simulated Ward 19
819,537,2025-05-26,32,3,Simulated Ward 23
3539,2332,2025-01-13,232,3,Simulated Ward 03
4133,2716,2026-04-06,51,1,Simulated Ward 24
2547,1680,2025-08-21,16,3,Simulated Ward 08
2451,1618,2023-06-27,30,3,Simulated Ward 11
498,323,2024-04-19,10,3,Simulated Ward 17
1040,683,2026-06-09,270,3,Simulated Ward 21
2739,1806,2023-07-10,11,3,Simulated Ward 02
1579,1034,2024-07-07,27,1,Simulated Ward 13
5275,3484,2026-03-12,198,3,Simulated Ward 13
3404,2242,2026-04-24,184,3,Simulated Ward 05
4314,2839,2025-05-06,317,1,Simulated Ward 01
865,567,2025-06-04,75,1,Simulated Ward 02
1110,726,2023-08-11,398,3,Simulated Ward 03
3307,2176,2025-04-07,48,1,Simulated Ward 08
2551,1683,2024-10-03,347,1,Simulated Ward 07
4892,3223,2023-12-29,43,3,Simulated Ward 17
4983,3285,2023-06-20,16,3,Simulated Ward 16
114,73,2026-04-02,19,3,Simulated Ward 03
793,519,2025-11-07,10,2,Simulated Ward 13
813,533,2024-09-13,72,3,Simulated Ward 12
57,33,2025-07-09,45,3,Simulated Ward 19
1092,715,2025-06-22,10,1,Simulated Ward 06
4984,3286,2024-01-23,143,3,Simulated Ward 15
1554,1017,2025-12-03,75,3,Simulated Ward 16
3217,2118,2026-05-30,33,3,Simulated Ward 10
389,251,2026-05-23,25,3,Simulated Ward 20
3580,2359,2025-08-19,49,3,Simulated Ward 06
4627,3049,2025-01-19,74,3,Simulated Ward 12
347,225,2024-11-20,83,3,Simulated Ward 17
1172,768,2025-08-28,11,3,Simulated Ward 03
954,625,2024-02-16,13,3,Simulated Ward 03
1867,1219,2023-07-22,131,3,Simulated Ward 01
1140,745,2025-05-12,78,3,Simulated Ward 13
3719,2446,2024-03-19,17,3,Simulated Ward 08
193,125,2025-08-16,261,1,Simulated Ward 23
766,502,2024-08-27,18,3,Simulated Ward 10
2682,1768,2023-11-30,12,3,Simulated Ward 09
1302,852,2026-06-24,172,3,Simulated Ward 08
5125,3385,2024-07-11,32,3,Simulated Ward 05
2926,1922,2026-04-21,59,3,Simulated Ward 20
2660,1751,2024-09-22,295,3,Simulated Ward 05
1307,856,2024-11-15,14,3,Simulated Ward 15
1675,1096,2024-06-14,87,3,Simulated Ward 07
1866,1218,2023-08-11,360,0,Simulated Ward 09
2159,1414,2024-11-18,151,1,Simulated Ward 10
3445,2270,2025-12-29,163,3,Simulated Ward 14
4629,3050,2024-05-30,645,3,Simulated Ward 21
3681,2422,2023-07-02,81,3,Simulated Ward 01
2338,1539,2025-06-15,99,3,Simulated Ward 08
300,194,2024-04-14,15,3,Simulated Ward 06
2924,1921,2026-05-26,12,3,Simulated Ward 11
2568,1693,2023-12-09,12,3,Simulated Ward 16
1561,1022,2026-05-27,63,3,Simulated Ward 15
1607,1051,2025-05-27,19,3,Simulated Ward 11
1529,1000,2023-11-29,14,3,Simulated Ward 12
4425,2917,2025-05-03,15,3,Simulated Ward 21
616,403,2026-01-29,24,3,Simulated Ward 04
3802,2498,2025-01-14,183,3,Simulated Ward 18
2007,1312,2026-05-02,30,3,Simulated Ward 22
1084,711,2023-08-26,128,3,Simulated Ward 19
1383,903,2026-03-23,139,3,Simulated Ward 22
2697,1776,2025-01-14,23,3,Simulated Ward 02
3832,2516,2024-01-18,34,2,Simulated Ward 03
2224,1462,2024-02-09,45,3,Simulated Ward 06
5108,3373,2025-05-28,81,3,Simulated Ward 23
1497,980,2024-11-25,52,3,Simulated Ward 05
324,210,2025-07-26,103,3,Simulated Ward 03
1463,955,2025-04-27,31,3,Simulated Ward 11
4764,3138,2026-08-02,120,3,Simulated Ward 13
2836,1865,2023-09-30,183,3,Simulated Ward 18
4931,3252,2023-12-18,637,3,Simulated Ward 22
1701,1110,2025-11-04,20,3,Simulated Ward 03
3911,2570,2024-05-04,14,1,Simulated Ward 16
2596,1715,2024-07-12,289,3,Simulated Ward 05
3740,2459,2023-06-25,75,3,Simulated Ward 25
2521,1665,2026-04-24,40,3,Simulated Ward 13
4791,3157,2024-06-20,12,3,Simulated Ward 05
2396,1578,2024-04-05,380,3,Simulated Ward 03
2632,1734,2025-11-10,140,3,Simulated Ward 05
3545,2336,2025-11-21,87,3,Simulated Ward 22
3225,2122,2024-10-03,80,3,Simulated Ward 15
714,466,2025-10-17,28,3,Simulated Ward 05
5073,3348,2025-10-29,10,3,Simulated Ward 18
286,184,2024-12-26,12,3,Simulated Ward 05
3757,2469,2023-11-28,19,3,Simulated Ward 09
1729,1129,2024-07-31,286,3,Simulated Ward 06
725,474,2023-12-24,334,3,Simulated Ward 24
3062,2013,2026-05-08,333,3,Simulated Ward 21
2108,1380,2026-02-12,376,3,Simulated Ward 09
4031,2650,2026-06-08,89,3,Simulated Ward 12
569,369,2024-03-11,137,3,Simulated Ward 24
673,441,2025-03-10,29,3,Simulated Ward 18
2626,1731,2025-10-12,10,3,Simulated Ward 05
381,247,2023-07-11,23,3,Simulated Ward 18
5034,3321,2026-05-05,91,3,Simulated Ward 01
4112,2702,2023-11-18,10,1,Simulated Ward 25
915,599,2024-03-25,11,3,Simulated Ward 04
4761,3136,2023-12-13,352,3,Simulated Ward 23
71,44,2025-10-24,26,3,Simulated Ward 24
901,590,2025-07-04,21,2,Simulated Ward 20
4742,3125,2023-08-25,167,3,Simulated Ward 19
3520,2319,2026-05-19,297,0,Simulated Ward 24
4034,2652,2026-03-30,370,3,Simulated Ward 22
3391,2233,2023-09-30,31,3,Simulated Ward 14
757,495,2025-10-29,19,3,Simulated Ward 24
2232,1466,2025-08-06,41,3,Simulated Ward 21
3358,2210,2024-02-28,16,3,Simulated Ward 03
4297,2828,2023-12-17,317,3,Simulated Ward 03
4371,2879,2025-11-12,54,3,Simulated Ward 20
3291,2167,2024-05-14,33,3,Simulated Ward 02
1176,770,2024-07-17,77,1,Simulated Ward 02
3686,2425,2024-07-13,139,3,Simulated Ward 03
1243,812,2025-06-03,40,3,Simulated Ward 17
2072,1355,2025-07-11,65,1,Simulated Ward 07
4310,2836,2023-11-26,20,3,Simulated Ward 20
3292,2167,2026-07-28,33,3,Simulated Ward 02
3893,2558,2026-02-27,21,3,Simulated Ward 05
699,457,2024-12-15,97,3,Simulated Ward 12
992,652,2025-11-07,362,3,Simulated Ward 22
1352,885,2025-11-19,274,3,Simulated Ward 18
2852,1874,2026-02-25,154,3,Simulated Ward 02
225,144,2025-04-02,12,3,Simulated Ward 07
3817,2505,2023-09-19,176,3,Simulated Ward 20
1671,1093,2025-09-27,42,3,Simulated Ward 14
4309,2835,2025-02-05,26,3,Simulated Ward 24
2544,1678,2024-09-01,32,3,Simulated Ward 08
2519,1663,2024-12-03,13,3,Simulated Ward 17
2765,1824,2024-11-09,19,3,Simulated Ward 07
1715,1119,2023-10-29,19,3,Simulated Ward 19
4067,2675,2024-08-24,15,3,Simulated Ward 19
1537,1005,2024-08-01,382,3,Simulated Ward 06
2145,1404,2026-01-26,13,3,Simulated Ward 01
621,408,2024-04-10,37,3,Simulated Ward 15
1052,691,2024-02-17,129,3,Simulated Ward 10
2047,1339,2026-04-09,132,3,Simulated Ward 11
1999,1307,2025-03-26,62,3,Simulated Ward 15
5192,3428,2026-01-08,31,3,Simulated Ward 07
3751,2466,2024-05-10,14,3,Simulated Ward 10
1071,703,2024-06-12,62,3,Simulated Ward 07
3248,2138,2025-12-13,120,3,Simulated Ward 05
2209,1452,2026-02-10,147,3,Simulated Ward 14
2922,1920,2026-07-11,258,3,Simulated Ward 15
2151,1408,2025-03-09,312,3,Simulated Ward 14
2652,1747,2024-01-24,11,3,Simulated Ward 19
704,460,2023-11-13,15,3,Simulated Ward 24
3094,2032,2024-02-15,53,3,Simulated Ward 01
1378,900,2025-03-24,33,3,Simulated Ward 09
4606,3036,2023-07-29,39,3,Simulated Ward 13
3581,2360,2024-03-01,59,3,Simulated Ward 10
25,15,2024-07-22,14,3,Simulated Ward 21
2990,1966,2026-06-23,29,3,Simulated Ward 11
1375,899,2023-11-19,97,1,Simulated Ward 11
1215,794,2024-06-08,76,3,Simulated Ward 17
3211,2114,2023-11-25,15,3,Simulated Ward 15
1095,717,2024-11-07,10,3,Simulated Ward 17
3932,2584,2023-07-12,38,3,Simulated Ward 08
3699,2433,2026-05-25,36,3,Simulated Ward 19
3829,2513,2025-04-06,94,3,Simulated Ward 16
4702,3100,2023-10-05,258,3,Simulated Ward 19
1404,919,2024-09-17,54,3,Simulated Ward 09
92,60,2024-04-08,25,3,Simulated Ward 09
4790,3156,2024-11-11,201,3,Simulated Ward 22
2509,1657,2024-03-12,19,3,Simulated Ward 11
607,398,2025-07-08,13,3,Simulated Ward 13
2795,1842,2026-03-22,391,3,Simulated Ward 11
1832,1198,2023-09-20,37,1,Simulated Ward 20
2221,1459,2026-04-01,29,3,Simulated Ward 13
3651,2403,2026-02-14,40,3,Simulated Ward 04
3031,1994,2024-04-13,12,3,Simulated Ward 02
1877,1225,2024-03-18,130,3,Simulated Ward 16
3268,2152,2025-04-09,202,3,Simulated Ward 03
361,234,2025-08-15,24,3,Simulated Ward 07
3953,2598,2025-03-21,38,3,Simulated Ward 20
2871,1887,2026-01-08,15,3,Simulated Ward 06
2461,1624,2024-04-19,370,1,Simulated Ward 17
2257,1483,2025-11-23,31,3,Simulated Ward 07
2891,1899,2024-12-25,19,3,Simulated Ward 14
4680,3084,2025-07-02,109,3,Simulated Ward 15
4833,3184,2026-03-15,282,3,Simulated Ward 25
3840,2522,2024-07-15,278,3,Simulated Ward 16
489,317,2024-01-24,213,3,Simulated Ward 18
4429,2920,2023-10-06,396,3,Simulated Ward 09
4982,3284,2026-07-31,82,3,Simulated Ward 02
3706,2439,2025-08-19,202,3,Simulated Ward 21
257,166,2025-07-11,393,3,Simulated Ward 04
4442,2929,2025-11-03,112,3,Simulated Ward 23
3156,2074,2026-06-20,10,0,Simulated Ward 01
2782,1834,2025-06-09,45,3,Simulated Ward 01
317,205,2026-05-30,12,3,Simulated Ward 16
250,161,2025-08-14,11,3,Simulated Ward 16
4861,3202,2024-05-21,64,3,Simulated Ward 05
4471,2951,2025-05-02,11,3,Simulated Ward 19
2907,1909,2025-03-08,297,3,Simulated Ward 05
2086,1366,2025-09-05,28,3,Simulated Ward 07
900,589,2025-10-02,16,3,Simulated Ward 10
1540,1008,2025-11-14,49,3,Simulated Ward 21
684,448,2023-06-12,74,3,Simulated Ward 02
3849,2527,2026-03-25,16,1,Simulated Ward 10
1186,776,2025-10-13,33,3,Simulated Ward 16
3907,2567,2025-06-16,18,3,Simulated Ward 16
3309,2177,2024-10-21,66,3,Simulated Ward 21
4028,2648,2024-05-23,113,3,Simulated Ward 07
475,307,2025-09-06,33,3,Simulated Ward 23
2064,1349,2024-02-29,12,3,Simulated Ward 17
1323,865,2026-01-10,139,3,Simulated Ward 04
4877,3214,2023-06-16,90,3,Simulated Ward 24
3984,2620,2024-11-08,180,3,Simulated Ward 17
4907,3234,2025-04-14,118,3,Simulated Ward 15
2623,1730,2026-06-25,17,1,Simulated Ward 21
2514,1661,2024-06-14,172,1,Simulated Ward 15
2583,1705,2025-02-03,16,3,Simulated Ward 05
1242,812,2024-02-05,40,3,Simulated Ward 17
2569,1694,2025-01-10,63,3,Simulated Ward 02
2792,1840,2026-07-22,62,1,Simulated Ward 03
3695,2431,2023-08-10,18,3,Simulated Ward 16
1219,797,2024-06-25,215,3,Simulated Ward 03
3435,2263,2023-10-31,258,3,Simulated Ward 01
4826,3180,2023-06-10,41,1,Simulated Ward 24
1922,1253,2024-11-12,28,3,Simulated Ward 24
5266,3478,2023-11-03,47,3,Simulated Ward 21
2938,1930,2024-01-27,159,0,Simulated Ward 12
4968,3275,2026-08-21,63,3,Simulated Ward 17
2985,1963,2024-12-15,23,3,Simulated Ward 19
2382,1567,2024-06-22,144,3,Simulated Ward 13
5273,3483,2024-04-25,94,3,Simulated Ward 25
4630,3051,2023-06-07,33,3,Simulated Ward 13
775,507,2026-07-14,356,3,Simulated Ward 08
410,266,2025-05-13,13,3,Simulated Ward 19
1910,1248,2024-01-16,186,3,Simulated Ward 21
2021,1322,2026-05-13,18,3,Simulated Ward 04
3973,2611,2024-07-18,153,3,Simulated Ward 13
1692,1105,2025-01-02,43,3,Simulated Ward 13
1723,1125,2023-06-21,46,3,Simulated Ward 18
4014,2639,2026-04-19,71,3,Simulated Ward 13
1032,679,2023-08-16,82,3,Simulated Ward 05
2917,1917,2024-08-30,51,3,Simulated Ward 13
4690,3092,2025-02-20,107,3,Simulated Ward 11
613,401,2026-06-14,44,3,Simulated Ward 24
1263,826,2025-06-27,13,3,Simulated Ward 20
4030,2649,2025-03-22,21,3,Simulated Ward 11
2748,1812,2026-05-22,197,3,Simulated Ward 17
4787,3153,2025-06-03,10,3,Simulated Ward 05
862,564,2025-09-18,112,3,Simulated Ward 21
1732,1132,2024-04-13,52,3,Simulated Ward 13
1550,1015,2025-02-19,38,3,Simulated Ward 12
3169,2083,2025-10-23,135,3,Simulated Ward 17
2686,1770,2026-08-10,378,3,Simulated Ward 18
881,577,2023-10-17,18,3,Simulated Ward 17
4731,3118,2025-12-26,10,3,Simulated Ward 09
3313,2180,2023-11-05,64,3,Simulated Ward 20
4046,2658,2025-05-06,12,1,Simulated Ward 25
859,562,2025-09-06,144,3,Simulated Ward 12
5189,3426,2026-09-16,59,3,Simulated Ward 22
4914,3238,2026-08-04,12,1,Simulated Ward 05
2116,1385,2025-12-22,162,3,Simulated Ward 05
2494,1647,2024-06-01,162,3,Simulated Ward 19
3736,2457,2025-04-02,31,3,Simulated Ward 14
1476,964,2024-01-24,18,1,Simulated Ward 16
5181,3421,2024-04-27,18,1,Simulated Ward 16
3923,2578,2024-08-13,15,3,Simulated Ward 22
3825,2510,2026-08-22,14,3,Simulated Ward 06
2386,1571,2026-04-29,17,3,Simulated Ward 19
790,518,2025-01-15,40,3,Simulated Ward 12
5036,3323,2023-12-30,19,3,Simulated Ward 16
3282,2160,2024-01-23,13,3,Simulated Ward 07
3630,2391,2024-05-14,37,3,Simulated Ward 21
1155,756,2023-08-21,157,3,Simulated Ward 04
4666,3074,2024-11-25,173,3,Simulated Ward 14
4730,3117,2025-04-19,78,3,Simulated Ward 16
104,67,2024-09-26,47,3,Simulated Ward 21
2605,1719,2026-05-05,10,3,Simulated Ward 20
3683,2423,2025-03-27,366,3,Simulated Ward 20
1821,1192,2026-09-12,22,3,Simulated Ward 09
2657,1750,2025-01-23,130,3,Simulated Ward 13
1438,940,2026-08-26,31,3,Simulated Ward 06
1865,1217,2024-06-18,70,3,Simulated Ward 12
3098,2035,2023-06-09,40,3,Simulated Ward 10
3926,2580,2023-07-19,177,3,Simulated Ward 22
1783,1166,2026-07-15,85,3,Simulated Ward 15
2914,1914,2026-04-29,10,3,Simulated Ward 15
2168,1421,2025-09-15,56,3,Simulated Ward 02
4863,3204,2023-10-15,153,3,Simulated Ward 25
2459,1622,2026-07-18,144,3,Simulated Ward 03
2846,1870,2024-03-22,155,3,Simulated Ward 13
1366,893,2023-09-01,118,3,Simulated Ward 20
2121,1389,2023-09-09,104,3,Simulated Ward 06
516,335,2025-11-04,13,3,Simulated Ward 12
4843,3191,2024-12-03,71,3,Simulated Ward 21
4246,2795,2024-11-15,37,3,Simulated Ward 23
1903,1243,2025-07-06,329,3,Simulated Ward 22
4330,2849,2025-07-01,19,3,Simulated Ward 05
1585,1038,2025-11-04,47,1,Simulated Ward 03
743,488,2024-07-20,56,3,Simulated Ward 04
383,248,2025-05-13,46,3,Simulated Ward 23
3709,2441,2024-02-13,49,3,Simulated Ward 04
5051,3333,2026-04-19,18,3,Simulated Ward 16
2053,1342,2025-05-01,15,3,Simulated Ward 18
2300,1512,2025-09-21,39,3,Simulated Ward 17
2129,1394,2024-03-13,16,3,Simulated Ward 22
2572,1696,2025-08-21,13,3,Simulated Ward 19
262,169,2025-11-04,10,3,Simulated Ward 11
2433,1603,2025-11-23,336,3,Simulated Ward 14
4374,2882,2023-08-11,267,3,Simulated Ward 21
1594,1043,2025-12-15,119,1,Simulated Ward 08
4656,3068,2026-09-23,141,3,Simulated Ward 19
3398,2238,2023-08-28,38,1,Simulated Ward 01
852,558,2024-09-04,30,3,Simulated Ward 01
3632,2392,2023-08-31,18,3,Simulated Ward 14
799,523,2024-10-01,177,3,Simulated Ward 03
4290,2824,2025-02-04,126,3,Simulated Ward 25
311,201,2026-07-22,25,3,Simulated Ward 25
5175,3417,2024-02-26,164,3,Simulated Ward 04
3788,2491,2023-07-25,31,3,Simulated Ward 21
102,65,2025-05-16,25,3,Simulated Ward 19
3381,2226,2025-11-11,168,3,Simulated Ward 07
461,298,2025-07-05,13,3,Simulated Ward 01
4361,2870,2024-07-25,12,3,Simulated Ward 24
777,509,2023-10-17,43,3,Simulated Ward 08
4821,3176,2024-01-10,220,3,Simulated Ward 07
4050,2660,2025-06-04,30,3,Simulated Ward 09
1216,795,2025-10-28,99,3,Simulated Ward 08
3360,2211,2026-08-14,122,3,Simulated Ward 06
4486,2961,2025-03-14,94,3,Simulated Ward 08
2460,1623,2024-12-24,34,3,Simulated Ward 11
1247,815,2024-04-29,300,1,Simulated Ward 10
601,393,2024-01-20,155,3,Simulated Ward 13
3806,2500,2026-01-02,28,3,Simulated Ward 19
1063,698,2026-01-11,251,3,Simulated Ward 02
2254,1481,2025-03-24,18,3,Simulated Ward 10
4579,3019,2024-04-24,20,3,Simulated Ward 02
215,138,2023-09-23,353,3,Simulated Ward 15
2032,1330,2026-06-08,15,3,Simulated Ward 08
1153,754,2026-04-11,78,1,Simulated Ward 06
1444,944,2023-08-08,716,3,Simulated Ward 04
473,306,2025-10-02,151,1,Simulated Ward 24
2725,1796,2025-03-07,21,3,Simulated Ward 21
3723,2449,2025-02-25,33,3,Simulated Ward 19
3956,2600,2023-07-11,22,3,Simulated Ward 06
1612,1055,2026-08-01,235,3,Simulated Ward 01
574,372,2023-06-25,366,3,Simulated Ward 11
3343,2199,2025-09-17,338,3,Simulated Ward 12
1576,1033,2025-02-03,64,3,Simulated Ward 15
4412,2905,2024-12-21,35,3,Simulated Ward 03
3320,2184,2024-04-18,52,1,Simulated Ward 19
4617,3043,2024-02-13,70,3,Simulated Ward 15
4719,3109,2026-09-15,36,3,Simulated Ward 10
3587,2364,2026-03-20,30,3,Simulated Ward 23
1059,695,2025-08-12,56,3,Simulated Ward 06
3355,2208,2026-01-12,29,3,Simulated Ward 02
1974,1290,2024-03-20,114,3,Simulated Ward 05
3224,2122,2023-10-26,80,3,Simulated Ward 15
1800,1176,2025-09-16,166,1,Simulated Ward 18
1912,1248,2026-06-24,186,3,Simulated Ward 21
893,584,2025-09-13,75,3,Simulated Ward 13
3194,2100,2023-11-09,370,0,Simulated Ward 22
2916,1916,2024-07-24,65,3,Simulated Ward 23
589,383,2024-08-18,22,3,Simulated Ward 17
2207,1451,2023-12-05,160,1,Simulated Ward 13
2398,1579,2024-07-03,74,3,Simulated Ward 21
899,589,2025-04-05,16,3,Simulated Ward 10
855,560,2025-02-21,40,3,Simulated Ward 11
1916,1250,2025-05-17,36,3,Simulated Ward 09
1210,790,2025-05-28,52,3,Simulated Ward 09
810,530,2025-09-11,219,3,Simulated Ward 04
5191,3428,2025-06-17,31,3,Simulated Ward 07
1420,930,2026-01-15,177,3,Simulated Ward 10
2965,1951,2024-08-06,18,1,Simulated Ward 18
2245,1476,2024-08-03,13,3,Simulated Ward 09
198,128,2025-11-17,16,3,Simulated Ward 22
2323,1529,2026-03-09,22,3,Simulated Ward 03
5176,3417,2026-08-07,164,3,Simulated Ward 04
2708,1784,2026-01-27,55,3,Simulated Ward 09
4817,3172,2025-01-19,89,1,Simulated Ward 12
3800,2497,2025-10-10,89,3,Simulated Ward 19
3636,2394,2026-06-24,86,3,Simulated Ward 14
2364,1554,2026-09-07,26,3,Simulated Ward 25
89,57,2026-07-18,184,3,Simulated Ward 25
784,513,2026-08-02,35,3,Simulated Ward 13
4462,2944,2024-11-19,119,3,Simulated Ward 14
2402,1581,2026-07-21,379,1,Simulated Ward 02
3332,2191,2026-08-13,19,0,Simulated Ward 08
3912,2571,2023-08-25,19,1,Simulated Ward 16
4373,2881,2023-09-26,22,3,Simulated Ward 09
152,98,2024-08-06,46,3,Simulated Ward 17
1755,1146,2024-05-05,70,3,Simulated Ward 04
1984,1297,2025-11-18,208,3,Simulated Ward 23
3109,2042,2026-03-14,18,3,Simulated Ward 24
2439,1608,2026-06-11,18,3,Simulated Ward 11
1472,962,2024-02-10,62,3,Simulated Ward 24
5223,3450,2025-10-02,19,3,Simulated Ward 08
5274,3483,2025-10-03,94,3,Simulated Ward 25
1437,940,2024-06-27,31,1,Simulated Ward 06
2603,1718,2025-07-14,45,3,Simulated Ward 09
2656,1749,2025-06-17,40,3,Simulated Ward 22
4271,2811,2025-08-06,18,3,Simulated Ward 05
1482,968,2026-03-08,14,3,Simulated Ward 06
2214,1455,2025-09-16,82,3,Simulated Ward 20
2673,1760,2024-07-03,232,3,Simulated Ward 10
3311,2178,2026-08-05,31,3,Simulated Ward 14
898,588,2024-08-21,15,1,Simulated Ward 25
2791,1840,2025-12-07,62,1,Simulated Ward 03
1124,735,2025-08-12,465,3,Simulated Ward 13
1211,791,2023-10-04,11,3,Simulated Ward 02
2283,1501,2026-04-27,49,3,Simulated Ward 10
2256,1483,2024-11-29,31,3,Simulated Ward 07
1202,784,2025-02-21,205,3,Simulated Ward 17
2872,1888,2024-09-26,34,3,Simulated Ward 16
572,370,2026-03-13,142,3,Simulated Ward 23
1808,1183,2024-04-07,90,3,Simulated Ward 22
4650,3065,2025-10-22,49,3,Simulated Ward 06
1161,760,2025-04-29,15,1,Simulated Ward 20
560,363,2025-03-06,285,1,Simulated Ward 17
1419,929,2024-03-02,108,3,Simulated Ward 15
912,596,2024-10-10,40,3,Simulated Ward 17
3549,2340,2025-01-03,49,3,Simulated Ward 14
404,261,2026-07-04,342,3,Simulated Ward 18
4880,3216,2026-09-04,33,3,Simulated Ward 11
2870,1886,2024-12-06,13,3,Simulated Ward 17
2535,1673,2023-10-21,104,3,Simulated Ward 02
67,41,2026-01-13,18,3,Simulated Ward 19
4566,3010,2024-12-03,46,3,Simulated Ward 20
4782,3149,2024-10-15,43,3,Simulated Ward 25
2513,1660,2024-03-18,23,1,Simulated Ward 24
2983,1962,2026-01-10,61,3,Simulated Ward 04
4723,3112,2024-07-06,14,3,Simulated Ward 11
2397,1578,2026-04-26,380,1,Simulated Ward 03
3672,2417,2025-02-10,55,3,Simulated Ward 13
1635,1069,2025-10-23,37,3,Simulated Ward 20
1043,685,2026-09-13,90,3,Simulated Ward 10
552,359,2024-02-14,107,3,Simulated Ward 03
14,10,2026-06-14,15,3,Simulated Ward 02
4972,3279,2024-08-08,381,3,Simulated Ward 02
1271,830,2025-08-23,16,3,Simulated Ward 04
4607,3036,2026-04-23,39,1,Simulated Ward 13
2473,1632,2023-12-06,127,3,Simulated Ward 17
1230,804,2024-05-29,169,3,Simulated Ward 10
72,44,2026-04-09,26,3,Simulated Ward 24
8,7,2024-01-26,19,3,Simulated Ward 18
903,592,2024-03-26,46,3,Simulated Ward 13
3771,2479,2025-04-03,18,3,Simulated Ward 12
2962,1949,2024-10-05,30,3,Simulated Ward 05
5207,3439,2026-08-19,281,3,Simulated Ward 10
5096,3364,2024-04-20,55,3,Simulated Ward 01
3789,2491,2025-02-16,31,3,Simulated Ward 21
5201,3435,2025-09-26,26,3,Simulated Ward 16
3245,2136,2025-10-01,140,3,Simulated Ward 10
5103,3369,2024-06-17,53,3,Simulated Ward 15
3887,2553,2025-12-29,19,3,Simulated Ward 19
1267,828,2023-08-12,19,3,Simulated Ward 10
3048,2004,2025-12-30,48,3,Simulated Ward 25
4628,3050,2023-07-07,645,3,Simulated Ward 21
3960,2601,2025-05-22,14,1,Simulated Ward 23
1196,782,2024-09-11,97,3,Simulated Ward 19
252,162,2024-08-18,11,3,Simulated Ward 16
469,303,2025-12-13,48,3,Simulated Ward 05
3096,2034,2025-09-20,32,3,Simulated Ward 12
350,227,2025-05-18,203,3,Simulated Ward 20
4323,2844,2026-03-28,168,3,Simulated Ward 13
767,503,2025-07-03,89,3,Simulated Ward 13
5287,3492,2026-06-11,36,3,Simulated Ward 12
2373,1561,2025-02-12,142,3,Simulated Ward 21
503,326,2024-08-10,61,3,Simulated Ward 14
5086,3357,2023-08-29,76,3,Simulated Ward 04
1369,895,2026-06-28,101,3,Simulated Ward 06
417,271,2024-09-08,377,3,Simulated Ward 15
608,398,2025-08-16,13,3,Simulated Ward 13
4567,3010,2026-04-17,46,3,Simulated Ward 20
4261,2805,2025-05-25,10,3,Simulated Ward 13
4045,2658,2023-10-20,12,3,Simulated Ward 25
1952,1274,2025-02-23,86,3,Simulated Ward 15
4332,2851,2026-02-22,14,3,Simulated Ward 21
1007,664,2026-07-12,39,3,Simulated Ward 12
1344,879,2024-02-05,15,3,Simulated Ward 13
4158,2732,2026-08-25,259,3,Simulated Ward 11
3505,2311,2024-02-22,19,3,Simulated Ward 25
1432,938,2026-01-01,76,3,Simulated Ward 13
3852,2529,2025-12-22,198,3,Simulated Ward 15
2199,1446,2024-08-17,61,3,Simulated Ward 14
3475,2291,2025-10-27,38,3,Simulated Ward 14
1850,1208,2023-12-17,133,3,Simulated Ward 24
2299,1511,2025-11-20,15,3,Simulated Ward 10
4239,2790,2024-09-23,100,3,Simulated Ward 05
4739,3123,2023-09-16,16,3,Simulated Ward 07
1522,995,2025-08-08,14,3,Simulated Ward 19
629,414,2025-05-27,264,1,Simulated Ward 06
2689,1772,2026-09-12,82,1,Simulated Ward 22
918,601,2025-04-07,49,3,Simulated Ward 07
3921,2577,2024-05-23,157,3,Simulated Ward 15
1367,894,2025-03-07,11,3,Simulated Ward 25
1762,1150,2025-12-31,175,3,Simulated Ward 12
5032,3320,2025-10-17,28,3,Simulated Ward 21
4026,2647,2024-05-25,192,3,Simulated Ward 07
1353,886,2023-11-22,16,3,Simulated Ward 07
16,11,2026-01-09,51,3,Simulated Ward 22
2458,1622,2023-07-22,144,3,Simulated Ward 03
5282,3489,2025-03-30,241,3,Simulated Ward 25
5168,3413,2023-10-05,87,3,Simulated Ward 11
3449,2273,2023-11-09,147,1,Simulated Ward 09
674,442,2025-03-30,19,3,Simulated Ward 20
4563,3007,2025-10-23,23,3,Simulated Ward 16
2778,1832,2026-03-20,23,3,Simulated Ward 11
3618,2384,2026-05-27,65,3,Simulated Ward 09
518,336,2026-05-21,10,3,Simulated Ward 22
4625,3048,2026-01-09,135,3,Simulated Ward 06
470,304,2024-11-30,44,3,Simulated Ward 02
1994,1304,2024-01-23,137,3,Simulated Ward 18
4940,3257,2023-11-18,34,3,Simulated Ward 18
3029,1993,2024-06-26,125,3,Simulated Ward 16
5214,3444,2025-07-12,11,3,Simulated Ward 01
3420,2253,2026-09-15,21,3,Simulated Ward 04
2196,1444,2024-11-20,24,3,Simulated Ward 13
2004,1311,2026-07-17,42,3,Simulated Ward 03
343,222,2025-12-07,23,3,Simulated Ward 17
3350,2204,2024-09-11,104,3,Simulated Ward 06
3531,2327,2023-07-27,177,3,Simulated Ward 06
1101,721,2024-11-06,44,1,Simulated Ward 14
1573,1030,2025-09-16,348,3,Simulated Ward 20
2506,1655,2024-05-15,31,3,Simulated Ward 07
3012,1981,2024-03-20,21,3,Simulated Ward 10
707,462,2025-08-21,241,3,Simulated Ward 21
419,273,2023-11-14,202,2,Simulated Ward 16
2806,1848,2026-03-25,130,3,Simulated Ward 09
4751,3130,2025-02-12,315,3,Simulated Ward 03
3708,2440,2024-02-23,66,3,Simulated Ward 07
3638,2395,2023-10-21,62,3,Simulated Ward 04
4783,3150,2025-12-05,16,3,Simulated Ward 15
4060,2669,2026-03-27,14,3,Simulated Ward 21
4873,3212,2023-07-02,185,3,Simulated Ward 25
3987,2621,2026-09-11,235,3,Simulated Ward 15
1156,757,2025-09-06,39,3,Simulated Ward 19
1072,703,2025-09-01,62,3,Simulated Ward 07
230,147,2023-09-02,60,3,Simulated Ward 20
4251,2798,2023-08-04,85,3,Simulated Ward 25
3714,2443,2026-05-21,70,3,Simulated Ward 02
3412,2248,2023-07-11,118,3,Simulated Ward 17
3969,2608,2026-01-11,192,3,Simulated Ward 25
1120,732,2024-09-01,33,3,Simulated Ward 02
209,134,2025-05-06,19,3,Simulated Ward 09
5296,3497,2025-09-06,30,3,Simulated Ward 08
1880,1226,2026-01-23,18,1,Simulated Ward 24
2834,1864,2024-04-27,19,3,Simulated Ward 14
131,83,2026-04-06,92,3,Simulated Ward 01
4547,2998,2026-07-17,28,3,Simulated Ward 15
5185,3424,2024-01-17,77,3,Simulated Ward 03
821,539,2024-07-03,43,3,Simulated Ward 13
1856,1211,2026-04-02,19,3,Simulated Ward 01
4520,2982,2023-08-31,119,1,Simulated Ward 01
1152,754,2024-02-07,78,3,Simulated Ward 06
1868,1219,2025-08-23,131,3,Simulated Ward 01
2426,1598,2024-07-26,16,3,Simulated Ward 04
675,442,2025-09-26,19,3,Simulated Ward 20
1741,1137,2025-03-20,10,3,Simulated Ward 19
3187,2096,2025-01-06,333,3,Simulated Ward 23
1689,1103,2024-05-03,150,1,Simulated Ward 17
3290,2166,2025-11-06,133,3,Simulated Ward 12
279,180,2026-01-30,56,3,Simulated Ward 07
3945,2593,2024-11-01,237,3,Simulated Ward 01
2847,1871,2026-07-08,322,3,Simulated Ward 22
3316,2182,2024-07-31,78,3,Simulated Ward 01
2356,1549,2023-06-25,32,3,Simulated Ward 22
5081,3354,2026-03-20,11,3,Simulated Ward 11
3745,2462,2024-02-07,80,3,Simulated Ward 13
4801,3164,2024-11-07,18,3,Simulated Ward 17
1260,824,2025-09-16,18,3,Simulated Ward 21
4726,3114,2024-11-14,314,3,Simulated Ward 11
3988,2622,2025-12-28,14,3,Simulated Ward 13
1793,1173,2026-07-01,84,3,Simulated Ward 13
1734,1133,2026-06-24,48,3,Simulated Ward 17
3173,2086,2023-07-15,285,3,Simulated Ward 12
2849,1873,2024-08-04,17,3,Simulated Ward 04
4997,3297,2024-07-01,11,3,Simulated Ward 17
4803,3164,2025-10-13,18,3,Simulated Ward 17
4119,2706,2023-07-14,26,3,Simulated Ward 04
2090,1369,2026-03-13,26,3,Simulated Ward 14
3223,2121,2023-10-24,67,3,Simulated Ward 12
2542,1677,2025-03-13,16,3,Simulated Ward 22
4327,2847,2023-10-30,181,3,Simulated Ward 20
1145,748,2024-04-21,28,3,Simulated Ward 14
2629,1732,2024-06-24,37,3,Simulated Ward 19
1470,961,2026-01-28,48,3,Simulated Ward 01
4245,2794,2025-07-25,73,3,Simulated Ward 09
770,505,2023-10-04,169,3,Simulated Ward 05
1642,1074,2023-09-06,24,3,Simulated Ward 25
1509,987,2024-04-27,20,3,Simulated Ward 20
5245,3465,2024-02-13,51,3,Simulated Ward 25
5144,3396,2024-10-25,84,3,Simulated Ward 19
2322,1529,2024-11-02,22,3,Simulated Ward 03
5205,3437,2024-04-11,327,0,Simulated Ward 23
4137,2720,2024-11-04,86,3,Simulated Ward 21
194,126,2023-12-06,19,3,Simulated Ward 15
585,380,2024-03-10,17,3,Simulated Ward 10
1639,1071,2024-05-21,38,3,Simulated Ward 20
984,645,2025-05-16,119,3,Simulated Ward 04
1685,1101,2023-07-13,133,3,Simulated Ward 20
5202,3435,2026-01-01,26,3,Simulated Ward 16
452,293,2025-08-15,188,3,Simulated Ward 21
2845,1870,2023-10-16,155,3,Simulated Ward 13
1804,1180,2024-04-14,28,3,Simulated Ward 13
5117,3381,2023-06-11,365,3,Simulated Ward 24
887,581,2025-03-15,37,3,Simulated Ward 12
1845,1205,2023-06-17,379,3,Simulated Ward 25
5048,3331,2023-07-24,316,3,Simulated Ward 09
1296,848,2025-05-24,717,3,Simulated Ward 01
2003,1310,2024-10-26,12,3,Simulated Ward 19
181,118,2023-10-28,32,3,Simulated Ward 13
3497,2306,2025-06-16,15,3,Simulated Ward 03
3622,2386,2026-05-04,58,3,Simulated Ward 07
4853,3196,2025-07-14,29,3,Simulated Ward 17
1348,883,2026-01-06,176,3,Simulated Ward 17
1960,1281,2024-05-09,29,3,Simulated Ward 18
1834,1199,2023-08-17,19,3,Simulated Ward 05
3687,2426,2026-01-27,102,3,Simulated Ward 20
1942,1267,2024-02-27,18,3,Simulated Ward 07
3962,2603,2025-01-30,15,1,Simulated Ward 21
1846,1205,2024-05-07,379,3,Simulated Ward 25
1817,1188,2026-06-12,24,3,Simulated Ward 14
5,4,2025-05-10,382,3,Simulated Ward 07
719,468,2026-08-21,71,3,Simulated Ward 05
2102,1377,2024-06-19,49,3,Simulated Ward 19
2000,1308,2024-10-01,310,3,Simulated Ward 12
4769,3141,2025-06-15,302,3,Simulated Ward 02
4141,2722,2025-03-12,150,3,Simulated Ward 12
1166,764,2024-07-17,78,3,Simulated Ward 15
2667,1755,2024-11-06,41,3,Simulated Ward 07
1337,875,2023-07-31,15,3,Simulated Ward 07
1021,673,2024-02-20,14,3,Simulated Ward 14
2068,1352,2025-04-22,16,1,Simulated Ward 18
2136,1398,2025-10-16,27,3,Simulated Ward 11
3732,2454,2026-05-25,101,3,Simulated Ward 16
980,643,2024-07-23,47,1,Simulated Ward 18
427,278,2023-10-11,327,2,Simulated Ward 24
1276,834,2026-05-13,42,3,Simulated Ward 01
2564,1691,2026-01-05,20,3,Simulated Ward 12
2279,1498,2023-08-05,38,3,Simulated Ward 25
840,550,2026-02-07,95,3,Simulated Ward 09
4505,2972,2023-06-28,115,1,Simulated Ward 14
3038,1998,2025-06-12,14,3,Simulated Ward 01
5138,3392,2026-07-18,15,3,Simulated Ward 24
924,606,2025-02-05,84,3,Simulated Ward 12
1964,1283,2023-09-14,75,3,Simulated Ward 20
4866,3206,2025-01-19,94,3,Simulated Ward 06
1453,950,2024-06-21,18,3,Simulated Ward 25
3193,2099,2025-10-20,119,3,Simulated Ward 01
1430,936,2026-05-01,16,2,Simulated Ward 23
603,395,2024-02-19,248,0,Simulated Ward 11
499,323,2025-07-18,10,3,Simulated Ward 17
3147,2068,2025-02-24,26,3,Simulated Ward 16
3142,2064,2024-04-28,11,3,Simulated Ward 07
3221,2120,2026-03-28,30,3,Simulated Ward 12
513,333,2023-06-24,19,3,Simulated Ward 22
4774,3144,2023-07-03,33,3,Simulated Ward 23
2434,1604,2025-03-17,290,3,Simulated Ward 23
3552,2342,2023-08-28,74,3,Simulated Ward 05
1648,1078,2023-07-01,166,3,Simulated Ward 13
192,124,2025-12-07,88,3,Simulated Ward 23
4259,2803,2025-02-26,200,3,Simulated Ward 07
105,68,2024-03-29,19,3,Simulated Ward 15
1588,1040,2023-08-23,16,3,Simulated Ward 14
2687,1771,2023-12-10,73,3,Simulated Ward 06
3964,2604,2024-03-15,78,3,Simulated Ward 17
1445,944,2024-02-07,716,1,Simulated Ward 04
957,628,2025-10-17,56,3,Simulated Ward 08
4372,2880,2026-02-20,198,3,Simulated Ward 25
5156,3403,2026-01-28,32,3,Simulated Ward 17
3164,2080,2025-01-14,36,3,Simulated Ward 16
1548,1014,2026-07-25,14,3,Simulated Ward 20
2050,1341,2023-10-04,12,3,Simulated Ward 09
11,8,2026-08-20,63,3,Simulated Ward 07
3721,2447,2025-07-27,328,3,Simulated Ward 04
4701,3099,2026-07-30,156,3,Simulated Ward 18
1185,775,2025-08-02,27,3,Simulated Ward 17
3755,2468,2025-04-20,151,3,Simulated Ward 02
4446,2932,2024-02-01,16,3,Simulated Ward 08
3924,2579,2025-01-24,33,3,Simulated Ward 06
142,93,2024-02-19,43,3,Simulated Ward 11
3093,2032,2023-11-11,53,3,Simulated Ward 01
5160,3407,2025-05-01,17,3,Simulated Ward 19
3529,2326,2025-02-15,518,3,Simulated Ward 25
309,200,2024-03-16,93,3,Simulated Ward 14
227,145,2024-06-17,16,3,Simulated Ward 17
1847,1206,2025-03-19,11,3,Simulated Ward 23
1726,1127,2025-11-01,57,3,Simulated Ward 25
4336,2853,2023-12-25,95,3,Simulated Ward 16
1241,811,2026-03-27,95,3,Simulated Ward 18
49,29,2025-12-09,17,3,Simulated Ward 09
1631,1066,2024-06-06,18,3,Simulated Ward 20
2880,1893,2025-11-26,92,3,Simulated Ward 17
3090,2030,2025-09-09,28,3,Simulated Ward 05
4518,2980,2026-09-13,37,3,Simulated Ward 23
3835,2519,2025-10-05,99,3,Simulated Ward 21
4084,2684,2024-11-19,29,3,Simulated Ward 09
2011,1315,2025-10-24,112,3,Simulated Ward 05
1475,963,2026-02-27,291,3,Simulated Ward 01
3353,2206,2025-11-29,276,2,Simulated Ward 15
4734,3120,2024-07-26,18,3,Simulated Ward 02
1269,829,2025-03-03,44,3,Simulated Ward 17
2929,1924,2024-12-30,209,3,Simulated Ward 14
1948,1271,2026-05-28,32,3,Simulated Ward 01
79,49,2023-07-07,16,3,Simulated Ward 13
1407,921,2025-10-20,53,3,Simulated Ward 22
3961,2602,2024-12-13,16,3,Simulated Ward 12
3677,2420,2025-08-01,102,1,Simulated Ward 07
2043,1337,2024-12-20,38,3,Simulated Ward 14
2054,1342,2026-07-26,15,3,Simulated Ward 18
1699,1110,2024-02-04,20,3,Simulated Ward 03
1882,1227,2025-12-10,15,2,Simulated Ward 15
1253,819,2023-06-25,128,3,Simulated Ward 15
3634,2393,2024-07-20,30,3,Simulated Ward 01
850,557,2024-04-12,49,3,Simulated Ward 10
1309,857,2024-09-06,65,3,Simulated Ward 23
2937,1930,2023-12-23,159,3,Simulated Ward 12
4846,3193,2024-11-08,197,1,Simulated Ward 13
1103,722,2025-09-13,114,3,Simulated Ward 18
2403,1582,2026-04-22,17,3,Simulated Ward 22
1858,1212,2025-03-24,34,3,Simulated Ward 11
3139,2063,2025-09-05,114,3,Simulated Ward 05
2681,1767,2023-06-12,91,3,Simulated Ward 07
1511,988,2026-06-04,129,3,Simulated Ward 12
4916,3239,2026-06-03,27,3,Simulated Ward 15
1592,1042,2026-09-20,39,3,Simulated Ward 14
3375,2222,2025-11-06,306,1,Simulated Ward 23
1325,867,2024-05-26,98,3,Simulated Ward 06
4098,2692,2025-01-24,44,3,Simulated Ward 14
3063,2013,2026-06-23,333,3,Simulated Ward 21
1395,911,2025-04-20,292,3,Simulated Ward 19
1368,895,2026-03-16,101,3,Simulated Ward 06
1632,1067,2024-11-28,11,3,Simulated Ward 11
2407,1585,2025-06-29,185,3,Simulated Ward 01
4459,2941,2024-05-11,58,3,Simulated Ward 23
1805,1180,2024-06-20,28,3,Simulated Ward 13
2784,1835,2025-08-03,27,1,Simulated Ward 22
3859,2533,2023-07-31,198,1,Simulated Ward 12
1976,1291,2025-01-29,140,2,Simulated Ward 16
5055,3336,2023-10-21,67,3,Simulated Ward 23
2715,1789,2025-07-02,56,3,Simulated Ward 01
4079,2680,2025-09-21,123,1,Simulated Ward 20
3102,2038,2024-06-16,10,3,Simulated Ward 17
77,48,2024-03-18,118,3,Simulated Ward 19
947,621,2025-02-17,84,3,Simulated Ward 09
4157,2731,2025-03-20,52,1,Simulated Ward 15
4379,2884,2023-12-15,76,3,Simulated Ward 05
5183,3423,2024-10-18,75,3,Simulated Ward 20
2832,1863,2023-09-01,134,1,Simulated Ward 08
4428,2919,2026-07-25,100,0,Simulated Ward 07
2307,1518,2024-08-04,147,3,Simulated Ward 10
4711,3105,2025-12-29,33,3,Simulated Ward 19
606,397,2025-05-04,60,3,Simulated Ward 05
3239,2133,2024-06-25,26,3,Simulated Ward 08
3648,2402,2023-10-17,71,3,Simulated Ward 25
3384,2228,2026-03-07,10,3,Simulated Ward 23
1530,1001,2023-07-05,23,3,Simulated Ward 17
1982,1296,2024-09-06,131,3,Simulated Ward 13
3519,2319,2024-12-22,297,1,Simulated Ward 24
4593,3028,2024-10-25,48,3,Simulated Ward 19
3325,2187,2026-04-08,81,1,Simulated Ward 14
2466,1628,2024-03-21,98,3,Simulated Ward 16
4884,3218,2025-10-11,68,1,Simulated Ward 19
3190,2098,2025-11-26,38,3,Simulated Ward 12
3095,2033,2024-12-09,16,3,Simulated Ward 11
37,21,2026-06-27,40,3,Simulated Ward 02
2877,1891,2026-01-26,193,3,Simulated Ward 24
584,379,2026-07-01,47,3,Simulated Ward 03
2045,1338,2024-10-04,87,3,Simulated Ward 23
321,207,2024-04-02,230,3,Simulated Ward 14
154,100,2023-12-29,12,3,Simulated Ward 04
1557,1020,2024-10-02,10,3,Simulated Ward 20
2751,1814,2024-07-21,33,1,Simulated Ward 04
2059,1346,2023-09-20,22,3,Simulated Ward 20
4427,2919,2023-10-21,100,3,Simulated Ward 07
1928,1257,2026-06-23,155,3,Simulated Ward 06
3600,2373,2025-06-16,191,3,Simulated Ward 04
4360,2869,2026-01-02,56,3,Simulated Ward 18
4570,3012,2024-12-05,89,3,Simulated Ward 07
1199,783,2024-05-17,16,3,Simulated Ward 13
4256,2802,2025-02-18,12,3,Simulated Ward 08
3826,2511,2025-12-02,166,3,Simulated Ward 05
273,176,2025-06-10,304,3,Simulated Ward 15
773,507,2023-08-02,356,3,Simulated Ward 08
2420,1595,2023-11-06,68,3,Simulated Ward 10
4043,2657,2023-09-12,36,1,Simulated Ward 21
1187,777,2023-08-03,51,3,Simulated Ward 09
3925,2579,2025-12-28,33,3,Simulated Ward 06
2752,1815,2024-09-04,33,3,Simulated Ward 04
3787,2490,2026-01-29,67,1,Simulated Ward 13
4215,2773,2026-02-20,45,3,Simulated Ward 14
203,131,2023-11-20,82,3,Simulated Ward 03
2998,1971,2025-03-16,10,3,Simulated Ward 15
1987,1300,2024-03-03,161,3,Simulated Ward 05
2239,1473,2024-09-02,307,3,Simulated Ward 02
3824,2510,2025-12-20,14,3,Simulated Ward 06
3072,2019,2025-05-03,43,1,Simulated Ward 04
4714,3107,2024-11-03,197,3,Simulated Ward 05
2622,1730,2025-08-26,17,3,Simulated Ward 21
2676,1762,2026-07-13,27,3,Simulated Ward 05
4029,2649,2024-02-04,21,3,Simulated Ward 11
4816,3172,2024-12-19,89,3,Simulated Ward 12
1973,1289,2023-11-24,135,3,Simulated Ward 12
4911,3237,2024-02-11,36,3,Simulated Ward 17
1902,1242,2025-12-28,309,1,Simulated Ward 03
5170,3414,2026-07-23,33,3,Simulated Ward 07
101,65,2024-06-19,25,3,Simulated Ward 19
2027,1327,2023-10-27,34,3,Simulated Ward 21
3011,1980,2024-03-12,64,3,Simulated Ward 16
4537,2993,2025-11-25,57,2,Simulated Ward 03
4724,3112,2025-03-27,14,3,Simulated Ward 11
4349,2861,2023-09-07,56,3,Simulated Ward 03
545,354,2024-08-20,325,3,Simulated Ward 02
4307,2834,2025-08-21,77,3,Simulated Ward 04
2342,1542,2024-09-26,36,3,Simulated Ward 11
3036,1997,2026-07-25,18,1,Simulated Ward 24
141,92,2024-09-28,81,1,Simulated Ward 25
1410,923,2024-10-16,74,3,Simulated Ward 25
1943,1267,2026-04-15,18,3,Simulated Ward 07
259,168,2024-02-13,92,3,Simulated Ward 25
1663,1088,2025-02-02,41,1,Simulated Ward 16
3550,2340,2026-05-31,49,3,Simulated Ward 14
3965,2605,2025-01-24,156,3,Simulated Ward 22
2501,1651,2025-09-25,10,3,Simulated Ward 06
4414,2907,2025-07-17,107,3,Simulated Ward 04
2775,1830,2024-12-14,75,3,Simulated Ward 10
1149,751,2024-08-26,53,3,Simulated Ward 05
1288,843,2025-07-23,18,3,Simulated Ward 12
162,104,2025-08-20,28,3,Simulated Ward 13
4851,3195,2025-03-01,201,1,Simulated Ward 02
3774,2481,2026-02-24,19,3,Simulated Ward 15
4870,3209,2025-02-10,10,3,Simulated Ward 10
4052,2661,2025-01-18,11,3,Simulated Ward 18
1691,1104,2023-08-19,265,3,Simulated Ward 20
3182,2092,2026-01-10,79,3,Simulated Ward 25
4225,2781,2024-11-05,166,3,Simulated Ward 21
1838,1201,2025-02-02,146,3,Simulated Ward 16
4750,3129,2025-11-22,92,3,Simulated Ward 25
3088,2029,2024-05-14,78,3,Simulated Ward 20
3280,2158,2026-09-04,23,0,Simulated Ward 15
4306,2834,2025-05-10,77,3,Simulated Ward 04
1244,813,2025-02-23,29,3,Simulated Ward 06
4759,3135,2024-08-10,19,3,Simulated Ward 19
122,77,2025-01-21,19,3,Simulated Ward 19
187,122,2024-05-27,73,3,Simulated Ward 25
4294,2826,2026-08-09,16,3,Simulated Ward 07
3465,2283,2024-02-04,46,3,Simulated Ward 01
5199,3433,2024-04-29,26,3,Simulated Ward 19
5219,3448,2024-01-07,92,3,Simulated Ward 07
4569,3012,2023-11-22,89,3,Simulated Ward 07
2930,1925,2025-06-08,38,3,Simulated Ward 06
4287,2822,2025-10-12,370,3,Simulated Ward 17
2869,1885,2023-12-24,376,3,Simulated Ward 20
2625,1731,2025-07-21,10,3,Simulated Ward 05
3295,2169,2024-11-30,13,3,Simulated Ward 04
2014,1317,2023-10-05,281,3,Simulated Ward 01
4720,3110,2024-02-19,26,3,Simulated Ward 19
2276,1496,2026-05-05,45,2,Simulated Ward 12
1160,760,2024-04-08,15,3,Simulated Ward 20
2266,1489,2025-05-03,93,3,Simulated Ward 05
2422,1596,2023-07-20,65,3,Simulated Ward 04
752,493,2024-06-09,380,1,Simulated Ward 03
5261,3475,2025-03-24,423,3,Simulated Ward 03
3836,2519,2026-05-05,99,3,Simulated Ward 21
2512,1659,2024-05-23,75,1,Simulated Ward 08
531,344,2025-04-04,29,3,Simulated Ward 02
2179,1429,2026-04-04,41,3,Simulated Ward 06
3252,2141,2024-05-05,229,3,Simulated Ward 19
2101,1376,2024-07-13,40,3,Simulated Ward 24
3657,2408,2024-05-08,15,3,Simulated Ward 23
2744,1808,2026-05-05,37,3,Simulated Ward 22
1217,795,2025-11-14,99,3,Simulated Ward 08
4448,2934,2024-07-27,259,3,Simulated Ward 15
2195,1443,2026-03-19,118,3,Simulated Ward 19
1044,686,2026-04-16,608,3,Simulated Ward 08
1381,902,2025-02-03,329,3,Simulated Ward 04
837,548,2023-08-12,38,3,Simulated Ward 07
4447,2933,2024-09-19,31,3,Simulated Ward 17
144,94,2024-03-28,18,3,Simulated Ward 13
5060,3340,2025-09-06,47,3,Simulated Ward 21
3759,2470,2024-07-22,182,1,Simulated Ward 21
2142,1403,2024-02-20,330,3,Simulated Ward 23
3333,2192,2023-07-09,76,3,Simulated Ward 14
1424,932,2026-06-20,31,3,Simulated Ward 08
2495,1647,2026-05-29,162,3,Simulated Ward 19
130,82,2025-12-08,96,1,Simulated Ward 22
4508,2973,2026-09-17,48,3,Simulated Ward 14
21,13,2024-07-31,18,3,Simulated Ward 20
4827,3180,2026-08-19,41,3,Simulated Ward 24
525,341,2025-06-16,171,3,Simulated Ward 11
1162,761,2023-09-16,94,3,Simulated Ward 09
3793,2493,2026-09-02,46,3,Simulated Ward 24
741,486,2025-07-20,17,3,Simulated Ward 02
786,515,2024-07-06,45,3,Simulated Ward 05
2932,1926,2025-11-10,88,2,Simulated Ward 25
2574,1698,2023-06-17,271,3,Simulated Ward 06
4187,2753,2024-05-04,351,3,Simulated Ward 09
1017,670,2026-04-12,346,3,Simulated Ward 13
3803,2499,2023-08-06,42,3,Simulated Ward 20
2066,1351,2023-11-27,44,3,Simulated Ward 04
1875,1224,2023-06-26,29,3,Simulated Ward 02
1860,1213,2023-12-18,217,3,Simulated Ward 15
1093,716,2025-05-06,371,3,Simulated Ward 04
1412,924,2024-11-04,24,3,Simulated Ward 06
3032,1995,2024-11-09,24,3,Simulated Ward 19
1195,781,2024-05-20,41,3,Simulated Ward 04
1114,728,2024-05-30,31,3,Simulated Ward 15
3474,2291,2025-01-22,38,3,Simulated Ward 14
3521,2320,2024-04-04,703,3,Simulated Ward 06
4114,2703,2024-03-06,29,3,Simulated Ward 12
3118,2048,2024-09-12,18,3,Simulated Ward 13
633,417,2024-10-04,47,3,Simulated Ward 09
3646,2400,2025-07-19,107,3,Simulated Ward 04
3506,2312,2025-09-21,242,3,Simulated Ward 07
492,320,2024-01-22,17,3,Simulated Ward 11
3761,2471,2026-07-09,67,3,Simulated Ward 22
2124,1391,2023-10-16,44,1,Simulated Ward 22
3175,2087,2024-11-02,28,3,Simulated Ward 24
4718,3109,2023-09-30,36,3,Simulated Ward 10
4403,2899,2024-05-23,84,3,Simulated Ward 12
3917,2575,2025-11-07,76,3,Simulated Ward 04
3518,2319,2024-10-26,297,3,Simulated Ward 24
3487,2299,2023-07-12,103,3,Simulated Ward 13
69,42,2025-12-05,300,3,Simulated Ward 24
2186,1435,2026-02-01,15,3,Simulated Ward 25
3810,2502,2025-09-06,18,3,Simulated Ward 09
401,260,2023-10-23,23,3,Simulated Ward 06
1543,1011,2024-08-26,26,3,Simulated Ward 02
2788,1837,2024-11-26,77,3,Simulated Ward 13
4103,2695,2026-08-03,129,3,Simulated Ward 09
1492,975,2024-03-12,93,3,Simulated Ward 25
1105,723,2024-10-19,206,3,Simulated Ward 07
39,22,2025-06-24,30,2,Simulated Ward 07
4303,2832,2024-10-22,46,1,Simulated Ward 08
3378,2225,2026-03-19,259,3,Simulated Ward 03
4316,2840,2024-02-23,94,1,Simulated Ward 11
3188,2096,2026-08-14,333,1,Simulated Ward 23
3077,2024,2024-12-10,24,3,Simulated Ward 05
919,602,2025-02-14,87,2,Simulated Ward 24
2807,1849,2024-02-10,225,1,Simulated Ward 05
1513,990,2024-01-02,202,3,Simulated Ward 01
800,524,2024-08-20,32,3,Simulated Ward 24
3044,2001,2025-10-28,236,3,Simulated Ward 18
4819,3174,2026-06-17,347,3,Simulated Ward 03
1776,1161,2024-01-12,20,3,Simulated Ward 05
1721,1123,2024-09-20,16,3,Simulated Ward 11
3758,2470,2024-01-08,182,3,Simulated Ward 21
1574,1031,2025-02-23,135,3,Simulated Ward 24
4223,2779,2026-01-08,34,3,Simulated Ward 13
3397,2237,2025-04-02,43,3,Simulated Ward 21
2776,1831,2023-12-03,24,3,Simulated Ward 18
4577,3018,2024-11-02,14,3,Simulated Ward 10
1317,862,2023-06-15,82,3,Simulated Ward 22
3602,2374,2023-07-01,189,3,Simulated Ward 03
2943,1934,2025-06-04,268,3,Simulated Ward 18
3111,2043,2026-07-15,34,3,Simulated Ward 05
1304,854,2025-10-17,14,3,Simulated Ward 10
3660,2410,2023-06-21,11,3,Simulated Ward 13
1727,1127,2026-03-03,57,3,Simulated Ward 25
5018,3310,2024-09-19,40,3,Simulated Ward 07
4255,2801,2023-07-22,87,3,Simulated Ward 22
4848,3194,2023-10-28,78,3,Simulated Ward 03
2993,1968,2025-12-17,302,3,Simulated Ward 19
807,528,2024-02-05,13,3,Simulated Ward 01
337,218,2023-09-15,31,3,Simulated Ward 25
2135,1397,2026-04-12,41,3,Simulated Ward 04
4484,2959,2024-08-03,83,3,Simulated Ward 21
275,177,2023-12-16,14,3,Simulated Ward 16
2161,1415,2026-04-05,77,3,Simulated Ward 12
2717,1791,2025-05-06,10,3,Simulated Ward 13
1327,868,2023-10-13,15,1,Simulated Ward 21
3085,2028,2023-06-26,14,3,Simulated Ward 14
1278,835,2025-08-02,19,3,Simulated Ward 12
5000,3298,2024-10-13,25,3,Simulated Ward 06
4392,2892,2025-10-10,48,3,Simulated Ward 18
4527,2986,2026-08-05,332,3,Simulated Ward 25
455,295,2024-04-25,66,3,Simulated Ward 07
3274,2155,2024-09-20,86,3,Simulated Ward 07
3694,2430,2026-07-29,253,3,Simulated Ward 07
1546,1013,2024-04-23,358,3,Simulated Ward 07
2573,1697,2025-06-15,155,3,Simulated Ward 01
3876,2546,2026-08-02,47,3,Simulated Ward 14
3051,2006,2023-07-09,54,3,Simulated Ward 09
2410,1588,2024-10-29,42,3,Simulated Ward 06
4443,2930,2025-03-23,16,3,Simulated Ward 12
2570,1694,2026-05-03,63,2,Simulated Ward 02
3998,2628,2025-08-06,160,3,Simulated Ward 20
4502,2970,2026-08-17,300,3,Simulated Ward 16
829,544,2023-08-01,19,3,Simulated Ward 19
2796,1843,2023-08-23,46,3,Simulated Ward 18
55,32,2025-05-24,34,3,Simulated Ward 11
623,409,2025-10-03,24,3,Simulated Ward 13
4749,3129,2024-02-10,92,3,Simulated Ward 25
3459,2279,2023-07-24,426,3,Simulated Ward 21
3115,2046,2026-01-26,600,3,Simulated Ward 12
1597,1045,2025-02-08,30,3,Simulated Ward 17
3335,2193,2025-03-29,369,3,Simulated Ward 25
808,529,2026-07-04,116,3,Simulated Ward 13
625,411,2024-10-30,356,3,Simulated Ward 24
1996,1306,2025-10-14,29,3,Simulated Ward 21
3743,2461,2024-02-27,38,3,Simulated Ward 04
1429,936,2025-06-21,16,3,Simulated Ward 23
4408,2902,2024-03-28,193,3,Simulated Ward 20
5259,3474,2025-08-23,136,3,Simulated Ward 01
3402,2240,2023-12-02,125,3,Simulated Ward 09
3249,2139,2023-12-27,147,3,Simulated Ward 19
1020,672,2025-07-23,25,3,Simulated Ward 01
1388,907,2024-04-02,35,3,Simulated Ward 17
1641,1073,2026-09-11,117,1,Simulated Ward 08
4001,2630,2024-11-29,64,3,Simulated Ward 10
3482,2295,2024-09-23,42,3,Simulated Ward 09
3819,2507,2024-09-21,165,3,Simulated Ward 04
2805,1848,2025-10-04,130,3,Simulated Ward 09
4806,3166,2023-12-06,26,3,Simulated Ward 23
4500,2968,2026-01-04,38,3,Simulated Ward 19
1303,853,2023-11-15,91,3,Simulated Ward 21
1807,1182,2023-08-15,178,3,Simulated Ward 23
4315,2839,2026-01-26,317,3,Simulated Ward 01
1500,982,2026-02-07,49,3,Simulated Ward 23
2141,1402,2024-07-08,21,3,Simulated Ward 20
4614,3041,2024-09-19,19,3,Simulated Ward 04
1811,1184,2026-02-16,45,3,Simulated Ward 19
2662,1752,2026-08-18,43,1,Simulated Ward 18
964,633,2024-11-06,258,3,Simulated Ward 15
3555,2343,2026-05-23,137,3,Simulated Ward 12
4304,2832,2024-12-11,46,3,Simulated Ward 08
167,108,2026-04-04,43,3,Simulated Ward 10
4176,2746,2023-08-03,11,3,Simulated Ward 04
159,103,2024-01-31,38,3,Simulated Ward 09
444,288,2024-11-09,17,3,Simulated Ward 13
4516,2979,2025-05-24,317,3,Simulated Ward 15
4358,2867,2024-11-06,15,3,Simulated Ward 19
5281,3488,2026-06-19,278,3,Simulated Ward 21
478,309,2025-09-19,28,3,Simulated Ward 04
1251,817,2025-06-20,89,3,Simulated Ward 12
1394,911,2024-11-21,292,3,Simulated Ward 19
4796,3161,2023-07-22,14,3,Simulated Ward 01
1015,669,2023-12-02,161,3,Simulated Ward 02
4598,3031,2025-01-07,15,3,Simulated Ward 03
1531,1002,2025-08-02,438,3,Simulated Ward 24
1789,1170,2023-08-13,262,3,Simulated Ward 24
4005,2633,2026-02-02,20,3,Simulated Ward 12
5267,3478,2024-04-12,47,3,Simulated Ward 21
1006,663,2025-03-09,66,1,Simulated Ward 12
4804,3165,2025-11-09,248,3,Simulated Ward 21
3954,2599,2023-06-20,46,3,Simulated Ward 23
1650,1078,2025-04-11,166,3,Simulated Ward 13
1643,1075,2024-12-23,128,3,Simulated Ward 13
4108,2699,2024-07-14,89,3,Simulated Ward 10
4919,3242,2024-10-08,310,3,Simulated Ward 07
4760,3135,2025-06-12,19,3,Simulated Ward 19
2400,1580,2024-01-01,121,3,Simulated Ward 24
405,262,2026-02-20,44,3,Simulated Ward 15
2980,1960,2024-07-01,40,3,Simulated Ward 03
4344,2858,2024-02-21,13,3,Simulated Ward 02
4065,2673,2024-07-24,121,3,Simulated Ward 07
1649,1078,2024-12-15,166,1,Simulated Ward 13
2412,1589,2024-06-05,16,3,Simulated Ward 08
892,583,2024-04-22,97,1,Simulated Ward 01
86,55,2025-09-13,37,2,Simulated Ward 16
744,488,2026-08-03,56,3,Simulated Ward 04
3407,2245,2023-10-22,303,3,Simulated Ward 20
1364,892,2024-05-17,394,3,Simulated Ward 05
4507,2973,2026-07-30,48,3,Simulated Ward 14
659,432,2025-01-20,188,3,Simulated Ward 03
905,593,2026-05-05,34,3,Simulated Ward 08
3411,2247,2025-10-03,30,3,Simulated Ward 20
3947,2594,2024-11-11,179,1,Simulated Ward 19
421,274,2026-04-01,30,3,Simulated Ward 03
2061,1347,2026-06-11,43,3,Simulated Ward 13
5111,3376,2024-10-13,197,3,Simulated Ward 01
4838,3187,2026-04-28,65,3,Simulated Ward 05
5257,3473,2023-07-31,89,3,Simulated Ward 13
856,561,2024-05-31,299,1,Simulated Ward 23
5173,3416,2023-11-23,154,3,Simulated Ward 07
2753,1815,2025-10-13,33,3,Simulated Ward 04
1193,780,2023-11-26,23,3,Simulated Ward 13
969,636,2026-08-29,30,3,Simulated Ward 06
1582,1036,2025-07-09,11,3,Simulated Ward 01
1127,736,2025-08-26,355,3,Simulated Ward 06
974,640,2025-09-28,58,3,Simulated Ward 05
1956,1277,2025-03-06,392,3,Simulated Ward 22
2287,1504,2024-07-02,10,2,Simulated Ward 24
5119,3383,2024-07-13,12,3,Simulated Ward 03
1525,997,2026-07-23,39,3,Simulated Ward 24
735,481,2023-09-09,17,3,Simulated Ward 12
382,247,2023-08-26,23,3,Simulated Ward 18
4431,2921,2026-04-30,87,3,Simulated Ward 14
3086,2028,2026-04-24,14,1,Simulated Ward 14
4544,2996,2026-05-16,133,1,Simulated Ward 17
2051,1341,2026-01-25,12,3,Simulated Ward 09
1415,926,2026-03-20,289,3,Simulated Ward 11
5008,3304,2024-04-25,34,3,Simulated Ward 06
2859,1879,2025-07-29,97,3,Simulated Ward 07
4439,2927,2025-06-03,113,3,Simulated Ward 17
3950,2596,2024-12-30,73,3,Simulated Ward 22
3058,2010,2025-11-24,260,3,Simulated Ward 24
2320,1527,2025-02-26,22,3,Simulated Ward 25
2923,1921,2025-10-08,12,3,Simulated Ward 11
3035,1996,2024-07-21,66,1,Simulated Ward 11
3263,2150,2023-09-18,188,3,Simulated Ward 16
4947,3261,2026-08-20,314,3,Simulated Ward 14
3713,2443,2024-06-12,70,3,Simulated Ward 02
1965,1284,2025-02-09,134,1,Simulated Ward 13
3302,2173,2024-08-02,33,3,Simulated Ward 01
4483,2959,2023-10-12,83,3,Simulated Ward 21
35,20,2026-09-03,81,3,Simulated Ward 08
2803,1847,2023-07-12,37,3,Simulated Ward 08
1396,912,2025-05-17,32,1,Simulated Ward 15
3007,1977,2026-07-18,16,1,Simulated Ward 20
197,127,2026-09-09,33,3,Simulated Ward 10
1010,665,2025-01-16,32,3,Simulated Ward 23
1029,677,2026-08-10,177,3,Simulated Ward 20
4346,2859,2025-10-02,66,3,Simulated Ward 01
2198,1445,2025-02-10,63,3,Simulated Ward 18
682,447,2024-12-18,29,3,Simulated Ward 06
1792,1172,2024-01-31,51,3,Simulated Ward 17
816,535,2025-12-10,38,3,Simulated Ward 07
590,384,2024-09-27,19,3,Simulated Ward 24
2531,1671,2026-04-07,11,3,Simulated Ward 23
3458,2278,2025-09-10,84,1,Simulated Ward 18
2799,1845,2023-10-18,66,3,Simulated Ward 02
2727,1797,2025-09-20,99,3,Simulated Ward 05
3155,2074,2024-09-25,10,3,Simulated Ward 01
4178,2747,2025-02-12,191,3,Simulated Ward 08
3018,1986,2024-09-02,11,3,Simulated Ward 02
302,196,2025-07-21,134,3,Simulated Ward 03
211,136,2024-06-15,259,3,Simulated Ward 15
4436,2924,2024-01-30,24,3,Simulated Ward 08
4658,3069,2026-04-24,123,1,Simulated Ward 01
2423,1597,2024-10-28,17,3,Simulated Ward 12
1756,1147,2024-12-11,16,3,Simulated Ward 03
4986,3287,2026-02-12,15,3,Simulated Ward 02
1019,671,2026-09-06,217,3,Simulated Ward 20
822,539,2024-11-28,43,3,Simulated Ward 13
4068,2675,2025-01-21,15,3,Simulated Ward 19
115,74,2024-01-05,41,3,Simulated Ward 14
4526,2985,2025-10-24,236,3,Simulated Ward 13
254,164,2024-02-27,107,3,Simulated Ward 23
106,68,2024-08-25,19,3,Simulated Ward 15
4807,3166,2024-11-05,26,3,Simulated Ward 23
41,23,2025-08-04,143,3,Simulated Ward 03
2909,1910,2026-09-03,19,3,Simulated Ward 15
3727,2452,2023-08-26,49,3,Simulated Ward 04
3400,2239,2026-04-27,11,3,Simulated Ward 04
3871,2542,2026-07-11,19,3,Simulated Ward 21
4317,2840,2025-03-29,94,3,Simulated Ward 11
5193,3428,2026-04-04,31,3,Simulated Ward 07
4096,2691,2025-10-08,29,3,Simulated Ward 14
3145,2067,2025-02-10,129,3,Simulated Ward 20
553,359,2026-08-05,107,3,Simulated Ward 03
3558,2346,2025-06-28,27,3,Simulated Ward 18
4367,2875,2024-02-28,27,3,Simulated Ward 20
5182,3422,2023-11-18,80,3,Simulated Ward 16
5001,3299,2025-12-09,10,3,Simulated Ward 02
3324,2187,2024-07-05,81,3,Simulated Ward 14
3525,2323,2025-07-28,17,1,Simulated Ward 09
3957,2600,2026-04-15,22,3,Simulated Ward 06
140,91,2026-05-04,13,3,Simulated Ward 19
3492,2302,2026-04-04,22,3,Simulated Ward 13
3564,2350,2024-11-25,54,3,Simulated Ward 10
4130,2714,2023-07-26,91,3,Simulated Ward 16
1291,845,2024-05-12,10,3,Simulated Ward 02
5200,3434,2026-01-23,43,3,Simulated Ward 07
3144,2066,2025-12-02,282,3,Simulated Ward 13
4097,2692,2024-09-02,44,3,Simulated Ward 14
1823,1193,2025-07-15,39,3,Simulated Ward 18
1468,959,2024-07-02,25,1,Simulated Ward 12
990,650,2026-04-29,24,3,Simulated Ward 01
1774,1160,2023-12-13,113,3,Simulated Ward 06
1493,976,2023-12-10,13,3,Simulated Ward 11
3725,2450,2026-07-05,91,2,Simulated Ward 08
4365,2873,2024-01-04,292,1,Simulated Ward 24
3845,2524,2024-03-22,38,3,Simulated Ward 24
1830,1197,2024-05-26,148,3,Simulated Ward 20
2966,1951,2024-11-23,18,1,Simulated Ward 18
2644,1742,2025-02-02,29,3,Simulated Ward 07
1656,1083,2026-08-14,33,3,Simulated Ward 19
3174,2086,2025-05-07,285,3,Simulated Ward 12
3553,2342,2023-12-29,74,3,Simulated Ward 05
1670,1093,2025-04-14,42,3,Simulated Ward 14
1174,769,2024-10-31,141,2,Simulated Ward 02
748,490,2025-01-12,22,3,Simulated Ward 24
4420,2912,2025-11-11,136,3,Simulated Ward 23
1461,955,2023-08-04,31,3,Simulated Ward 11
4524,2984,2023-09-25,17,3,Simulated Ward 19
1226,801,2025-08-07,57,3,Simulated Ward 15
2538,1674,2026-03-19,29,3,Simulated Ward 25
2745,1809,2024-08-10,190,3,Simulated Ward 01
3865,2538,2025-07-22,280,3,Simulated Ward 20
2201,1447,2023-12-24,149,1,Simulated Ward 23
2986,1964,2024-02-06,168,3,Simulated Ward 14
872,571,2024-02-23,10,3,Simulated Ward 02
4055,2664,2025-06-03,164,3,Simulated Ward 23
879,576,2025-06-02,370,3,Simulated Ward 21
3763,2473,2024-07-17,113,3,Simulated Ward 07
3443,2269,2024-03-01,37,3,Simulated Ward 21
2475,1633,2025-11-11,93,3,Simulated Ward 02
2743,1808,2024-08-13,37,3,Simulated Ward 22
1411,924,2024-04-10,24,3,Simulated Ward 06
460,298,2023-11-09,13,3,Simulated Ward 01
1779,1164,2026-08-15,88,3,Simulated Ward 05
5130,3388,2023-07-15,146,3,Simulated Ward 14
4458,2941,2023-11-15,58,3,Simulated Ward 23
1589,1040,2025-08-08,16,3,Simulated Ward 14
1336,874,2024-06-14,51,3,Simulated Ward 10
1236,808,2026-06-02,38,3,Simulated Ward 02
4395,2894,2025-05-10,167,3,Simulated Ward 20
1900,1241,2026-07-23,16,3,Simulated Ward 05
762,499,2025-09-02,144,3,Simulated Ward 01
1112,727,2023-10-29,108,3,Simulated Ward 20
2733,1801,2026-08-25,11,3,Simulated Ward 11
3851,2529,2025-02-11,198,1,Simulated Ward 15
2491,1645,2024-10-04,54,3,Simulated Ward 13
849,556,2025-07-21,74,3,Simulated Ward 04
1042,684,2026-05-10,112,3,Simulated Ward 18
5118,3382,2023-09-17,27,3,Simulated Ward 25
1533,1003,2026-01-07,35,3,Simulated Ward 06
1301,852,2024-01-23,172,3,Simulated Ward 08
3647,2401,2025-06-06,79,3,Simulated Ward 05
2370,1558,2025-07-02,50,3,Simulated Ward 08
681,446,2025-12-30,743,3,Simulated Ward 08
3640,2397,2025-11-24,70,3,Simulated Ward 01
612,401,2023-09-18,44,3,Simulated Ward 24
2435,1605,2023-11-08,35,3,Simulated Ward 01
1772,1158,2026-03-06,14,3,Simulated Ward 10
5089,3359,2024-09-09,105,3,Simulated Ward 12
4460,2942,2026-09-24,41,3,Simulated Ward 17
2015,1317,2024-10-25,281,3,Simulated Ward 01
5050,3333,2023-08-06,18,3,Simulated Ward 16
4007,2634,2026-02-04,53,3,Simulated Ward 12
4736,3121,2025-10-30,12,3,Simulated Ward 25
379,246,2023-12-25,30,3,Simulated Ward 18
2793,1841,2023-07-21,46,3,Simulated Ward 16
2031,1330,2025-05-17,15,3,Simulated Ward 08
2009,1314,2026-03-25,283,3,Simulated Ward 14
2735,1802,2026-06-16,54,3,Simulated Ward 22
742,487,2023-07-07,19,3,Simulated Ward 22
170,109,2026-04-14,180,3,Simulated Ward 15
817,536,2023-06-05,48,3,Simulated Ward 15
860,563,2025-12-01,31,3,Simulated Ward 16
950,622,2025-12-03,35,1,Simulated Ward 03
2094,1371,2023-11-07,210,3,Simulated Ward 04
2886,1897,2023-08-29,242,3,Simulated Ward 24
1766,1153,2024-04-11,14,3,Simulated Ward 23
98,63,2026-06-30,286,3,Simulated Ward 13
2075,1358,2024-11-16,35,3,Simulated Ward 22
413,268,2026-06-29,93,3,Simulated Ward 17
4590,3026,2025-07-14,142,3,Simulated Ward 15
5158,3405,2023-11-04,22,3,Simulated Ward 10
4670,3077,2025-09-18,11,3,Simulated Ward 18
2296,1509,2024-06-11,26,3,Simulated Ward 10
2720,1792,2026-03-22,67,3,Simulated Ward 22
3756,2469,2023-09-15,19,3,Simulated Ward 09
698,457,2023-10-05,97,3,Simulated Ward 12
2428,1599,2026-08-03,203,3,Simulated Ward 05
4677,3081,2025-03-22,111,3,Simulated Ward 13
3162,2078,2023-11-16,342,3,Simulated Ward 17
853,559,2024-02-13,372,3,Simulated Ward 20
1654,1081,2026-08-01,47,3,Simulated Ward 19
4161,2734,2023-10-06,207,3,Simulated Ward 12
1283,839,2024-03-26,179,3,Simulated Ward 02
2591,1712,2024-02-24,268,3,Simulated Ward 17
81,51,2025-05-18,89,3,Simulated Ward 25
696,455,2024-09-17,82,1,Simulated Ward 07
1694,1107,2024-12-28,89,1,Simulated Ward 17
2074,1357,2025-04-14,312,3,Simulated Ward 10
2313,1523,2024-10-08,43,3,Simulated Ward 22
1165,763,2024-12-03,88,3,Simulated Ward 10
3496,2305,2025-11-04,49,3,Simulated Ward 16
4054,2663,2024-09-22,90,3,Simulated Ward 08
497,322,2024-12-16,13,3,Simulated Ward 20
2529,1670,2024-05-22,17,3,Simulated Ward 08
3020,1987,2025-04-02,73,3,Simulated Ward 01
648,425,2025-05-24,68,3,Simulated Ward 14
1560,1021,2026-07-31,18,3,Simulated Ward 02
4542,2996,2025-05-19,133,3,Simulated Ward 17
1700,1110,2025-10-18,20,3,Simulated Ward 03
1275,834,2025-06-09,42,0,Simulated Ward 01
2798,1844,2026-06-02,268,3,Simulated Ward 12
4066,2674,2026-02-23,179,3,Simulated Ward 25
364,236,2023-12-04,144,1,Simulated Ward 22
2934,1928,2025-08-18,38,3,Simulated Ward 02
5049,3332,2026-03-07,318,2,Simulated Ward 17
728,476,2024-05-21,24,2,Simulated Ward 01
2493,1646,2025-07-03,25,1,Simulated Ward 23
3503,2309,2025-05-28,198,3,Simulated Ward 22
4247,2796,2025-05-22,18,3,Simulated Ward 11
1252,818,2025-10-05,10,3,Simulated Ward 21
2446,1614,2024-11-15,41,3,Simulated Ward 02
1786,1168,2023-11-29,59,3,Simulated Ward 14
4270,2810,2026-01-13,14,2,Simulated Ward 04
955,626,2026-06-01,17,3,Simulated Ward 12
1089,713,2023-06-27,21,3,Simulated Ward 17
4257,2802,2026-08-24,12,3,Simulated Ward 08
1586,1038,2026-02-27,47,3,Simulated Ward 03
3517,2318,2024-10-19,153,3,Simulated Ward 21
2088,1367,2025-01-04,293,3,Simulated Ward 23
2267,1490,2024-09-29,93,3,Simulated Ward 08
4177,2746,2025-09-27,11,3,Simulated Ward 04
3930,2583,2023-07-15,200,3,Simulated Ward 21
1677,1097,2024-09-20,11,3,Simulated Ward 06
4291,2825,2024-12-31,77,3,Simulated Ward 24
4280,2817,2024-01-23,29,3,Simulated Ward 15
2126,1392,2024-01-23,52,3,Simulated Ward 06
1829,1196,2025-01-11,132,3,Simulated Ward 18
4206,2769,2025-09-30,37,3,Simulated Ward 11
555,361,2024-02-23,195,0,Simulated Ward 09
3297,2170,2026-05-18,63,3,Simulated Ward 02
3544,2335,2026-06-11,31,3,Simulated Ward 13
5212,3442,2024-06-09,59,3,Simulated Ward 08
2500,1651,2024-10-23,10,3,Simulated Ward 06
3643,2399,2023-07-22,27,3,Simulated Ward 15
1884,1228,2026-01-10,10,3,Simulated Ward 09
471,305,2026-08-14,239,3,Simulated Ward 10
2035,1332,2024-09-20,49,3,Simulated Ward 06
1048,689,2025-08-13,18,3,Simulated Ward 21
3422,2255,2023-07-20,15,3,Simulated Ward 23
1281,837,2025-12-24,31,3,Simulated Ward 11
1519,994,2024-08-25,772,3,Simulated Ward 17
4126,2710,2023-12-29,149,3,Simulated Ward 22
1426,934,2026-08-05,19,3,Simulated Ward 06
4018,2643,2025-12-23,389,3,Simulated Ward 18
1637,1070,2023-08-05,88,3,Simulated Ward 17
155,100,2024-09-02,12,3,Simulated Ward 04
1917,1250,2025-12-20,36,3,Simulated Ward 09
1450,949,2024-06-20,21,3,Simulated Ward 17
1785,1167,2026-03-14,52,3,Simulated Ward 04
857,561,2024-06-16,299,3,Simulated Ward 23
1584,1037,2026-01-06,109,3,Simulated Ward 18
2219,1458,2023-12-24,47,3,Simulated Ward 11
2344,1543,2023-12-17,133,3,Simulated Ward 13
5127,3386,2024-08-15,13,3,Simulated Ward 13
4166,2739,2023-06-27,162,2,Simulated Ward 06
2278,1497,2025-05-23,262,3,Simulated Ward 18
224,143,2023-06-10,441,1,Simulated Ward 06
982,644,2026-06-16,27,1,Simulated Ward 15
4953,3265,2024-11-29,38,3,Simulated Ward 04
2133,1396,2024-06-24,22,3,Simulated Ward 21
642,422,2025-05-27,50,3,Simulated Ward 06
2359,1551,2026-09-05,397,3,Simulated Ward 14
1255,820,2026-02-22,130,3,Simulated Ward 14
3372,2219,2025-05-28,63,3,Simulated Ward 09
2414,1591,2023-09-26,13,3,Simulated Ward 16
3885,2552,2024-09-27,15,1,Simulated Ward 05
3867,2539,2025-03-03,11,3,Simulated Ward 01
2284,1502,2025-12-25,102,3,Simulated Ward 10
1913,1249,2023-07-03,91,3,Simulated Ward 25
1595,1044,2024-05-20,153,3,Simulated Ward 03
282,182,2026-06-27,48,3,Simulated Ward 07
2607,1721,2024-02-25,131,3,Simulated Ward 01
2083,1364,2024-04-14,350,3,Simulated Ward 01
4643,3060,2024-10-04,92,3,Simulated Ward 25
3572,2354,2025-01-06,194,3,Simulated Ward 09
2318,1526,2024-11-28,333,0,Simulated Ward 04
5113,3377,2026-01-15,44,3,Simulated Ward 24
4684,3087,2024-06-17,74,3,Simulated Ward 22
1061,696,2025-07-02,82,3,Simulated Ward 21
3582,2360,2024-08-28,59,3,Simulated Ward 10
2152,1409,2024-02-14,61,1,Simulated Ward 15
2392,1575,2025-10-29,47,3,Simulated Ward 08
3317,2182,2026-01-28,78,3,Simulated Ward 01
4584,3021,2024-07-28,61,3,Simulated Ward 05
3665,2413,2026-01-17,20,3,Simulated Ward 16
5227,3453,2025-04-10,23,3,Simulated Ward 17
3894,2559,2025-03-10,14,1,Simulated Ward 23
1995,1305,2025-07-01,333,3,Simulated Ward 22
1111,726,2026-04-08,398,3,Simulated Ward 03
1293,846,2024-06-21,21,1,Simulated Ward 08
4845,3192,2026-09-01,15,1,Simulated Ward 16
2112,1383,2026-03-29,18,3,Simulated Ward 11
2379,1565,2024-12-21,46,3,Simulated Ward 20
2731,1800,2025-10-08,163,3,Simulated Ward 16
4654,3067,2025-02-15,177,3,Simulated Ward 15
2334,1536,2026-02-12,40,3,Simulated Ward 03
229,146,2025-03-06,25,1,Simulated Ward 03
854,559,2025-05-07,372,3,Simulated Ward 20
3294,2169,2023-10-21,13,3,Simulated Ward 04
1504,984,2024-03-14,380,3,Simulated Ward 15
1680,1098,2024-11-09,93,3,Simulated Ward 14
2346,1544,2023-12-29,38,3,Simulated Ward 12
2255,1482,2026-05-30,137,3,Simulated Ward 23
4976,3281,2024-12-11,41,3,Simulated Ward 16
4006,2634,2023-10-17,53,3,Simulated Ward 12
3345,2200,2024-07-18,11,3,Simulated Ward 20
1901,1242,2025-12-24,309,3,Simulated Ward 03
509,330,2023-12-16,98,3,Simulated Ward 16
3773,2481,2025-12-04,19,3,Simulated Ward 15
4885,3219,2024-06-08,213,3,Simulated Ward 17
2679,1765,2024-09-26,17,3,Simulated Ward 17
2289,1505,2026-01-23,47,3,Simulated Ward 13
2977,1958,2026-01-30,130,3,Simulated Ward 14
3785,2489,2023-12-15,65,3,Simulated Ward 10
153,99,2025-09-10,98,3,Simulated Ward 01
4235,2788,2025-08-21,46,3,Simulated Ward 04
3828,2512,2026-08-18,87,3,Simulated Ward 08
4771,3142,2024-05-23,137,3,Simulated Ward 16
4491,2963,2025-10-18,99,3,Simulated Ward 05
1781,1165,2025-03-13,20,3,Simulated Ward 10
472,306,2024-08-23,151,1,Simulated Ward 24
2469,1630,2025-02-27,129,3,Simulated Ward 08
3457,2278,2024-09-02,84,3,Simulated Ward 18
1425,933,2026-06-25,21,3,Simulated Ward 24
873,572,2024-12-02,103,3,Simulated Ward 24
5209,3441,2024-09-06,115,1,Simulated Ward 01
4196,2761,2024-09-07,43,3,Simulated Ward 05
4331,2850,2026-08-22,200,3,Simulated Ward 22
3421,2254,2025-01-07,18,1,Simulated Ward 05
1158,758,2026-07-23,47,3,Simulated Ward 11
3359,2211,2023-09-24,122,3,Simulated Ward 06
734,480,2024-09-22,77,3,Simulated Ward 24
3168,2083,2025-07-29,135,3,Simulated Ward 17
4113,2702,2024-12-22,10,1,Simulated Ward 25
1711,1117,2025-12-30,34,3,Simulated Ward 04
2498,1649,2024-09-08,21,3,Simulated Ward 24
3331,2191,2024-06-12,19,3,Simulated Ward 08
2223,1461,2025-06-28,63,3,Simulated Ward 02
5129,3387,2024-08-06,153,3,Simulated Ward 23
1123,734,2024-02-11,48,1,Simulated Ward 17
4732,3119,2024-11-15,11,3,Simulated Ward 19
4273,2812,2025-04-30,38,3,Simulated Ward 04
456,296,2024-06-08,17,3,Simulated Ward 22
3935,2585,2024-09-22,54,3,Simulated Ward 01
3790,2492,2026-04-09,91,3,Simulated Ward 09
4087,2686,2023-08-27,18,3,Simulated Ward 12
627,413,2024-11-26,159,3,Simulated Ward 09
3216,2118,2025-04-22,33,1,Simulated Ward 10
2719,1792,2023-09-20,67,3,Simulated Ward 22
1925,1256,2023-11-27,25,3,Simulated Ward 20
2839,1867,2025-10-09,34,1,Simulated Ward 16
388,251,2024-05-26,25,3,Simulated Ward 20
4027,2648,2023-07-10,113,3,Simulated Ward 07
100,64,2024-08-28,206,3,Simulated Ward 13
5164,3410,2023-12-28,368,3,Simulated Ward 14
2820,1856,2025-11-14,59,3,Simulated Ward 11
2044,1338,2024-10-01,87,3,Simulated Ward 23
4138,2721,2024-10-12,34,3,Simulated Ward 03
1523,996,2026-08-13,154,3,Simulated Ward 03
4890,3221,2026-08-16,186,3,Simulated Ward 13
2655,1748,2026-09-22,82,3,Simulated Ward 17
1203,785,2023-08-05,123,3,Simulated Ward 04
1122,733,2024-08-12,36,3,Simulated Ward 16
4481,2958,2024-11-13,216,3,Simulated Ward 11
3902,2564,2025-04-14,16,3,Simulated Ward 16
1345,880,2025-08-13,13,3,Simulated Ward 20
4869,3208,2025-10-26,314,3,Simulated Ward 04
2878,1891,2026-07-03,193,3,Simulated Ward 24
1857,1212,2024-11-13,34,3,Simulated Ward 11
3112,2044,2023-09-02,91,3,Simulated Ward 11
2418,1594,2024-09-02,28,3,Simulated Ward 06
711,464,2025-09-26,63,3,Simulated Ward 16
1148,750,2025-01-30,93,3,Simulated Ward 19
729,476,2025-12-08,24,3,Simulated Ward 01
4465,2947,2024-03-29,68,3,Simulated Ward 12
2978,1959,2023-12-30,15,3,Simulated Ward 07
3409,2246,2025-08-12,65,3,Simulated Ward 09
2695,1775,2026-04-15,201,3,Simulated Ward 24
1718,1121,2024-04-07,51,3,Simulated Ward 03
251,161,2025-12-17,11,3,Simulated Ward 16
577,374,2026-08-30,28,3,Simulated Ward 13
3227,2123,2024-08-12,97,3,Simulated Ward 22
5131,3388,2025-03-08,146,3,Simulated Ward 14
1591,1042,2025-10-14,39,0,Simulated Ward 14
2850,1873,2025-09-25,17,3,Simulated Ward 04
4407,2902,2023-12-10,193,3,Simulated Ward 20
716,467,2024-02-14,95,3,Simulated Ward 12
504,327,2025-11-20,72,3,Simulated Ward 18
690,452,2025-09-18,117,3,Simulated Ward 07
3283,2161,2025-09-08,70,1,Simulated Ward 08
5298,3499,2025-03-16,35,3,Simulated Ward 09
2271,1493,2024-12-02,294,3,Simulated Ward 08
435,283,2023-08-07,11,3,Simulated Ward 13
3625,2388,2026-01-05,120,1,Simulated Ward 17
2137,1399,2024-06-27,94,3,Simulated Ward 03
5105,3371,2024-09-24,50,3,Simulated Ward 21
338,218,2026-01-03,31,3,Simulated Ward 25
2609,1722,2024-07-25,118,3,Simulated Ward 07
1357,888,2026-03-06,19,3,Simulated Ward 22
2896,1902,2024-07-26,46,3,Simulated Ward 11
480,310,2024-05-02,70,3,Simulated Ward 14
412,268,2026-01-25,93,3,Simulated Ward 17
493,320,2025-08-04,17,3,Simulated Ward 11
243,156,2024-02-16,17,3,Simulated Ward 08
2958,1947,2024-07-15,16,3,Simulated Ward 02
4904,3233,2024-04-01,167,3,Simulated Ward 22
4616,3042,2026-08-19,79,2,Simulated Ward 15
2593,1713,2025-05-20,25,3,Simulated Ward 02
175,113,2025-08-22,20,3,Simulated Ward 06
2906,1908,2026-05-04,27,3,Simulated Ward 23
2468,1630,2025-01-16,129,3,Simulated Ward 08
867,568,2024-03-27,20,3,Simulated Ward 05
1164,762,2025-01-31,156,3,Simulated Ward 10
4472,2952,2023-11-15,14,3,Simulated Ward 02
3995,2626,2025-11-13,330,3,Simulated Ward 22
646,424,2024-04-07,52,3,Simulated Ward 11
5033,3321,2024-11-20,91,3,Simulated Ward 01
4021,2644,2025-07-27,16,3,Simulated Ward 07
134,85,2026-05-09,15,3,Simulated Ward 23
1951,1273,2026-04-05,44,3,Simulated Ward 14
708,462,2026-01-07,241,3,Simulated Ward 21
1080,708,2026-02-13,34,3,Simulated Ward 11
1898,1239,2023-10-09,276,3,Simulated Ward 10
368,238,2024-12-28,24,3,Simulated Ward 07
4985,3287,2024-07-15,15,3,Simulated Ward 02
5085,3356,2025-07-26,346,3,Simulated Ward 19
3884,2551,2026-05-31,81,3,Simulated Ward 21
3427,2259,2024-11-04,26,3,Simulated Ward 07
695,455,2023-09-08,82,3,Simulated Ward 07
4406,2901,2025-09-16,57,3,Simulated Ward 06
4923,3245,2023-12-07,15,3,Simulated Ward 17
403,261,2024-03-22,342,3,Simulated Ward 18
921,603,2025-11-16,26,3,Simulated Ward 22
2833,1863,2024-11-10,134,3,Simulated Ward 08
5029,3318,2024-02-04,10,3,Simulated Ward 09
346,225,2024-05-01,83,3,Simulated Ward 17
4163,2736,2023-10-09,96,3,Simulated Ward 03
4179,2747,2026-02-28,191,3,Simulated Ward 08
4197,2762,2024-05-31,34,3,Simulated Ward 01
2577,1700,2025-04-25,18,1,Simulated Ward 04
2984,1963,2024-04-02,23,3,Simulated Ward 19
4952,3264,2025-04-08,277,1,Simulated Ward 13
1081,709,2026-01-13,19,3,Simulated Ward 07
2143,1403,2026-07-15,330,3,Simulated Ward 23
408,265,2024-03-25,57,1,Simulated Ward 23
28,16,2024-08-20,22,3,Simulated Ward 06
1128,737,2023-12-07,36,3,Simulated Ward 03
1342,878,2025-11-11,12,3,Simulated Ward 21
301,195,2026-06-12,229,1,Simulated Ward 05
2046,1339,2025-09-05,132,3,Simulated Ward 11
129,81,2025-04-25,45,3,Simulated Ward 21
3493,2303,2024-05-23,381,3,Simulated Ward 02
2233,1467,2025-01-23,66,3,Simulated Ward 22
355,229,2026-05-13,44,3,Simulated Ward 16
505,327,2026-08-05,72,3,Simulated Ward 18
4808,3167,2023-09-10,36,3,Simulated Ward 03
1750,1143,2023-10-22,11,3,Simulated Ward 09
4496,2965,2025-09-02,15,1,Simulated Ward 03
4377,2883,2024-05-30,27,3,Simulated Ward 13
4637,3056,2024-03-09,31,3,Simulated Ward 03
3473,2290,2026-03-08,14,3,Simulated Ward 24
3154,2073,2023-08-19,10,3,Simulated Ward 13
2946,1937,2024-04-13,58,1,Simulated Ward 19
4752,3130,2026-06-30,315,3,Simulated Ward 03
3429,2260,2023-12-12,66,3,Simulated Ward 07
4993,3294,2023-12-15,18,3,Simulated Ward 01
3159,2076,2025-02-10,122,3,Simulated Ward 08
535,348,2023-12-27,30,3,Simulated Ward 10
4641,3058,2026-01-10,22,3,Simulated Ward 19
1213,792,2023-09-06,23,1,Simulated Ward 14
4077,2680,2023-07-16,123,3,Simulated Ward 20
796,521,2026-06-25,171,3,Simulated Ward 06
3718,2446,2023-08-19,17,3,Simulated Ward 08
3005,1976,2025-03-01,43,1,Simulated Ward 20
3815,2504,2026-05-01,48,3,Simulated Ward 17
2246,1476,2025-10-19,13,3,Simulated Ward 09
3700,2434,2024-02-10,17,3,Simulated Ward 05
96,62,2026-09-04,84,3,Simulated Ward 12
771,506,2024-12-10,23,3,Simulated Ward 17
4922,3244,2025-04-21,47,3,Simulated Ward 15
113,73,2024-05-03,19,3,Simulated Ward 03
109,71,2023-10-27,73,3,Simulated Ward 19
27,16,2023-06-17,22,3,Simulated Ward 06
3120,2050,2024-12-22,77,3,Simulated Ward 09
24,14,2024-09-19,42,3,Simulated Ward 01
2575,1699,2024-03-19,18,3,Simulated Ward 04
1707,1114,2026-01-28,47,3,Simulated Ward 14
866,567,2025-08-21,75,1,Simulated Ward 02
5124,3385,2023-06-18,32,3,Simulated Ward 05
2253,1480,2026-04-24,60,3,Simulated Ward 07
3128,2056,2026-03-22,106,3,Simulated Ward 11
3305,2175,2025-10-30,40,3,Simulated Ward 02
4319,2842,2024-03-07,64,3,Simulated Ward 14
2247,1477,2023-09-23,146,3,Simulated Ward 23
5271,3481,2025-06-29,17,3,Simulated Ward 11
5062,3341,2024-05-04,18,1,Simulated Ward 12
1577,1033,2025-07-21,64,3,Simulated Ward 15
1473,962,2026-05-21,62,1,Simulated Ward 24
2949,1940,2024-05-28,47,3,Simulated Ward 08
3119,2049,2025-04-28,783,3,Simulated Ward 07
3775,2482,2026-01-15,138,3,Simulated Ward 01
1056,694,2023-10-08,94,3,Simulated Ward 20
1702,1111,2023-11-13,162,3,Simulated Ward 23
3863,2537,2024-03-06,38,3,Simulated Ward 04
398,258,2024-02-26,48,1,Simulated Ward 12
62,37,2023-07-17,149,1,Simulated Ward 05
107,69,2024-06-23,278,3,Simulated Ward 04
2205,1449,2024-03-12,17,3,Simulated Ward 25
2351,1546,2026-08-22,202,3,Simulated Ward 10
3408,2245,2024-07-05,303,3,Simulated Ward 20
3205,2109,2026-07-01,313,3,Simulated Ward 17
4601,3033,2025-09-02,79,3,Simulated Ward 13
4887,3220,2024-03-10,47,3,Simulated Ward 01
3426,2258,2024-05-27,91,3,Simulated Ward 12
1104,722,2026-05-17,114,3,Simulated Ward 18
987,648,2026-01-31,59,3,Simulated Ward 05
264,170,2026-05-03,90,3,Simulated Ward 17
1440,941,2025-09-15,26,3,Simulated Ward 15
2277,1497,2024-11-03,262,3,Simulated Ward 18
1003,660,2026-08-19,67,3,Simulated Ward 23
2602,1718,2023-10-27,45,3,Simulated Ward 09
4930,3251,2023-12-11,28,3,Simulated Ward 18
3899,2562,2025-08-08,14,3,Simulated Ward 20
3052,2006,2023-07-25,54,3,Simulated Ward 09
4296,2827,2026-06-17,166,3,Simulated Ward 14
1539,1007,2024-02-28,18,3,Simulated Ward 23
1568,1027,2023-08-09,169,3,Simulated Ward 22
3972,2610,2024-06-30,29,3,Simulated Ward 07
320,207,2023-07-02,230,3,Simulated Ward 14
1413,925,2025-03-29,40,3,Simulated Ward 22
2497,1648,2025-09-22,202,3,Simulated Ward 24
4293,2826,2024-10-09,16,3,Simulated Ward 07
2881,1893,2026-01-15,92,3,Simulated Ward 17
1170,767,2026-03-09,305,3,Simulated Ward 17
222,141,2026-02-25,86,3,Simulated Ward 22
5210,3441,2025-05-17,115,1,Simulated Ward 01
662,433,2023-12-03,44,3,Simulated Ward 21
543,353,2023-11-28,35,3,Simulated Ward 19
5101,3368,2025-03-17,254,3,Simulated Ward 08
4213,2772,2025-03-18,360,3,Simulated Ward 06
1013,668,2024-03-07,13,3,Simulated Ward 05
1274,833,2023-10-11,87,3,Simulated Ward 12
521,338,2024-01-18,185,3,Simulated Ward 03
1505,984,2026-02-13,380,3,Simulated Ward 15
3735,2456,2023-07-15,62,3,Simulated Ward 07
3265,2151,2023-06-23,17,3,Simulated Ward 21
3958,2600,2026-09-13,22,1,Simulated Ward 06
3566,2351,2023-12-05,34,3,Simulated Ward 05
83,53,2025-11-22,61,3,Simulated Ward 12
3484,2296,2026-02-12,231,1,Simulated Ward 23
3504,2310,2026-05-20,43,3,Simulated Ward 20
4588,3025,2024-10-21,130,3,Simulated Ward 17
4147,2726,2025-06-20,58,3,Simulated Ward 17
3254,2143,2025-02-15,35,3,Simulated Ward 17
4009,2635,2025-06-26,154,3,Simulated Ward 13
1094,717,2024-05-10,10,3,Simulated Ward 17
4305,2833,2026-05-14,19,3,Simulated Ward 24
1045,687,2024-11-13,192,3,Simulated Ward 11
2546,1680,2025-08-12,16,3,Simulated Ward 08
3244,2135,2024-04-04,28,3,Simulated Ward 24
1622,1061,2025-01-10,81,3,Simulated Ward 22
3853,2530,2024-11-04,23,3,Simulated Ward 14
385,249,2024-06-10,359,3,Simulated Ward 10
5225,3451,2026-08-24,27,3,Simulated Ward 05
2831,1862,2026-04-04,87,3,Simulated Ward 07
4896,3226,2025-11-06,54,1,Simulated Ward 04
4134,2717,2025-02-28,154,3,Simulated Ward 18
453,294,2026-05-02,295,3,Simulated Ward 05
1192,780,2023-08-06,23,3,Simulated Ward 13
739,485,2025-01-09,92,3,Simulated Ward 16
3138,2062,2025-08-15,344,0,Simulated Ward 20
1708,1115,2024-02-17,90,1,Simulated Ward 14
3623,2387,2023-08-20,67,3,Simulated Ward 15
4944,3259,2025-09-25,16,3,Simulated Ward 18
4298,2828,2026-04-02,317,3,Simulated Ward 03
2471,1631,2024-09-27,325,3,Simulated Ward 21
1733,1132,2025-09-30,52,3,Simulated Ward 13
3092,2031,2026-01-08,194,3,Simulated Ward 17
4151,2728,2025-03-13,109,3,Simulated Ward 02
547,355,2024-10-22,181,3,Simulated Ward 01
3266,2151,2024-11-04,17,3,Simulated Ward 21
2374,1562,2025-09-10,67,3,Simulated Ward 02
226,145,2024-03-24,16,3,Simulated Ward 17
4706,3102,2025-06-19,303,3,Simulated Ward 06
1760,1149,2026-08-05,16,3,Simulated Ward 02
2649,1745,2025-06-13,96,3,Simulated Ward 16
3927,2580,2024-01-08,177,3,Simulated Ward 22
143,94,2023-08-04,18,3,Simulated Ward 13
3874,2544,2025-12-06,91,3,Simulated Ward 07
3621,2386,2025-03-18,58,3,Simulated Ward 07
768,504,2024-06-11,74,3,Simulated Ward 03
1717,1120,2025-05-06,15,3,Simulated Ward 22
971,637,2025-02-02,13,3,Simulated Ward 20
1753,1144,2025-01-09,28,3,Simulated Ward 11
245,157,2023-08-03,199,3,Simulated Ward 19
1626,1064,2024-11-04,38,3,Simulated Ward 25
2959,1947,2024-09-30,16,3,Simulated Ward 02
4258,2803,2023-11-09,200,3,Simulated Ward 07
1716,1120,2023-11-28,15,3,Simulated Ward 22
5031,3320,2023-11-21,28,3,Simulated Ward 21
4024,2646,2025-07-13,22,3,Simulated Ward 11
3009,1979,2023-08-16,34,3,Simulated Ward 21
117,75,2025-03-03,10,3,Simulated Ward 22
1947,1271,2024-05-12,32,3,Simulated Ward 01
5165,3411,2023-07-27,188,3,Simulated Ward 10
851,558,2023-10-03,30,2,Simulated Ward 01
2783,1835,2024-10-31,27,1,Simulated Ward 22
4083,2683,2026-04-03,120,1,Simulated Ward 03
861,564,2023-08-24,112,3,Simulated Ward 21
22,14,2024-01-20,42,3,Simulated Ward 01
4981,3283,2025-05-16,292,0,Simulated Ward 06
3354,2207,2023-11-19,38,3,Simulated Ward 19
4886,3219,2025-10-07,213,3,Simulated Ward 17
2429,1600,2025-10-06,38,3,Simulated Ward 19
3685,2425,2024-05-04,139,1,Simulated Ward 03
2587,1708,2025-05-21,29,0,Simulated Ward 08
2157,1412,2024-10-12,132,3,Simulated Ward 19
876,575,2024-01-19,12,3,Simulated Ward 24
896,586,2025-05-22,80,3,Simulated Ward 11
2503,1653,2026-04-05,348,3,Simulated Ward 19
283,183,2024-10-25,146,3,Simulated Ward 04
3726,2451,2024-03-08,13,3,Simulated Ward 21
426,277,2024-03-23,41,3,Simulated Ward 09
3989,2623,2025-02-22,13,3,Simulated Ward 13
3877,2547,2023-12-26,85,3,Simulated Ward 02
2395,1577,2026-03-26,16,3,Simulated Ward 12
2158,1413,2024-06-30,29,3,Simulated Ward 19
3970,2609,2026-01-05,89,3,Simulated Ward 12
4688,3090,2026-06-03,187,3,Simulated Ward 14
3261,2148,2026-04-24,261,3,Simulated Ward 04
2457,1621,2026-08-05,19,3,Simulated Ward 08
3171,2085,2023-06-05,315,1,Simulated Ward 01
5260,3474,2025-11-20,136,3,Simulated Ward 01
4171,2742,2024-07-26,37,3,Simulated Ward 02
3780,2486,2023-10-21,42,1,Simulated Ward 18
1581,1035,2026-07-09,16,0,Simulated Ward 19
2166,1420,2023-08-12,44,3,Simulated Ward 11
2866,1883,2026-05-30,48,3,Simulated Ward 13
1313,859,2025-11-20,18,3,Simulated Ward 20
3996,2627,2024-02-05,46,3,Simulated Ward 11
727,475,2023-07-25,47,3,Simulated Ward 12
4794,3159,2026-06-28,28,0,Simulated Ward 06
4164,2737,2026-01-19,38,3,Simulated Ward 20
2774,1830,2024-03-27,75,3,Simulated Ward 10
670,439,2025-04-08,61,3,Simulated Ward 15
778,510,2025-12-15,61,3,Simulated Ward 08
835,547,2025-09-27,30,3,Simulated Ward 08
5234,3458,2026-08-04,155,3,Simulated Ward 05
1541,1009,2024-07-22,27,3,Simulated Ward 02
4070,2676,2026-06-25,41,3,Simulated Ward 13
3357,2210,2023-10-19,16,3,Simulated Ward 03
2182,1432,2026-06-04,24,3,Simulated Ward 19
4221,2777,2023-11-20,95,3,Simulated Ward 16
2162,1416,2024-11-14,61,3,Simulated Ward 13
1553,1017,2024-08-29,75,3,Simulated Ward 16
2584,1706,2023-08-26,232,1,Simulated Ward 13
2947,1938,2023-12-15,46,3,Simulated Ward 03
1991,1303,2025-10-09,227,3,Simulated Ward 04
2281,1500,2025-08-27,40,3,Simulated Ward 14
3342,2198,2024-01-30,37,3,Simulated Ward 09
1257,822,2025-10-26,163,1,Simulated Ward 21
4587,3024,2023-06-11,36,1,Simulated Ward 24
1311,859,2024-03-25,18,3,Simulated Ward 20
242,155,2025-09-12,48,3,Simulated Ward 12
5197,3431,2025-11-29,140,3,Simulated Ward 02
3125,2054,2026-09-07,17,3,Simulated Ward 23
3624,2387,2024-11-25,67,3,Simulated Ward 15
836,548,2023-07-30,38,3,Simulated Ward 07
2779,1833,2024-09-30,47,1,Simulated Ward 04
2639,1739,2026-03-16,16,3,Simulated Ward 06
1666,1090,2025-12-02,28,3,Simulated Ward 10
3909,2569,2024-09-12,311,3,Simulated Ward 02
4180,2748,2023-12-09,14,3,Simulated Ward 22
3873,2543,2026-02-27,39,3,Simulated Ward 06
2738,1805,2024-01-19,15,3,Simulated Ward 11
2755,1817,2025-04-26,94,3,Simulated Ward 01
4549,3000,2024-06-13,25,3,Simulated Ward 23
5061,3341,2023-06-28,18,3,Simulated Ward 12
4092,2688,2025-08-20,449,3,Simulated Ward 03
4467,2948,2025-08-20,26,3,Simulated Ward 08
1601,1047,2025-05-21,41,1,Simulated Ward 06
1725,1126,2024-09-13,10,3,Simulated Ward 17
3900,2563,2025-03-17,15,3,Simulated Ward 20
2056,1344,2024-06-07,18,3,Simulated Ward 15
1596,1044,2026-09-19,153,3,Simulated Ward 03
3722,2448,2026-02-15,77,3,Simulated Ward 12
2369,1558,2023-09-02,50,3,Simulated Ward 08
2968,1952,2026-08-10,14,1,Simulated Ward 13
4765,3139,2025-05-19,29,3,Simulated Ward 05
5030,3319,2025-05-28,42,1,Simulated Ward 07
2093,1371,2023-08-04,210,3,Simulated Ward 04
4867,3207,2025-05-28,45,0,Simulated Ward 20
542,352,2025-01-06,18,3,Simulated Ward 06
4555,3003,2025-06-26,30,3,Simulated Ward 08
4321,2843,2024-11-15,150,3,Simulated Ward 04
508,329,2025-01-10,386,3,Simulated Ward 11
182,118,2025-07-03,32,3,Simulated Ward 13
3019,1986,2025-03-05,11,3,Simulated Ward 02
2918,1918,2023-10-29,153,3,Simulated Ward 24
285,184,2024-11-19,12,3,Simulated Ward 05
4400,2898,2025-05-14,27,3,Simulated Ward 10
4901,3231,2023-08-13,11,3,Simulated Ward 22
1894,1236,2023-11-04,10,3,Simulated Ward 09
3272,2154,2025-11-08,55,3,Simulated Ward 16
1879,1226,2023-06-24,18,3,Simulated Ward 24
2470,1631,2024-04-30,325,3,Simulated Ward 21
4489,2962,2023-10-16,37,3,Simulated Ward 25
4149,2727,2026-04-22,60,3,Simulated Ward 20
4644,3061,2026-06-21,44,1,Simulated Ward 21
4174,2745,2024-05-09,153,3,Simulated Ward 07
4582,3020,2026-06-02,97,1,Simulated Ward 23
1617,1058,2024-04-09,48,3,Simulated Ward 06
5161,3408,2024-09-01,152,1,Simulated Ward 12
1608,1052,2025-01-22,25,1,Simulated Ward 11
3942,2590,2026-08-25,97,3,Simulated Ward 25
3286,2164,2023-10-10,306,3,Simulated Ward 10
2904,1907,2025-10-15,14,3,Simulated Ward 09
5263,3476,2024-02-17,340,3,Simulated Ward 14
4242,2791,2024-07-22,29,3,Simulated Ward 15
4378,2883,2026-04-20,27,3,Simulated Ward 13
534,347,2026-09-14,15,3,Simulated Ward 23
1329,869,2025-01-10,21,3,Simulated Ward 14
4493,2964,2023-10-22,177,1,Simulated Ward 11
3534,2329,2024-02-16,75,3,Simulated Ward 25
4824,3178,2025-12-18,99,1,Simulated Ward 24
2810,1850,2026-01-12,13,3,Simulated Ward 12
4785,3151,2026-07-15,19,3,Simulated Ward 08
339,219,2023-12-16,249,3,Simulated Ward 13
1224,800,2025-12-24,140,3,Simulated Ward 14
436,284,2023-09-23,11,3,Simulated Ward 25
4626,3049,2024-11-22,74,3,Simulated Ward 12
1494,977,2025-01-30,63,3,Simulated Ward 17
3250,2139,2026-08-28,147,3,Simulated Ward 19
723,472,2025-12-10,46,1,Simulated Ward 16
424,276,2023-07-19,244,3,Simulated Ward 21
839,549,2025-12-16,73,3,Simulated Ward 16
3406,2244,2024-08-03,14,3,Simulated Ward 12
4557,3004,2025-04-03,321,3,Simulated Ward 12
3273,2155,2023-06-12,86,3,Simulated Ward 07
4492,2963,2026-06-14,99,3,Simulated Ward 05
705,461,2024-11-24,20,3,Simulated Ward 19
1469,960,2026-07-13,201,3,Simulated Ward 25
4585,3022,2024-02-06,28,3,Simulated Ward 24
1417,927,2026-07-19,59,3,Simulated Ward 07
4695,3096,2026-06-22,14,3,Simulated Ward 12
4591,3026,2025-09-24,142,3,Simulated Ward 15
313,203,2024-05-08,141,3,Simulated Ward 04
3617,2383,2024-10-24,176,1,Simulated Ward 24
894,585,2024-08-25,16,3,Simulated Ward 09
1836,1200,2024-07-11,33,3,Simulated Ward 04
944,619,2024-06-14,36,3,Simulated Ward 14
3674,2418,2024-05-20,36,3,Simulated Ward 22
4156,2731,2024-03-03,52,3,Simulated Ward 15
611,400,2024-08-02,41,2,Simulated Ward 05
1609,1052,2025-02-22,25,3,Simulated Ward 11
4799,3163,2024-06-08,11,1,Simulated Ward 01
4558,3005,2023-10-05,198,3,Simulated Ward 03
1558,1020,2026-07-28,10,3,Simulated Ward 20
3693,2430,2026-02-04,253,3,Simulated Ward 07
315,204,2025-02-15,49,3,Simulated Ward 02
1047,688,2024-01-27,152,3,Simulated Ward 05
4477,2956,2025-08-08,16,3,Simulated Ward 13
1822,1193,2024-05-07,39,1,Simulated Ward 18
4234,2788,2024-11-23,46,3,Simulated Ward 04
4042,2656,2026-03-17,37,3,Simulated Ward 03
529,343,2024-04-12,62,3,Simulated Ward 08
1824,1193,2026-05-30,39,3,Simulated Ward 18
3546,2337,2026-01-26,54,3,Simulated Ward 05
3855,2531,2025-07-07,15,3,Simulated Ward 12
2087,1366,2026-09-13,28,3,Simulated Ward 07
5106,3372,2025-12-02,21,3,Simulated Ward 19
1319,863,2025-12-14,27,3,Simulated Ward 24
1078,707,2025-02-11,57,3,Simulated Ward 18
2597,1715,2025-01-08,289,3,Simulated Ward 05
487,316,2026-02-14,28,3,Simulated Ward 09
3016,1984,2026-06-10,47,3,Simulated Ward 10
2853,1875,2025-11-28,88,3,Simulated Ward 15
3157,2075,2024-10-30,228,3,Simulated Ward 11
2187,1436,2026-08-25,149,3,Simulated Ward 17
1623,1062,2024-04-26,57,3,Simulated Ward 02
2204,1448,2025-10-18,21,3,Simulated Ward 21
869,569,2026-05-14,108,3,Simulated Ward 03
891,583,2024-02-01,97,3,Simulated Ward 01
2897,1902,2025-07-07,46,3,Simulated Ward 11
1178,771,2025-04-10,103,3,Simulated Ward 13
3237,2132,2024-01-15,30,1,Simulated Ward 17
4708,3103,2025-11-28,198,3,Simulated Ward 20
672,440,2025-05-27,33,3,Simulated Ward 13
45,26,2025-02-04,144,3,Simulated Ward 13
2898,1903,2025-03-04,71,3,Simulated Ward 20
1628,1065,2025-07-02,19,3,Simulated Ward 22
2421,1595,2026-04-30,68,3,Simulated Ward 10
73,45,2023-08-16,12,3,Simulated Ward 15
2691,1774,2023-10-04,38,3,Simulated Ward 22
4665,3074,2023-10-07,173,3,Simulated Ward 14
116,74,2025-06-24,41,3,Simulated Ward 14
488,317,2023-06-21,213,3,Simulated Ward 18
1442,942,2026-02-13,47,3,Simulated Ward 15
1528,999,2025-04-07,33,3,Simulated Ward 25
676,443,2025-12-30,296,1,Simulated Ward 22
2474,1633,2025-09-28,93,3,Simulated Ward 02
5056,3337,2024-11-09,15,3,Simulated Ward 19
4398,2896,2025-07-22,17,3,Simulated Ward 06
4232,2786,2024-03-31,14,3,Simulated Ward 06
4286,2822,2025-02-03,370,3,Simulated Ward 17
4514,2978,2023-08-17,17,3,Simulated Ward 08
213,137,2025-08-27,72,1,Simulated Ward 02
3857,2532,2023-09-02,43,3,Simulated Ward 04
4756,3133,2023-11-18,25,1,Simulated Ward 21
4683,3086,2026-06-15,16,3,Simulated Ward 24
2008,1313,2024-08-02,14,3,Simulated Ward 10
2534,1672,2026-01-18,17,1,Simulated Ward 20
3399,2239,2024-05-17,11,1,Simulated Ward 04
4461,2943,2025-06-16,310,3,Simulated Ward 25
4777,3145,2025-04-09,78,3,Simulated Ward 23
1142,746,2026-04-18,245,1,Simulated Ward 19
3731,2454,2025-09-30,101,3,Simulated Ward 16
3042,2000,2025-08-26,18,3,Simulated Ward 18
2437,1607,2024-08-16,17,3,Simulated Ward 11
5067,3345,2023-11-02,25,3,Simulated Ward 04
5208,3440,2024-05-10,34,3,Simulated Ward 04
2326,1531,2023-12-04,13,3,Simulated Ward 05
234,148,2024-05-14,30,3,Simulated Ward 14
4101,2694,2026-05-18,12,3,Simulated Ward 08
5142,3395,2025-03-18,17,3,Simulated Ward 03
3218,2119,2024-05-02,18,3,Simulated Ward 20
4236,2789,2023-06-25,198,2,Simulated Ward 01
825,542,2025-05-15,74,3,Simulated Ward 05
5116,3380,2025-06-07,290,3,Simulated Ward 19
2562,1690,2026-01-10,60,1,Simulated Ward 08
4935,3255,2025-09-14,31,3,Simulated Ward 16
2081,1362,2024-09-07,20,3,Simulated Ward 17
1222,798,2024-10-13,10,3,Simulated Ward 19
1919,1251,2025-10-26,36,3,Simulated Ward 07
4685,3088,2025-03-10,29,3,Simulated Ward 20
3892,2557,2023-08-06,30,3,Simulated Ward 15
4529,2988,2023-11-02,69,3,Simulated Ward 03
562,364,2025-05-04,14,3,Simulated Ward 07
4191,2756,2026-07-27,15,3,Simulated Ward 16
147,95,2025-05-07,12,3,Simulated Ward 16
4691,3093,2024-01-27,19,3,Simulated Ward 06
2411,1588,2025-02-01,42,3,Simulated Ward 06
2653,1747,2025-09-16,11,3,Simulated Ward 19
2017,1319,2025-04-30,50,3,Simulated Ward 01
5053,3334,2025-12-18,67,3,Simulated Ward 10
3571,2354,2024-05-27,194,3,Simulated Ward 09
3483,2296,2025-07-20,231,3,Simulated Ward 23
1137,742,2026-05-03,45,1,Simulated Ward 13
5020,3311,2025-10-29,12,3,Simulated Ward 07
732,478,2026-01-03,297,3,Simulated Ward 02
4069,2676,2025-03-24,41,3,Simulated Ward 13
4107,2698,2025-06-29,48,1,Simulated Ward 10
4531,2989,2025-04-25,53,3,Simulated Ward 12
988,649,2024-01-06,22,3,Simulated Ward 10
2206,1450,2025-07-15,62,3,Simulated Ward 19
3014,1982,2024-01-26,151,3,Simulated Ward 03
336,217,2023-07-05,89,3,Simulated Ward 21
5147,3398,2024-09-19,19,1,Simulated Ward 02
4693,3095,2024-04-16,207,3,Simulated Ward 12
353,229,2025-01-28,44,3,Simulated Ward 16
967,635,2024-02-11,28,3,Simulated Ward 23
692,453,2024-03-07,14,3,Simulated Ward 08
2690,1773,2024-11-26,15,3,Simulated Ward 25
2067,1352,2023-10-21,16,3,Simulated Ward 18
3403,2241,2026-07-25,159,3,Simulated Ward 06
4143,2724,2026-08-15,215,3,Simulated Ward 13
158,102,2026-01-30,49,3,Simulated Ward 08
4011,2636,2025-12-27,54,1,Simulated Ward 02
190,123,2024-11-04,26,3,Simulated Ward 10
1627,1064,2024-11-27,38,3,Simulated Ward 25
791,518,2026-08-11,40,3,Simulated Ward 12
4194,2759,2025-11-02,55,3,Simulated Ward 21
3667,2414,2024-08-17,10,3,Simulated Ward 04
316,205,2024-08-22,12,3,Simulated Ward 16
3499,2307,2025-06-09,146,3,Simulated Ward 15
5162,3409,2024-02-04,15,3,Simulated Ward 13
3569,2352,2025-12-06,49,3,Simulated Ward 04
686,449,2024-09-15,36,3,Simulated Ward 22
4419,2912,2025-07-13,136,3,Simulated Ward 23
4562,3007,2024-04-13,23,3,Simulated Ward 16
4921,3243,2024-11-27,260,3,Simulated Ward 22
3510,2314,2023-10-05,172,2,Simulated Ward 12
3798,2496,2023-10-26,12,3,Simulated Ward 22
2118,1387,2023-10-06,18,3,Simulated Ward 19
4898,3228,2025-12-26,49,3,Simulated Ward 23
3586,2363,2026-04-28,219,3,Simulated Ward 23
1859,1213,2023-07-03,217,3,Simulated Ward 15
1318,863,2024-01-29,27,2,Simulated Ward 24
4521,2982,2026-05-01,119,0,Simulated Ward 01
4618,3043,2026-09-24,70,3,Simulated Ward 15
481,310,2024-10-30,70,3,Simulated Ward 14
165,107,2023-11-17,42,3,Simulated Ward 21
831,545,2025-10-06,32,3,Simulated Ward 14
5290,3494,2026-06-18,80,3,Simulated Ward 08
1724,1125,2025-05-30,46,3,Simulated Ward 18
1282,838,2026-05-14,226,3,Simulated Ward 17
1371,897,2024-11-10,190,3,Simulated Ward 17
3480,2294,2025-06-13,21,1,Simulated Ward 12
1693,1106,2023-07-23,35,3,Simulated Ward 19
3678,2420,2026-08-02,102,1,Simulated Ward 07
2619,1728,2026-01-11,33,3,Simulated Ward 13
3486,2298,2025-01-05,47,3,Simulated Ward 25
2944,1935,2025-09-20,18,3,Simulated Ward 04
4609,3038,2026-01-31,109,3,Simulated Ward 16
1744,1139,2024-09-14,12,3,Simulated Ward 16
2722,1793,2025-11-11,229,3,Simulated Ward 08
1070,702,2025-06-10,249,2,Simulated Ward 13
3453,2275,2024-08-16,20,3,Simulated Ward 23
3071,2019,2025-01-02,43,3,Simulated Ward 04
5294,3496,2025-05-23,30,3,Simulated Ward 01
1289,844,2024-03-29,207,3,Simulated Ward 01
847,555,2025-10-30,66,3,Simulated Ward 12
4118,2705,2026-08-05,66,3,Simulated Ward 22
217,139,2025-11-16,39,3,Simulated Ward 19
111,72,2025-06-13,136,3,Simulated Ward 16
207,133,2024-07-13,51,3,Simulated Ward 16
4388,2889,2026-04-21,25,1,Simulated Ward 07
2809,1850,2025-11-02,13,2,Simulated Ward 12
1053,691,2024-08-01,129,3,Simulated Ward 10
1087,712,2024-04-21,10,3,Simulated Ward 17
4062,2670,2024-12-24,35,3,Simulated Ward 25
3944,2592,2025-10-18,10,3,Simulated Ward 12
4450,2935,2025-12-11,39,3,Simulated Ward 12
2706,1782,2024-10-29,10,3,Simulated Ward 15
5174,3416,2024-10-11,154,3,Simulated Ward 07
794,520,2024-05-02,41,1,Simulated Ward 23
4082,2683,2023-08-01,120,3,Simulated Ward 03
5041,3326,2025-01-06,11,1,Simulated Ward 01
4895,3225,2024-10-22,32,1,Simulated Ward 20
1308,856,2025-08-12,14,3,Simulated Ward 15
4571,3013,2023-07-23,12,3,Simulated Ward 15
3524,2322,2026-04-04,506,3,Simulated Ward 12
3730,2453,2025-05-22,67,3,Simulated Ward 10
4535,2992,2024-10-14,61,3,Simulated Ward 21
949,622,2025-11-25,35,1,Simulated Ward 03
4862,3203,2024-04-06,49,3,Simulated Ward 17
2865,1882,2025-10-07,129,1,Simulated Ward 02
3707,2439,2025-10-13,202,3,Simulated Ward 21
1347,882,2024-10-26,34,3,Simulated Ward 06
1743,1138,2026-02-08,95,2,Simulated Ward 08
3382,2227,2024-07-25,256,3,Simulated Ward 05
3220,2120,2023-11-19,30,3,Simulated Ward 12
208,134,2024-08-05,19,3,Simulated Ward 09
3765,2475,2025-05-07,118,2,Simulated Ward 18
4216,2774,2025-11-02,81,3,Simulated Ward 20
2049,1340,2024-07-12,25,1,Simulated Ward 22
3258,2146,2025-10-11,60,3,Simulated Ward 16
3588,2364,2026-06-23,30,3,Simulated Ward 23
2908,1910,2024-06-13,19,3,Simulated Ward 15
1795,1174,2023-10-03,12,3,Simulated Ward 16
447,290,2026-02-08,272,3,Simulated Ward 18
387,250,2025-11-28,267,3,Simulated Ward 18
5226,3452,2025-07-13,11,3,Simulated Ward 05
760,498,2024-10-18,54,3,Simulated Ward 02
3351,2204,2026-09-12,104,3,Simulated Ward 06
938,615,2026-01-26,19,3,Simulated Ward 14
746,489,2025-09-29,22,3,Simulated Ward 03
5167,3412,2024-10-08,609,3,Simulated Ward 15
5065,3343,2023-08-06,196,3,Simulated Ward 06
2339,1539,2026-01-17,99,3,Simulated Ward 08
51,30,2026-03-25,184,3,Simulated Ward 03
2957,1946,2023-08-02,50,3,Simulated Ward 11
653,428,2026-02-02,14,3,Simulated Ward 13
3204,2108,2024-03-06,13,3,Simulated Ward 24
3104,2039,2025-11-10,13,3,Simulated Ward 21
1157,757,2026-04-26,39,1,Simulated Ward 19
1297,849,2023-08-11,135,3,Simulated Ward 11
4829,3182,2025-08-29,68,3,Simulated Ward 07
2857,1878,2025-05-14,82,3,Simulated Ward 20
1316,861,2024-08-15,117,3,Simulated Ward 22
4195,2760,2024-08-27,98,3,Simulated Ward 20
1069,701,2025-03-01,282,1,Simulated Ward 18
1619,1059,2023-11-03,41,1,Simulated Ward 20
697,456,2023-11-12,342,3,Simulated Ward 11
3440,2266,2025-08-03,166,3,Simulated Ward 13
4738,3122,2025-03-26,45,3,Simulated Ward 06
2582,1704,2026-03-19,33,3,Simulated Ward 22
2331,1534,2025-12-25,23,3,Simulated Ward 25
3910,2569,2026-07-23,311,3,Simulated Ward 02
4237,2789,2024-08-23,198,1,Simulated Ward 01
1534,1004,2023-06-09,394,3,Simulated Ward 05
166,107,2025-01-15,42,3,Simulated Ward 21
5148,3399,2025-04-02,17,3,Simulated Ward 15
763,500,2025-06-26,673,3,Simulated Ward 17
2994,1969,2024-01-03,88,3,Simulated Ward 04
5279,3487,2024-06-15,155,2,Simulated Ward 15
3495,2304,2025-11-02,32,3,Simulated Ward 22
1873,1222,2025-05-26,170,3,Simulated Ward 01
4185,2752,2023-11-20,142,3,Simulated Ward 23
5163,3410,2023-10-25,368,3,Simulated Ward 14
2117,1386,2023-11-10,46,1,Simulated Ward 09
1102,722,2024-05-23,114,3,Simulated Ward 18
916,600,2026-05-21,288,3,Simulated Ward 02
871,570,2023-12-22,44,3,Simulated Ward 04
2841,1868,2026-02-13,39,3,Simulated Ward 22
3075,2022,2025-08-19,120,3,Simulated Ward 14
5235,3459,2024-10-08,30,1,Simulated Ward 10
2624,1731,2024-01-26,10,3,Simulated Ward 05
1030,678,2024-01-09,30,1,Simulated Ward 25
710,463,2026-06-11,35,3,Simulated Ward 10
1542,1010,2024-09-12,163,3,Simulated Ward 13
332,214,2025-10-10,389,3,Simulated Ward 14
3310,2178,2026-06-23,31,3,Simulated Ward 14
986,647,2025-03-01,93,3,Simulated Ward 11
189,123,2024-10-19,26,3,Simulated Ward 10
180,117,2025-09-20,36,3,Simulated Ward 14
1672,1094,2024-03-09,14,1,Simulated Ward 24
1272,831,2026-08-29,38,3,Simulated Ward 20
2999,1971,2026-02-11,10,3,Simulated Ward 15
3004,1975,2026-06-13,27,3,Simulated Ward 05
1480,967,2023-12-25,81,3,Simulated Ward 23
1097,718,2025-05-15,20,1,Simulated Ward 23
1141,746,2024-02-16,245,3,Simulated Ward 19
2614,1726,2023-08-11,32,2,Simulated Ward 03
344,223,2023-08-21,37,3,Simulated Ward 18
1990,1302,2023-08-10,80,3,Simulated Ward 16
2227,1463,2023-06-19,246,3,Simulated Ward 03
3469,2287,2024-09-10,53,3,Simulated Ward 13
2123,1390,2025-03-17,341,3,Simulated Ward 06
4121,2707,2023-09-09,188,3,Simulated Ward 23
2709,1784,2026-07-04,55,3,Simulated Ward 09
2613,1725,2024-03-08,128,3,Simulated Ward 09
4541,2995,2024-05-26,176,3,Simulated Ward 25
1759,1149,2026-04-06,16,3,Simulated Ward 02
1377,900,2024-02-22,33,1,Simulated Ward 09
4679,3083,2023-09-01,23,3,Simulated Ward 02
4203,2766,2025-04-08,34,3,Simulated Ward 21
3322,2186,2026-05-19,15,2,Simulated Ward 13
3554,2343,2026-02-20,137,3,Simulated Ward 12
2741,1807,2024-07-18,40,3,Simulated Ward 23
4099,2693,2023-10-10,62,3,Simulated Ward 17
889,581,2026-02-15,37,3,Simulated Ward 12
3528,2325,2025-08-08,18,3,Simulated Ward 20
2262,1486,2026-01-28,18,3,Simulated Ward 18
1751,1143,2024-11-01,11,0,Simulated Ward 09
4093,2689,2024-08-08,10,3,Simulated Ward 02
1315,861,2023-07-02,117,3,Simulated Ward 22
970,637,2024-05-06,13,3,Simulated Ward 20
4418,2911,2024-06-27,346,2,Simulated Ward 06
4340,2855,2025-11-27,157,1,Simulated Ward 24
1467,958,2023-07-14,11,3,Simulated Ward 07
902,591,2024-02-19,15,3,Simulated Ward 05
1516,992,2026-08-12,124,3,Simulated Ward 12
1197,782,2025-03-03,97,3,Simulated Ward 19
4282,2819,2024-04-10,266,3,Simulated Ward 08
2330,1533,2026-08-01,12,3,Simulated Ward 05
137,88,2025-01-22,40,3,Simulated Ward 08
2876,1890,2025-03-26,44,0,Simulated Ward 04
3006,1976,2025-03-20,43,3,Simulated Ward 20
3813,2503,2026-02-17,93,1,Simulated Ward 15
4757,3133,2025-05-09,25,3,Simulated Ward 21
3827,2512,2023-07-19,87,3,Simulated Ward 08
1466,957,2024-12-19,42,3,Simulated Ward 10
4657,3069,2024-11-04,123,3,Simulated Ward 01
4686,3089,2024-07-11,44,3,Simulated Ward 01
2692,1774,2024-04-02,38,3,Simulated Ward 22
3259,2147,2025-06-19,19,3,Simulated Ward 25
1079,708,2025-11-14,34,3,Simulated Ward 11
843,552,2025-04-19,35,1,Simulated Ward 09
3565,2350,2026-04-03,54,3,Simulated Ward 10
54,31,2026-08-30,212,3,Simulated Ward 25
2180,1430,2026-05-09,21,1,Simulated Ward 01
3511,2314,2024-11-08,172,1,Simulated Ward 12
1169,766,2025-04-13,145,3,Simulated Ward 15
4212,2772,2025-01-25,360,3,Simulated Ward 06
2829,1861,2026-09-11,68,1,Simulated Ward 17
1456,952,2024-09-30,30,0,Simulated Ward 16
3791,2492,2026-07-07,91,3,Simulated Ward 09
805,527,2024-02-09,55,3,Simulated Ward 18
132,83,2026-08-22,92,3,Simulated Ward 01
3799,2497,2023-08-03,89,3,Simulated Ward 19
3749,2465,2024-06-15,47,3,Simulated Ward 02
3045,2002,2024-03-04,186,3,Simulated Ward 05
610,399,2026-02-12,106,3,Simulated Ward 22
304,197,2024-01-12,12,3,Simulated Ward 22
2249,1478,2023-12-29,44,3,Simulated Ward 24
1449,948,2025-04-29,42,3,Simulated Ward 08
4857,3200,2024-06-03,15,3,Simulated Ward 03
2794,1841,2025-08-25,46,3,Simulated Ward 16
1034,679,2026-06-25,82,3,Simulated Ward 05
3535,2330,2023-11-21,38,3,Simulated Ward 22
2013,1316,2026-04-02,218,3,Simulated Ward 06
4201,2765,2026-04-13,12,3,Simulated Ward 06
4933,3254,2023-12-15,19,3,Simulated Ward 10
874,573,2026-08-22,49,3,Simulated Ward 04
2282,1501,2024-07-13,49,3,Simulated Ward 10
3466,2284,2025-05-19,86,3,Simulated Ward 17
1764,1152,2026-01-06,143,3,Simulated Ward 09
1372,897,2025-01-22,190,3,Simulated Ward 17
4263,2806,2024-07-12,46,3,Simulated Ward 20
2115,1385,2024-02-03,162,3,Simulated Ward 05
2178,1428,2024-11-21,81,3,Simulated Ward 13
4504,2971,2025-05-24,47,3,Simulated Ward 12
486,315,2026-04-06,14,3,Simulated Ward 19
2590,1711,2026-02-14,78,3,Simulated Ward 21
1687,1102,2024-09-01,34,3,Simulated Ward 02
1538,1006,2025-07-15,227,3,Simulated Ward 17
307,198,2026-07-29,17,3,Simulated Ward 07
2038,1334,2024-01-11,115,3,Simulated Ward 19
5100,3367,2023-09-25,31,3,Simulated Ward 11
42,24,2026-06-21,41,3,Simulated Ward 14
2663,1753,2024-01-31,16,3,Simulated Ward 20
2337,1539,2024-12-08,99,3,Simulated Ward 08
1920,1252,2026-03-12,45,3,Simulated Ward 20
2879,1892,2025-10-22,62,0,Simulated Ward 03
4773,3143,2025-05-22,31,3,Simulated Ward 02
2699,1777,2025-08-21,34,3,Simulated Ward 02
4633,3053,2026-02-22,104,3,Simulated Ward 13
3362,2212,2024-05-06,20,3,Simulated Ward 17
3478,2293,2026-09-02,38,3,Simulated Ward 01
4051,2660,2025-08-07,30,3,Simulated Ward 09
4649,3064,2024-12-01,16,3,Simulated Ward 25
3394,2235,2024-12-25,41,3,Simulated Ward 07
4945,3260,2024-04-30,48,3,Simulated Ward 18
376,243,2026-01-16,138,1,Simulated Ward 15
4017,2642,2025-02-28,162,3,Simulated Ward 24
2769,1827,2023-11-25,29,3,Simulated Ward 15
3922,2577,2026-08-17,157,3,Simulated Ward 15
4061,2669,2026-08-28,14,3,Simulated Ward 21
2496,1648,2024-12-15,202,1,Simulated Ward 24
2155,1411,2026-06-08,221,3,Simulated Ward 12
2557,1687,2023-12-26,73,3,Simulated Ward 21
3100,2036,2025-09-10,27,3,Simulated Ward 10
3285,2163,2025-10-05,11,3,Simulated Ward 03
2443,1612,2026-04-11,10,3,Simulated Ward 21
3243,2135,2024-02-18,28,3,Simulated Ward 24
638,419,2026-09-17,13,3,Simulated Ward 22
4090,2687,2025-10-25,291,3,Simulated Ward 16
2447,1615,2024-07-04,261,3,Simulated Ward 07
3720,2447,2024-01-03,328,3,Simulated Ward 04
588,382,2026-03-22,102,3,Simulated Ward 06
1851,1208,2025-03-23,133,3,Simulated Ward 24
4139,2721,2024-12-11,34,3,Simulated Ward 03
1803,1179,2026-07-09,14,3,Simulated Ward 02
5224,3451,2023-09-29,27,3,Simulated Ward 05
823,540,2024-03-29,14,3,Simulated Ward 02
2156,1412,2023-10-23,132,3,Simulated Ward 19
331,214,2024-04-30,389,3,Simulated Ward 14
1086,712,2024-04-07,10,3,Simulated Ward 17
4401,2898,2025-09-20,27,3,Simulated Ward 10
1749,1142,2026-05-04,350,3,Simulated Ward 11
358,231,2025-05-05,630,3,Simulated Ward 06
333,215,2025-01-22,19,3,Simulated Ward 10
2367,1556,2025-01-27,135,3,Simulated Ward 13
2023,1324,2024-09-04,310,3,Simulated Ward 13
2539,1675,2025-11-01,28,3,Simulated Ward 17
2760,1821,2025-09-23,36,3,Simulated Ward 25
4080,2681,2024-03-30,25,3,Simulated Ward 15
2992,1968,2025-07-21,302,3,Simulated Ward 19
239,153,2024-04-26,215,1,Simulated Ward 21
1825,1194,2023-12-26,112,3,Simulated Ward 24
3659,2409,2026-01-21,23,3,Simulated Ward 08
4839,3188,2023-07-14,23,3,Simulated Ward 09
1200,783,2026-07-19,16,1,Simulated Ward 13
4758,3134,2024-08-20,343,3,Simulated Ward 08
4696,3097,2023-11-15,271,3,Simulated Ward 06
961,631,2026-09-15,78,3,Simulated Ward 03
2265,1489,2023-06-08,93,3,Simulated Ward 05
4710,3105,2025-05-23,33,3,Simulated Ward 19
173,111,2026-04-30,14,3,Simulated Ward 24
3966,2606,2024-04-25,16,1,Simulated Ward 01
5166,3411,2023-09-26,188,3,Simulated Ward 10
415,270,2026-05-13,199,3,Simulated Ward 12
4788,3154,2026-08-18,321,3,Simulated Ward 14
4354,2865,2023-11-10,89,3,Simulated Ward 21
277,179,2025-08-10,10,3,Simulated Ward 12
2036,1333,2026-05-29,65,3,Simulated Ward 19
1801,1177,2025-10-05,19,3,Simulated Ward 08
1459,953,2024-08-29,66,3,Simulated Ward 13
1004,661,2024-03-30,158,3,Simulated Ward 11
3594,2367,2024-10-15,105,3,Simulated Ward 03
3931,2583,2026-09-16,200,3,Simulated Ward 21
1205,787,2024-02-17,10,3,Simulated Ward 12
4308,2835,2023-06-20,26,3,Simulated Ward 24
5268,3479,2024-03-13,77,3,Simulated Ward 03
3024,1989,2024-03-23,69,3,Simulated Ward 11
4810,3168,2025-11-13,112,3,Simulated Ward 19
373,242,2024-01-26,13,3,Simulated Ward 06
576,373,2026-07-01,83,3,Simulated Ward 10
3376,2223,2025-05-28,72,3,Simulated Ward 09
1130,738,2025-12-17,45,3,Simulated Ward 11
4109,2700,2026-03-25,29,3,Simulated Ward 17
4556,3004,2024-01-14,321,3,Simulated Ward 12
2348,1545,2025-06-25,396,3,Simulated Ward 18
2671,1759,2025-11-21,332,3,Simulated Ward 07
4095,2691,2023-06-21,29,3,Simulated Ward 14
1326,867,2025-09-01,98,3,Simulated Ward 06
747,490,2024-08-29,22,3,Simulated Ward 24
1660,1085,2025-12-19,33,3,Simulated Ward 14
4721,3111,2025-01-27,16,3,Simulated Ward 03
3338,2196,2025-02-23,260,3,Simulated Ward 19
4703,3101,2024-04-21,314,3,Simulated Ward 09
582,378,2025-02-11,330,1,Simulated Ward 22
3656,2407,2025-05-28,28,1,Simulated Ward 02
882,578,2023-10-14,68,3,Simulated Ward 14
3675,2418,2024-06-23,36,3,Simulated Ward 22
2264,1488,2026-09-10,39,3,Simulated Ward 10
1911,1248,2026-05-14,186,3,Simulated Ward 21
3781,2486,2025-08-06,42,3,Simulated Ward 18
3698,2433,2025-04-12,36,1,Simulated Ward 19
4882,3217,2026-08-20,14,3,Simulated Ward 18
4423,2915,2025-03-16,39,1,Simulated Ward 16
3628,2390,2024-05-08,34,3,Simulated Ward 13
2452,1618,2026-04-06,30,3,Simulated Ward 11
926,607,2026-08-31,362,3,Simulated Ward 15
2868,1884,2025-04-22,116,3,Simulated Ward 11
2956,1945,2026-01-03,15,3,Simulated Ward 20
759,497,2026-08-07,127,3,Simulated Ward 21
979,643,2023-08-19,47,3,Simulated Ward 18
4086,2685,2026-08-28,13,3,Simulated Ward 22
2911,1912,2025-09-28,46,3,Simulated Ward 01
4553,3002,2024-09-18,96,3,Simulated Ward 23
1416,927,2025-01-15,59,3,Simulated Ward 07
965,634,2023-12-01,19,3,Simulated Ward 05
1833,1198,2025-04-17,37,3,Simulated Ward 20
4918,3241,2023-08-01,354,3,Simulated Ward 19
4495,2965,2024-08-04,15,3,Simulated Ward 03
2642,1741,2026-06-23,129,3,Simulated Ward 14
4468,2949,2024-07-17,33,3,Simulated Ward 03
1816,1187,2023-11-22,28,3,Simulated Ward 21
5222,3449,2025-07-01,295,3,Simulated Ward 12
2413,1590,2024-10-29,16,3,Simulated Ward 09
4966,3274,2025-02-16,674,3,Simulated Ward 24
240,154,2023-11-01,84,3,Simulated Ward 24
253,163,2025-07-14,31,3,Simulated Ward 19
2026,1326,2024-08-05,17,3,Simulated Ward 11
1815,1186,2025-11-09,84,3,Simulated Ward 06
4260,2804,2023-09-16,85,3,Simulated Ward 07
437,284,2026-02-14,11,3,Simulated Ward 25
1510,988,2023-06-21,129,3,Simulated Ward 12
1905,1244,2025-12-08,282,3,Simulated Ward 16
4548,2999,2025-05-29,64,3,Simulated Ward 25
1065,699,2024-02-03,40,1,Simulated Ward 10
3251,2140,2026-06-15,357,3,Simulated Ward 04
4475,2954,2026-05-31,71,3,Simulated Ward 21
962,632,2025-11-19,86,3,Simulated Ward 22
2273,1495,2025-11-25,12,3,Simulated Ward 16
4175,2745,2026-08-08,153,3,Simulated Ward 07
4578,3018,2025-09-02,14,3,Simulated Ward 10
3287,2164,2026-06-07,306,3,Simulated Ward 10
3670,2416,2026-04-19,25,3,Simulated Ward 02
466,302,2023-08-07,15,0,Simulated Ward 03
2384,1569,2025-11-08,286,3,Simulated Ward 07
4004,2633,2024-07-01,20,3,Simulated Ward 12
721,470,2025-08-30,206,3,Simulated Ward 01
2867,1884,2023-07-29,116,3,Simulated Ward 11
163,105,2026-07-05,47,3,Simulated Ward 18
2,2,2024-04-07,53,3,Simulated Ward 11
4129,2713,2024-07-16,104,3,Simulated Ward 07
1452,950,2024-04-25,18,3,Simulated Ward 25
1259,823,2025-10-31,120,3,Simulated Ward 15
3319,2184,2024-01-04,52,1,Simulated Ward 19
679,445,2023-11-29,69,2,Simulated Ward 16
2675,1761,2025-04-17,60,2,Simulated Ward 25
3792,2493,2025-03-30,46,3,Simulated Ward 24
1147,750,2024-01-01,93,3,Simulated Ward 19
549,357,2026-01-10,141,3,Simulated Ward 11
3150,2071,2024-03-07,39,3,Simulated Ward 18
635,418,2026-03-06,72,1,Simulated Ward 11
3584,2361,2025-03-14,272,3,Simulated Ward 14
1518,993,2025-02-07,72,3,Simulated Ward 03
4950,3263,2025-11-19,10,3,Simulated Ward 18
3026,1991,2023-06-10,53,3,Simulated Ward 02
4574,3016,2023-06-24,187,3,Simulated Ward 20
2756,1817,2026-03-10,94,3,Simulated Ward 01
841,550,2026-03-24,95,3,Simulated Ward 09
1462,955,2024-05-25,31,3,Simulated Ward 11
4105,2697,2025-03-04,228,1,Simulated Ward 19
3858,2532,2024-09-23,43,3,Simulated Ward 04
3668,2415,2023-08-13,48,3,Simulated Ward 04
706,461,2025-09-07,20,3,Simulated Ward 19
3946,2593,2026-08-26,237,3,Simulated Ward 01
3777,2483,2026-01-12,218,3,Simulated Ward 09
4241,2791,2023-12-30,29,3,Simulated Ward 15
4820,3175,2025-12-18,53,3,Simulated Ward 07
3844,2523,2023-10-19,305,3,Simulated Ward 08
496,322,2023-10-15,13,3,Simulated Ward 20
149,97,2025-03-06,697,3,Simulated Ward 24
4519,2981,2026-01-05,58,3,Simulated Ward 02
3592,2366,2025-07-26,175,3,Simulated Ward 09
578,375,2024-08-18,24,1,Simulated Ward 14
1287,842,2026-03-17,112,3,Simulated Ward 18
512,332,2024-09-22,28,3,Simulated Ward 04
1980,1295,2023-09-04,18,3,Simulated Ward 15
2902,1906,2025-10-17,323,3,Simulated Ward 15
4692,3094,2025-08-24,42,1,Simulated Ward 17
186,121,2024-04-15,80,3,Simulated Ward 08
5283,3489,2026-01-06,241,3,Simulated Ward 25
4856,3199,2024-09-18,88,3,Simulated Ward 02
1676,1096,2025-10-20,87,3,Simulated Ward 07
792,519,2024-09-26,10,3,Simulated Ward 13
1389,907,2024-10-01,35,3,Simulated Ward 17
4550,3000,2024-08-14,25,3,Simulated Ward 23
3126,2055,2024-11-02,164,3,Simulated Ward 05
1813,1185,2026-07-10,86,3,Simulated Ward 15
1273,832,2026-06-03,269,3,Simulated Ward 19
2747,1811,2025-05-07,77,3,Simulated Ward 10
418,272,2025-06-16,10,3,Simulated Ward 25
4383,2887,2023-10-22,211,3,Simulated Ward 11
709,463,2024-02-21,35,3,Simulated Ward 10
1498,981,2023-08-23,16,3,Simulated Ward 10
4040,2655,2024-04-30,149,3,Simulated Ward 12
2939,1931,2025-07-01,39,3,Simulated Ward 23
2057,1344,2026-09-12,18,3,Simulated Ward 15
65,40,2024-10-12,138,3,Simulated Ward 12
3682,2423,2024-11-30,366,0,Simulated Ward 20
2183,1433,2024-07-04,13,3,Simulated Ward 18
4667,3075,2023-12-09,321,3,Simulated Ward 15
3314,2181,2025-12-04,17,3,Simulated Ward 14
2963,1950,2024-04-18,16,3,Simulated Ward 19
2383,1568,2024-04-10,44,3,Simulated Ward 01
2754,1816,2023-12-10,75,3,Simulated Ward 18
5004,3301,2026-07-26,227,3,Simulated Ward 16
2175,1426,2026-08-05,21,3,Simulated Ward 01
2492,1646,2024-09-24,25,1,Simulated Ward 23
341,220,2025-10-06,87,1,Simulated Ward 24
1714,1118,2025-08-07,45,3,Simulated Ward 03
1190,779,2026-02-14,36,3,Simulated Ward 12
1555,1018,2026-07-26,53,3,Simulated Ward 10
3750,2466,2023-09-12,14,3,Simulated Ward 10
5088,3358,2026-04-01,260,3,Simulated Ward 03
3915,2574,2023-10-13,45,1,Simulated Ward 17
3776,2483,2024-01-10,218,3,Simulated Ward 09
3318,2183,2024-05-29,141,3,Simulated Ward 11
780,511,2023-10-09,24,3,Simulated Ward 22
920,602,2025-09-02,87,3,Simulated Ward 24
1126,736,2024-12-22,355,3,Simulated Ward 06
1923,1254,2023-09-02,287,3,Simulated Ward 24
454,295,2023-12-08,66,3,Simulated Ward 07
58,34,2023-06-06,22,3,Simulated Ward 08
4204,2767,2025-02-28,25,3,Simulated Ward 06
3471,2289,2023-11-28,42,3,Simulated Ward 06
1191,779,2026-08-09,36,3,Simulated Ward 12
1115,729,2026-07-08,24,3,Simulated Ward 01
1489,973,2026-05-27,248,3,Simulated Ward 04
2643,1742,2024-11-05,29,3,Simulated Ward 07
148,96,2025-12-27,46,3,Simulated Ward 25
4891,3222,2026-03-17,18,3,Simulated Ward 19
4652,3066,2026-09-19,16,3,Simulated Ward 25
4512,2977,2025-04-09,45,3,Simulated Ward 01
995,655,2026-04-20,81,3,Simulated Ward 12
3389,2231,2025-11-21,17,3,Simulated Ward 18
4208,2770,2024-01-22,13,3,Simulated Ward 10
3786,2490,2023-06-27,67,3,Simulated Ward 13
3068,2017,2023-09-18,46,3,Simulated Ward 22
1339,876,2025-03-18,33,3,Simulated Ward 06
3816,2505,2023-08-09,176,3,Simulated Ward 20
5054,3335,2023-12-28,203,3,Simulated Ward 10
3611,2380,2023-12-29,82,3,Simulated Ward 01
1373,897,2025-06-21,190,3,Simulated Ward 17
1695,1107,2025-06-09,89,1,Simulated Ward 17
1220,797,2025-09-07,215,3,Simulated Ward 03
431,280,2024-07-09,11,3,Simulated Ward 16
3269,2153,2023-08-04,91,3,Simulated Ward 10
2360,1552,2024-09-28,11,3,Simulated Ward 09
3649,2402,2024-06-01,71,3,Simulated Ward 25
4511,2976,2026-04-30,76,0,Simulated Ward 01
2149,1407,2025-11-24,38,3,Simulated Ward 17
3769,2478,2025-10-12,47,3,Simulated Ward 14
3992,2625,2025-08-22,16,1,Simulated Ward 04
2628,1732,2023-10-30,37,1,Simulated Ward 19
3830,2514,2024-11-28,10,3,Simulated Ward 07
677,444,2023-07-19,38,3,Simulated Ward 23
877,575,2024-07-22,12,3,Simulated Ward 24
5079,3353,2024-12-16,132,3,Simulated Ward 20
1908,1246,2023-12-24,29,3,Simulated Ward 14
276,178,2026-08-03,44,3,Simulated Ward 24
846,554,2025-09-02,376,3,Simulated Ward 17
2589,1710,2024-01-25,46,3,Simulated Ward 20
1855,1210,2026-07-20,30,3,Simulated Ward 24
5233,3457,2026-01-27,82,3,Simulated Ward 13
3764,2474,2023-11-02,42,3,Simulated Ward 18
4053,2662,2025-02-18,71,3,Simulated Ward 11
3401,2240,2023-11-07,125,3,Simulated Ward 09
1209,789,2026-06-01,10,3,Simulated Ward 07
959,630,2024-02-29,359,3,Simulated Ward 20
2401,1581,2024-08-24,379,3,Simulated Ward 02
4485,2960,2024-02-04,18,3,Simulated Ward 14
689,452,2024-08-31,117,1,Simulated Ward 07
3715,2444,2024-11-04,59,3,Simulated Ward 25
4056,2665,2024-02-25,36,3,Simulated Ward 19
2485,1640,2024-01-24,40,3,Simulated Ward 06
2536,1673,2025-12-09,104,3,Simulated Ward 02
3754,2468,2024-10-18,151,3,Simulated Ward 02
47,27,2024-09-14,285,3,Simulated Ward 05
76,47,2024-06-23,356,3,Simulated Ward 21
5084,3355,2024-11-02,14,3,Simulated Ward 25
3279,2158,2025-02-25,23,3,Simulated Ward 15
3616,2383,2023-12-04,176,3,Simulated Ward 24
1521,995,2024-01-19,14,3,Simulated Ward 19
4148,2727,2023-07-01,60,3,Simulated Ward 20
2099,1375,2026-09-07,12,3,Simulated Ward 08
1107,724,2025-11-10,30,3,Simulated Ward 20
4854,3197,2025-01-19,57,3,Simulated Ward 24
3680,2421,2026-04-23,109,3,Simulated Ward 06
4016,2641,2025-11-11,179,3,Simulated Ward 23
4746,3127,2024-01-18,65,3,Simulated Ward 20
3591,2366,2025-04-25,175,3,Simulated Ward 09
845,554,2024-11-21,376,3,Simulated Ward 17
4003,2632,2026-01-13,57,1,Simulated Ward 01
5133,3389,2024-05-10,148,3,Simulated Ward 12
634,418,2023-08-13,72,3,Simulated Ward 11
1206,787,2024-03-25,10,3,Simulated Ward 12
2905,1908,2023-07-27,27,3,Simulated Ward 23
994,654,2025-12-08,17,3,Simulated Ward 13
3919,2576,2024-01-01,59,3,Simulated Ward 03
2525,1667,2023-06-20,192,3,Simulated Ward 24
2677,1763,2025-09-17,32,1,Simulated Ward 20
3080,2025,2025-11-10,64,3,Simulated Ward 05
972,638,2024-06-05,193,3,Simulated Ward 07
2819,1855,2024-08-25,278,3,Simulated Ward 23
1125,735,2026-02-24,465,3,Simulated Ward 13
1454,951,2025-01-02,188,3,Simulated Ward 07
5027,3317,2023-09-18,21,3,Simulated Ward 05
2558,1687,2025-09-30,73,3,Simulated Ward 21
1709,1115,2025-07-23,90,3,Simulated Ward 14
4230,2784,2025-07-11,39,3,Simulated Ward 13
1930,1258,2025-01-29,277,3,Simulated Ward 20
1746,1140,2024-09-12,91,3,Simulated Ward 13
715,466,2026-01-01,28,3,Simulated Ward 05
1074,705,2024-06-05,96,3,Simulated Ward 14
5251,3469,2024-08-27,20,3,Simulated Ward 08
318,206,2023-12-26,595,3,Simulated Ward 16
4883,3218,2023-07-02,68,3,Simulated Ward 19
832,546,2023-12-11,94,3,Simulated Ward 22
2080,1361,2026-09-01,156,3,Simulated Ward 11
1022,674,2023-08-03,30,3,Simulated Ward 08
4755,3132,2024-12-05,60,3,Simulated Ward 17
3744,2462,2023-07-21,80,1,Simulated Ward 13
1503,983,2026-08-16,58,3,Simulated Ward 05
1360,890,2025-09-27,10,3,Simulated Ward 17
3413,2248,2025-06-18,118,3,Simulated Ward 17
2481,1637,2026-01-28,125,3,Simulated Ward 09
4959,3269,2025-08-08,59,3,Simulated Ward 07
2912,1912,2026-07-07,46,1,Simulated Ward 01
1012,667,2025-02-27,91,3,Simulated Ward 02
2366,1555,2024-12-17,12,3,Simulated Ward 21
2062,1348,2026-05-04,110,3,Simulated Ward 04
3140,2063,2026-08-11,114,3,Simulated Ward 05
265,171,2023-11-13,20,3,Simulated Ward 15
1133,740,2024-02-16,15,3,Simulated Ward 10
4725,3113,2024-12-20,147,3,Simulated Ward 12
2678,1764,2025-11-21,53,3,Simulated Ward 24
2823,1858,2025-09-27,11,3,Simulated Ward 08
1465,957,2024-03-12,42,3,Simulated Ward 10
3914,2573,2025-06-29,331,3,Simulated Ward 09
4554,3002,2026-06-15,96,3,Simulated Ward 23
267,172,2024-07-30,28,3,Simulated Ward 06
2601,1717,2026-04-10,126,2,Simulated Ward 08
2408,1586,2025-06-05,382,0,Simulated Ward 11
476,308,2024-02-24,84,3,Simulated Ward 11
3129,2056,2026-09-24,106,3,Simulated Ward 11
3431,2261,2024-04-21,37,3,Simulated Ward 16
5295,3497,2023-11-27,30,3,Simulated Ward 08
753,493,2026-03-20,380,3,Simulated Ward 03
1563,1023,2026-02-22,111,3,Simulated Ward 18
769,504,2024-10-04,74,3,Simulated Ward 03
5074,3349,2024-12-17,136,1,Simulated Ward 11
2964,1950,2024-06-27,16,3,Simulated Ward 19
4602,3034,2025-09-19,15,3,Simulated Ward 23
4444,2931,2025-05-26,30,1,Simulated Ward 09
4912,3237,2025-02-12,36,3,Simulated Ward 17
5015,3309,2024-11-10,87,3,Simulated Ward 05
2566,1692,2026-04-19,10,3,Simulated Ward 21
3812,2503,2025-08-05,93,3,Simulated Ward 15
5078,3352,2026-07-08,43,3,Simulated Ward 23
966,634,2025-04-28,19,3,Simulated Ward 05
2290,1506,2025-09-17,26,3,Simulated Ward 18
2100,1376,2024-02-04,40,3,Simulated Ward 24
1593,1043,2025-01-08,119,3,Simulated Ward 08
135,86,2026-05-24,11,1,Simulated Ward 05
3705,2438,2025-11-15,15,3,Simulated Ward 03
1354,887,2023-10-22,359,3,Simulated Ward 12
3141,2064,2023-08-26,11,2,Simulated Ward 07
4224,2780,2023-09-26,12,3,Simulated Ward 21
2742,1807,2025-06-04,40,3,Simulated Ward 23
367,238,2024-04-15,24,3,Simulated Ward 07
624,410,2024-12-24,59,3,Simulated Ward 12
1580,1035,2026-02-27,16,3,Simulated Ward 19
1606,1050,2025-07-09,17,3,Simulated Ward 15
2710,1785,2026-04-06,136,3,Simulated Ward 02
3365,2215,2025-03-13,17,3,Simulated Ward 10
1041,683,2026-08-19,270,2,Simulated Ward 21
1439,941,2024-08-09,26,3,Simulated Ward 15
1314,860,2026-02-12,149,3,Simulated Ward 05
1747,1141,2023-08-12,270,3,Simulated Ward 13
1254,819,2023-12-01,128,3,Simulated Ward 15
4452,2937,2026-06-17,27,3,Simulated Ward 07
1888,1231,2023-06-07,95,3,Simulated Ward 06
4277,2815,2025-05-06,437,3,Simulated Ward 08
1590,1041,2024-03-21,120,3,Simulated Ward 17
4770,3141,2026-01-19,302,3,Simulated Ward 02
4615,3041,2026-05-01,19,3,Simulated Ward 04
327,212,2024-07-05,21,3,Simulated Ward 18
1168,765,2023-12-06,48,1,Simulated Ward 17
91,59,2025-11-11,274,3,Simulated Ward 25
380,246,2025-06-23,30,3,Simulated Ward 18
952,624,2024-06-16,29,1,Simulated Ward 07
44,25,2026-02-22,16,3,Simulated Ward 18
5046,3330,2025-03-01,12,3,Simulated Ward 13
4142,2723,2023-10-14,378,3,Simulated Ward 18
2560,1689,2024-10-25,93,3,Simulated Ward 16
1146,749,2024-09-23,171,3,Simulated Ward 17
4538,2993,2026-07-28,57,3,Simulated Ward 03
3043,2001,2023-10-08,236,1,Simulated Ward 18
4487,2961,2026-02-13,94,3,Simulated Ward 08
4659,3070,2025-11-19,29,3,Simulated Ward 03
4238,2789,2026-03-05,198,3,Simulated Ward 01
2530,1670,2026-06-26,17,3,Simulated Ward 08
2441,1610,2023-11-24,31,3,Simulated Ward 19
2646,1743,2025-11-04,169,3,Simulated Ward 03
2837,1866,2026-07-01,125,3,Simulated Ward 03
3613,2381,2026-04-01,331,3,Simulated Ward 12
3301,2172,2024-07-10,20,3,Simulated Ward 14
1869,1220,2025-03-12,29,3,Simulated Ward 04
1096,718,2025-01-21,20,3,Simulated Ward 23
4020,2644,2025-05-23,16,3,Simulated Ward 07
2294,1508,2025-07-29,370,3,Simulated Ward 21
3232,2128,2024-07-31,371,3,Simulated Ward 25
1797,1175,2023-09-20,73,3,Simulated Ward 08
2269,1491,2025-04-29,128,1,Simulated Ward 23
235,149,2025-02-28,150,3,Simulated Ward 23
1285,841,2025-06-20,32,3,Simulated Ward 23
3985,2621,2026-05-18,235,3,Simulated Ward 15
3968,2608,2024-01-13,192,0,Simulated Ward 25
1667,1091,2025-08-25,280,3,Simulated Ward 12
2189,1438,2024-10-03,122,3,Simulated Ward 02
1159,759,2025-06-21,46,3,Simulated Ward 13
511,331,2023-06-29,51,3,Simulated Ward 23
1340,877,2023-07-16,30,1,Simulated Ward 14
4165,2738,2025-04-27,19,3,Simulated Ward 04
50,29,2026-08-11,17,3,Simulated Ward 09
4295,2827,2025-10-05,166,3,Simulated Ward 14
579,375,2026-08-05,24,3,Simulated Ward 14
4939,3257,2023-06-19,34,3,Simulated Ward 18
3929,2582,2023-12-15,357,3,Simulated Ward 07
2948,1939,2023-07-28,23,0,Simulated Ward 07
2890,1899,2024-09-24,19,3,Simulated Ward 14
1603,1048,2025-03-01,45,3,Simulated Ward 03
314,203,2025-01-03,141,3,Simulated Ward 04
2804,1847,2024-11-26,37,1,Simulated Ward 08
3201,2106,2024-01-04,67,3,Simulated Ward 01
1968,1286,2025-01-12,21,3,Simulated Ward 09
5110,3375,2024-12-23,80,3,Simulated Ward 11
1527,999,2024-08-05,33,3,Simulated Ward 25
4740,3124,2023-07-20,280,3,Simulated Ward 03
3689,2427,2024-02-13,77,3,Simulated Ward 07
4159,2733,2025-05-21,46,3,Simulated Ward 01
3099,2036,2024-03-12,27,2,Simulated Ward 10
4320,2842,2025-05-25,64,3,Simulated Ward 14
3696,2432,2024-05-01,43,3,Simulated Ward 13
177,115,2023-10-31,39,3,Simulated Ward 04
4279,2816,2025-07-30,181,3,Simulated Ward 03
4150,2727,2026-04-30,60,3,Simulated Ward 20
3015,1983,2024-03-25,66,3,Simulated Ward 25
3691,2429,2025-09-19,99,3,Simulated Ward 05
4948,3262,2024-10-23,94,2,Simulated Ward 02
74,45,2026-07-10,12,3,Simulated Ward 15
5146,3397,2026-02-26,137,3,Simulated Ward 21
4254,2800,2023-07-10,14,1,Simulated Ward 04
1256,821,2023-07-06,12,2,Simulated Ward 11
5082,3354,2026-05-03,11,3,Simulated Ward 11
1827,1194,2025-08-22,112,3,Simulated Ward 24
2729,1799,2025-11-10,748,1,Simulated Ward 16
3868,2540,2024-01-17,16,3,Simulated Ward 02
3368,2217,2025-09-05,10,3,Simulated Ward 17
2285,1502,2026-04-17,102,3,Simulated Ward 10
1810,1184,2023-06-26,45,3,Simulated Ward 19
2664,1754,2025-09-06,73,3,Simulated Ward 04
3538,2332,2024-10-28,232,3,Simulated Ward 03
1831,1197,2025-02-15,148,3,Simulated Ward 20
32,18,2026-05-17,67,3,Simulated Ward 09
1940,1266,2024-05-01,36,3,Simulated Ward 14
1934,1262,2023-08-06,159,3,Simulated Ward 15
2203,1448,2024-03-02,21,3,Simulated Ward 21
2961,1948,2024-09-29,58,3,Simulated Ward 12
2826,1859,2026-04-03,12,3,Simulated Ward 12
2169,1421,2025-11-30,56,3,Simulated Ward 02
2350,1546,2024-10-09,202,3,Simulated Ward 10
558,362,2024-07-21,35,3,Simulated Ward 23
4640,3058,2024-05-19,22,3,Simulated Ward 19
221,141,2026-02-08,86,3,Simulated Ward 22
4828,3181,2025-01-21,306,3,Simulated Ward 06
4545,2997,2023-06-21,13,1,Simulated Ward 14
2884,1895,2026-07-05,116,3,Simulated Ward 05
3183,2092,2026-07-04,79,2,Simulated Ward 25
581,377,2024-05-27,308,1,Simulated Ward 05
2830,1862,2024-08-11,87,3,Simulated Ward 07
2024,1325,2023-08-29,376,3,Simulated Ward 07
3767,2476,2024-01-05,312,3,Simulated Ward 12
2252,1479,2024-04-10,102,3,Simulated Ward 03
3823,2509,2024-06-15,10,3,Simulated Ward 19
884,579,2023-08-09,11,3,Simulated Ward 17
1431,937,2025-11-25,46,3,Simulated Ward 10
3441,2267,2023-12-31,96,3,Simulated Ward 01
2893,1900,2024-12-22,336,3,Simulated Ward 25
5150,3400,2023-11-19,37,3,Simulated Ward 04
4457,2940,2024-10-20,172,3,Simulated Ward 08
1284,840,2025-07-24,39,1,Simulated Ward 02
4874,3212,2024-08-18,185,1,Simulated Ward 25
2261,1486,2024-03-07,18,1,Simulated Ward 18
1460,954,2025-10-18,71,3,Simulated Ward 12
1938,1264,2025-02-22,180,3,Simulated Ward 11
4586,3023,2026-08-26,19,3,Simulated Ward 17
3585,2362,2025-12-14,11,3,Simulated Ward 23
2110,1382,2025-04-12,51,3,Simulated Ward 22
2894,1901,2023-07-05,183,3,Simulated Ward 08
2215,1456,2023-07-21,67,3,Simulated Ward 20
4621,3045,2023-06-05,147,3,Simulated Ward 23
3583,2360,2026-03-21,59,3,Simulated Ward 10
4754,3132,2024-06-15,60,3,Simulated Ward 17
168,108,2026-08-29,43,3,Simulated Ward 10
1904,1243,2026-03-16,329,3,Simulated Ward 22
2361,1553,2025-06-05,24,3,Simulated Ward 15
1261,825,2024-02-04,18,3,Simulated Ward 17
5013,3307,2026-02-25,150,3,Simulated Ward 24
3433,2262,2024-10-19,119,3,Simulated Ward 08
223,142,2023-09-13,162,3,Simulated Ward 09
2041,1336,2025-06-14,139,3,Simulated Ward 11
1710,1116,2026-06-09,344,3,Simulated Ward 03
1633,1068,2024-09-12,42,1,Simulated Ward 16
724,473,2024-01-08,11,3,Simulated Ward 25
1874,1223,2026-07-20,54,3,Simulated Ward 05
2085,1365,2025-06-15,21,2,Simulated Ward 12
3986,2621,2026-05-20,235,1,Simulated Ward 15
1536,1005,2023-06-14,382,3,Simulated Ward 06
352,228,2025-06-22,381,2,Simulated Ward 09
43,25,2025-12-31,16,2,Simulated Ward 18
4727,3115,2024-02-22,42,3,Simulated Ward 16
4333,2852,2024-07-07,43,3,Simulated Ward 04
5264,3476,2025-10-17,340,3,Simulated Ward 14
4634,3054,2023-10-02,51,3,Simulated Ward 14
3165,2081,2025-07-18,50,3,Simulated Ward 12
2333,1535,2026-02-27,92,3,Simulated Ward 22
2600,1717,2024-05-02,126,3,Simulated Ward 08
1403,918,2025-09-14,48,3,Simulated Ward 07
2312,1522,2024-12-03,130,3,Simulated Ward 08
2311,1521,2025-10-27,180,1,Simulated Ward 25
4249,2797,2024-12-12,10,3,Simulated Ward 21
1696,1108,2025-05-06,205,3,Simulated Ward 21
718,468,2026-01-12,71,3,Simulated Ward 05
2864,1882,2025-05-02,129,3,Simulated Ward 02
378,245,2025-05-30,198,3,Simulated Ward 13
3148,2069,2024-09-22,11,3,Simulated Ward 20
4802,3164,2025-09-27,18,3,Simulated Ward 17
1616,1057,2026-04-30,306,3,Simulated Ward 06
3637,2395,2023-07-05,62,3,Simulated Ward 04
5155,3403,2024-03-04,32,3,Simulated Ward 17
1011,666,2023-06-29,341,3,Simulated Ward 09
3264,2150,2024-10-24,188,3,Simulated Ward 16
2002,1309,2025-07-20,69,3,Simulated Ward 23
1349,883,2026-04-13,176,3,Simulated Ward 17
4605,3035,2025-05-04,34,3,Simulated Ward 25
2097,1374,2025-03-17,10,3,Simulated Ward 18
4522,2983,2023-12-10,18,3,Simulated Ward 08
3446,2271,2024-02-17,35,3,Simulated Ward 23
1583,1037,2024-08-18,109,3,Simulated Ward 18
1985,1298,2024-05-26,281,3,Simulated Ward 08
2598,1716,2024-06-02,73,3,Simulated Ward 24
429,279,2024-01-04,62,1,Simulated Ward 13
3589,2365,2023-10-29,176,3,Simulated Ward 07
2714,1789,2025-03-17,56,1,Simulated Ward 01
546,354,2024-10-11,325,3,Simulated Ward 02
4671,3078,2023-10-12,85,3,Simulated Ward 17
4369,2877,2025-11-09,64,2,Simulated Ward 15
1655,1082,2025-05-24,171,3,Simulated Ward 25
4252,2799,2024-05-01,148,3,Simulated Ward 21
2490,1644,2025-03-26,35,3,Simulated Ward 16
124,79,2024-04-04,20,3,Simulated Ward 03
2790,1839,2026-01-29,35,3,Simulated Ward 15
1401,917,2025-08-14,29,3,Simulated Ward 07
5177,3418,2025-09-20,18,3,Simulated Ward 20
1001,659,2023-06-13,307,3,Simulated Ward 03
2974,1956,2025-09-01,333,3,Simulated Ward 21
4125,2710,2023-08-22,149,3,Simulated Ward 22
4533,2991,2023-10-18,34,3,Simulated Ward 20
3003,1974,2025-02-27,41,3,Simulated Ward 03
5095,3363,2026-06-16,57,3,Simulated Ward 24
3253,2142,2026-09-18,47,3,Simulated Ward 10
4565,3009,2026-09-22,133,3,Simulated Ward 16
3918,2575,2026-08-31,76,3,Simulated Ward 04
3013,1981,2025-04-14,21,3,Simulated Ward 10
205,132,2025-06-15,12,3,Simulated Ward 03
2889,1898,2026-08-24,377,3,Simulated Ward 17
5272,3482,2023-06-24,179,3,Simulated Ward 09
772,506,2025-06-23,23,3,Simulated Ward 17
2107,1380,2024-04-10,376,2,Simulated Ward 09
923,605,2026-05-23,337,3,Simulated Ward 15
2240,1473,2025-05-31,307,3,Simulated Ward 02
726,474,2026-08-20,334,3,Simulated Ward 24
2666,1754,2026-01-21,73,3,Simulated Ward 04
3247,2138,2024-09-14,120,3,Simulated Ward 05
594,387,2025-01-12,291,3,Simulated Ward 08
2244,1475,2026-02-05,46,3,Simulated Ward 09
764,500,2026-08-22,673,1,Simulated Ward 17
490,318,2025-10-29,18,3,Simulated Ward 11
5149,3399,2026-01-03,17,3,Simulated Ward 15
3866,2538,2026-05-15,280,3,Simulated Ward 20
261,169,2025-02-04,10,3,Simulated Ward 11
1322,865,2025-07-17,139,3,Simulated Ward 04
3897,2561,2023-07-04,74,3,Simulated Ward 21
270,175,2025-10-10,120,0,Simulated Ward 13
751,492,2024-12-13,218,3,Simulated Ward 23
3166,2082,2025-09-01,249,3,Simulated Ward 12
1731,1131,2026-06-10,16,3,Simulated Ward 03
484,313,2026-09-08,44,3,Simulated Ward 11
1802,1178,2023-07-30,11,3,Simulated Ward 08
2165,1419,2024-09-09,24,3,Simulated Ward 17
1294,846,2026-07-15,21,3,Simulated Ward 08
1544,1012,2023-07-11,16,3,Simulated Ward 11
3981,2618,2025-04-20,73,3,Simulated Ward 03
4469,2950,2024-06-16,25,3,Simulated Ward 04
1506,985,2026-07-08,12,1,Simulated Ward 20
4480,2957,2025-06-14,136,3,Simulated Ward 11
2659,1751,2023-10-19,295,3,Simulated Ward 05
4160,2733,2026-01-19,46,3,Simulated Ward 01
510,330,2025-03-09,98,3,Simulated Ward 16
776,508,2023-07-06,181,2,Simulated Ward 22
5299,3499,2026-08-06,35,3,Simulated Ward 09
1246,814,2026-09-23,22,3,Simulated Ward 07
4012,2637,2026-03-06,224,3,Simulated Ward 25
1926,1256,2026-01-30,25,3,Simulated Ward 20
4536,2993,2024-11-27,57,3,Simulated Ward 03
3515,2316,2025-04-01,23,1,Simulated Ward 09
1064,698,2026-09-11,251,3,Simulated Ward 02
95,62,2026-01-23,84,3,Simulated Ward 12
4154,2730,2023-12-05,90,3,Simulated Ward 18
4528,2987,2026-03-06,223,3,Simulated Ward 08
3875,2545,2024-02-28,16,3,Simulated Ward 11
2316,1525,2026-05-12,40,3,Simulated Ward 18
1598,1045,2026-02-06,30,3,Simulated Ward 17
3862,2536,2026-09-18,38,3,Simulated Ward 05
565,367,2023-08-02,124,3,Simulated Ward 07
3054,2008,2025-06-04,154,3,Simulated Ward 13
2478,1636,2025-08-11,196,3,Simulated Ward 08
3870,2541,2025-11-27,19,3,Simulated Ward 04
1346,881,2025-03-22,167,3,Simulated Ward 21
2489,1643,2025-06-29,16,3,Simulated Ward 07
4135,2718,2026-03-30,46,3,Simulated Ward 14
2563,1691,2025-08-18,20,3,Simulated Ward 12
5024,3315,2023-11-18,90,3,Simulated Ward 22
5114,3378,2025-12-21,167,3,Simulated Ward 06
2971,1954,2024-08-29,157,3,Simulated Ward 16
4421,2913,2024-08-21,60,3,Simulated Ward 05
342,221,2026-05-01,67,3,Simulated Ward 05
3037,1998,2024-05-23,14,3,Simulated Ward 01
639,420,2024-05-06,64,3,Simulated Ward 02
2417,1593,2026-01-13,14,3,Simulated Ward 04
798,522,2026-03-08,54,3,Simulated Ward 13
3076,2023,2026-02-18,76,2,Simulated Ward 10
978,642,2023-10-21,41,3,Simulated Ward 04
1484,969,2025-11-09,31,3,Simulated Ward 23
2633,1735,2024-06-09,66,3,Simulated Ward 19
1182,773,2026-07-07,82,3,Simulated Ward 18
5151,3401,2024-01-09,54,3,Simulated Ward 22
325,211,2025-01-28,33,1,Simulated Ward 23
2555,1686,2023-07-08,46,1,Simulated Ward 11
4766,3139,2025-07-09,29,1,Simulated Ward 05
1227,802,2026-06-11,22,3,Simulated Ward 09
1397,913,2026-06-10,48,3,Simulated Ward 21
4990,3291,2026-07-15,27,1,Simulated Ward 08
2248,1477,2026-06-09,146,3,Simulated Ward 23
3010,1979,2025-03-12,34,1,Simulated Ward 21
3557,2345,2024-10-03,30,3,Simulated Ward 18
60,35,2025-10-09,64,3,Simulated Ward 07
1177,770,2025-06-25,77,3,Simulated Ward 02
4991,3292,2023-12-05,23,3,Simulated Ward 17
3574,2356,2025-12-10,184,3,Simulated Ward 12
3081,2025,2026-04-24,64,0,Simulated Ward 05
479,309,2025-09-23,28,2,Simulated Ward 04
462,299,2024-02-08,295,3,Simulated Ward 09
4490,2962,2025-12-08,37,3,Simulated Ward 25
1871,1221,2025-08-17,18,3,Simulated Ward 06
643,422,2025-12-07,50,3,Simulated Ward 06
3882,2550,2024-02-28,167,1,Simulated Ward 09
2789,1838,2024-01-04,146,3,Simulated Ward 16
4010,2636,2025-02-05,54,3,Simulated Ward 02
3298,2171,2023-08-09,49,3,Simulated Ward 15
3344,2199,2026-08-05,338,3,Simulated Ward 12
5083,3355,2023-12-15,14,3,Simulated Ward 25
2705,1781,2025-05-09,27,3,Simulated Ward 10
4841,3189,2026-08-18,131,1,Simulated Ward 21
2355,1548,2025-05-17,97,2,Simulated Ward 04
996,656,2024-04-20,303,3,Simulated Ward 09
2380,1566,2026-07-02,63,1,Simulated Ward 03
3017,1985,2024-05-04,66,3,Simulated Ward 01
2903,1906,2026-04-05,323,3,Simulated Ward 15
5021,3312,2026-07-22,277,3,Simulated Ward 20
4814,3171,2026-03-01,47,3,Simulated Ward 23
2096,1373,2024-08-09,188,3,Simulated Ward 06
3055,2008,2025-11-07,154,1,Simulated Ward 13
3444,2269,2025-09-27,37,3,Simulated Ward 21
520,338,2023-09-07,185,3,Simulated Ward 03
622,409,2025-05-24,24,3,Simulated Ward 13
5217,3446,2026-07-08,26,3,Simulated Ward 05
3067,2016,2025-06-05,195,3,Simulated Ward 13
3021,1988,2024-10-15,380,3,Simulated Ward 02
2972,1955,2025-06-12,318,3,Simulated Ward 25
40,23,2023-11-29,143,3,Simulated Ward 03
4546,2998,2024-12-14,28,3,Simulated Ward 15
494,321,2024-07-29,16,3,Simulated Ward 22
3697,2432,2026-07-01,43,3,Simulated Ward 13
826,542,2026-01-03,74,3,Simulated Ward 05
1978,1293,2024-08-25,10,3,Simulated Ward 11
4479,2957,2023-07-02,136,3,Simulated Ward 11
1356,888,2024-07-01,19,1,Simulated Ward 22
2518,1663,2024-04-12,13,3,Simulated Ward 17
2363,1554,2024-08-25,26,3,Simulated Ward 25
2146,1405,2024-08-28,49,3,Simulated Ward 18
195,126,2025-01-02,19,3,Simulated Ward 15
4648,3063,2024-08-14,81,3,Simulated Ward 11
4852,3196,2024-09-12,29,3,Simulated Ward 17
4265,2807,2025-07-14,284,1,Simulated Ward 15
2091,1370,2025-02-08,51,0,Simulated Ward 02
2674,1760,2026-01-18,232,3,Simulated Ward 10
1892,1235,2023-10-13,42,3,Simulated Ward 12
3633,2392,2026-05-04,18,3,Simulated Ward 14
931,611,2024-09-05,168,3,Simulated Ward 11
665,436,2024-06-24,300,3,Simulated Ward 05
464,301,2023-09-24,93,1,Simulated Ward 02
2855,1877,2024-10-05,67,3,Simulated Ward 11
4745,3126,2025-08-04,278,1,Simulated Ward 04
3464,2282,2026-08-11,10,1,Simulated Ward 01
108,70,2026-07-08,349,2,Simulated Ward 09
1055,693,2023-12-09,57,3,Simulated Ward 19
1954,1275,2026-05-28,11,1,Simulated Ward 11
4772,3143,2024-03-24,31,1,Simulated Ward 02
4699,3098,2024-11-02,10,3,Simulated Ward 15
895,585,2025-03-29,16,3,Simulated Ward 09
5009,3304,2025-05-25,34,3,Simulated Ward 06
1782,1166,2026-05-25,85,0,Simulated Ward 15
1350,884,2023-11-14,38,3,Simulated Ward 24
4033,2651,2026-04-29,85,3,Simulated Ward 07
4580,3019,2025-05-20,20,3,Simulated Ward 02
1180,772,2025-01-28,151,3,Simulated Ward 11
564,366,2026-07-05,35,3,Simulated Ward 17
312,202,2024-04-14,674,3,Simulated Ward 11
3267,2152,2024-03-28,202,3,Simulated Ward 03
4312,2837,2024-10-07,26,3,Simulated Ward 22
133,84,2025-07-29,11,2,Simulated Ward 10
703,459,2024-02-19,46,3,Simulated Ward 18
33,19,2023-11-24,36,3,Simulated Ward 09
1949,1272,2025-09-06,45,3,Simulated Ward 10
340,220,2024-05-09,87,1,Simulated Ward 24
3626,2389,2023-10-31,22,3,Simulated Ward 09
4281,2818,2024-11-22,132,3,Simulated Ward 12
5040,3325,2026-04-05,39,3,Simulated Ward 13
172,111,2025-09-23,14,3,Simulated Ward 24
663,434,2023-08-19,29,3,Simulated Ward 13
4405,2901,2025-09-04,57,3,Simulated Ward 06
2292,1507,2026-07-12,25,3,Simulated Ward 06
384,248,2025-06-17,46,3,Simulated Ward 23
2368,1557,2026-02-18,37,3,Simulated Ward 08
3328,2189,2025-05-28,48,3,Simulated Ward 13
3811,2502,2026-08-19,18,3,Simulated Ward 09
3257,2145,2025-09-20,10,3,Simulated Ward 22
1387,906,2025-08-29,19,3,Simulated Ward 05
1447,946,2023-08-09,51,3,Simulated Ward 04
3417,2251,2025-12-12,319,3,Simulated Ward 11
2391,1575,2024-11-11,47,3,Simulated Ward 08
5292,3495,2025-06-15,383,3,Simulated Ward 22
3238,2132,2024-07-19,30,2,Simulated Ward 17
2781,1834,2025-02-25,45,3,Simulated Ward 01
5006,3302,2026-06-03,167,3,Simulated Ward 25
4668,3075,2026-04-21,321,3,Simulated Ward 15
3161,2077,2023-12-23,34,3,Simulated Ward 05
291,188,2024-11-11,27,3,Simulated Ward 22
4653,3067,2024-05-23,177,3,Simulated Ward 15
2696,1776,2024-11-20,23,3,Simulated Ward 02
397,257,2026-03-11,20,3,Simulated Ward 12
1090,714,2024-11-03,383,3,Simulated Ward 06
94,61,2025-04-13,88,3,Simulated Ward 24
1975,1290,2026-05-12,114,3,Simulated Ward 05
787,516,2024-05-29,56,3,Simulated Ward 15
4543,2996,2026-02-14,133,3,Simulated Ward 17
580,376,2024-04-28,115,1,Simulated Ward 05
685,448,2024-01-15,74,3,Simulated Ward 02
4478,2956,2026-09-15,16,3,Simulated Ward 13
2669,1757,2024-12-16,36,1,Simulated Ward 03
687,450,2024-09-29,261,3,Simulated Ward 11
4170,2742,2023-11-05,37,3,Simulated Ward 02
3901,2563,2025-06-30,15,3,Simulated Ward 20
557,361,2026-02-14,195,3,Simulated Ward 09
4597,3030,2026-08-17,323,3,Simulated Ward 11
3462,2281,2024-08-23,11,1,Simulated Ward 13
3864,2537,2024-03-21,38,3,Simulated Ward 04
2272,1494,2026-05-27,231,3,Simulated Ward 13
5063,3342,2024-01-10,169,3,Simulated Ward 05
2298,1511,2025-09-06,15,3,Simulated Ward 10
2212,1454,2024-10-25,44,3,Simulated Ward 07
85,54,2026-05-29,22,3,Simulated Ward 24
2170,1422,2025-01-19,23,3,Simulated Ward 07
1238,810,2024-05-22,156,3,Simulated Ward 10
2109,1381,2023-06-13,11,3,Simulated Ward 07
1881,1227,2024-07-01,15,3,Simulated Ward 15
228,146,2024-01-12,25,3,Simulated Ward 03
844,553,2025-08-28,151,3,Simulated Ward 19
3994,2626,2025-08-06,330,3,Simulated Ward 22
5300,3500,2024-11-29,65,3,Simulated Ward 10
3078,2024,2026-01-12,24,3,Simulated Ward 05
2771,1828,2024-02-22,86,3,Simulated Ward 02
3336,2194,2023-07-15,12,3,Simulated Ward 03
34,20,2023-06-25,81,2,Simulated Ward 08
1208,789,2023-06-14,10,3,Simulated Ward 07
935,613,2024-05-14,50,3,Simulated Ward 21
1451,949,2025-08-01,21,3,Simulated Ward 17
2405,1584,2024-04-01,93,0,Simulated Ward 21
3977,2615,2025-08-30,81,3,Simulated Ward 08
1286,842,2024-11-01,112,3,Simulated Ward 18
3203,2107,2024-10-16,45,3,Simulated Ward 02
4661,3072,2023-10-18,91,3,Simulated Ward 20
691,452,2026-06-02,117,3,Simulated Ward 07
3794,2494,2025-05-30,269,3,Simulated Ward 09
2241,1474,2024-04-17,177,1,Simulated Ward 11
2763,1823,2026-03-17,17,3,Simulated Ward 12
2580,1703,2026-08-01,184,3,Simulated Ward 04
4153,2729,2026-06-10,43,3,Simulated Ward 13
3108,2041,2024-06-02,19,3,Simulated Ward 07
927,608,2024-04-14,48,2,Simulated Ward 20
4700,3099,2025-11-01,156,3,Simulated Ward 18
3132,2058,2025-05-19,32,3,Simulated Ward 02
1895,1237,2025-02-28,35,3,Simulated Ward 25
2581,1704,2025-09-23,33,3,Simulated Ward 22
1446,945,2024-04-06,244,3,Simulated Ward 06
3605,2376,2024-06-18,23,3,Simulated Ward 20
3896,2560,2025-04-04,70,3,Simulated Ward 05
3374,2221,2023-10-05,104,3,Simulated Ward 15
5213,3443,2026-06-23,92,3,Simulated Ward 22
2565,1692,2024-02-10,10,3,Simulated Ward 21
2357,1550,2025-10-07,669,2,Simulated Ward 21
4949,3262,2026-03-11,94,3,Simulated Ward 02
1054,692,2024-03-15,18,3,Simulated Ward 01
150,97,2025-08-12,697,3,Simulated Ward 24
2842,1869,2023-06-19,39,3,Simulated Ward 22
357,231,2023-09-16,630,3,Simulated Ward 06
3437,2265,2024-09-15,11,1,Simulated Ward 12
2618,1728,2023-12-21,33,3,Simulated Ward 13
1578,1034,2023-10-05,27,3,Simulated Ward 13
3543,2335,2023-11-12,31,3,Simulated Ward 13
1481,968,2024-04-17,14,3,Simulated Ward 06
1400,916,2025-12-16,34,3,Simulated Ward 18
1270,829,2026-01-28,44,3,Simulated Ward 17
754,494,2024-04-05,26,1,Simulated Ward 03
2211,1453,2023-06-06,135,3,Simulated Ward 21
4594,3028,2026-08-05,48,3,Simulated Ward 19
4110,2700,2026-04-12,29,3,Simulated Ward 17
2913,1913,2025-02-18,85,2,Simulated Ward 20
1794,1174,2023-07-31,12,3,Simulated Ward 16
2927,1923,2024-05-10,44,3,Simulated Ward 24
3084,2027,2023-06-22,21,3,Simulated Ward 08
4915,3239,2025-11-19,27,3,Simulated Ward 15
1688,1102,2025-06-29,34,3,Simulated Ward 02
1189,778,2026-03-23,17,3,Simulated Ward 13
3507,2312,2026-05-13,242,3,Simulated Ward 07
3110,2043,2024-01-15,34,3,Simulated Ward 05
4663,3073,2023-12-30,197,3,Simulated Ward 05
2185,1434,2023-07-05,267,3,Simulated Ward 11
3219,2120,2023-09-17,30,3,Simulated Ward 12
3329,2189,2026-01-21,48,3,Simulated Ward 13
929,609,2026-01-26,271,3,Simulated Ward 10
4364,2872,2023-10-25,29,3,Simulated Ward 04
128,81,2024-12-12,45,3,Simulated Ward 21
1941,1266,2025-08-03,36,3,Simulated Ward 14
4778,3146,2023-11-03,194,0,Simulated Ward 08
2078,1360,2025-02-15,194,3,Simulated Ward 21
3820,2508,2024-08-10,15,3,Simulated Ward 11
4244,2793,2024-12-31,267,3,Simulated Ward 23
284,183,2026-06-01,146,3,Simulated Ward 04
3074,2021,2023-12-04,47,3,Simulated Ward 06
2260,1485,2023-07-30,10,3,Simulated Ward 16
501,325,2025-12-27,152,1,Simulated Ward 25
354,229,2026-03-27,44,1,Simulated Ward 16
4019,2643,2026-09-07,389,3,Simulated Ward 18
2139,1400,2024-01-03,15,3,Simulated Ward 11
4970,3277,2026-09-05,96,3,Simulated Ward 12
4859,3201,2023-12-16,107,3,Simulated Ward 08
3883,2551,2024-03-12,81,3,Simulated Ward 21
4825,3179,2024-12-24,30,3,Simulated Ward 17
4073,2678,2025-07-18,72,3,Simulated Ward 03
369,239,2025-09-24,112,3,Simulated Ward 18
1575,1032,2024-10-30,196,3,Simulated Ward 11
4987,3288,2025-03-23,97,3,Simulated Ward 21
1853,1209,2026-03-24,53,3,Simulated Ward 02
1812,1185,2024-07-29,86,1,Simulated Ward 15
468,303,2023-09-08,48,3,Simulated Ward 05
485,314,2026-08-09,11,3,Simulated Ward 22
3377,2224,2026-03-10,164,3,Simulated Ward 23
1979,1294,2025-03-19,67,3,Simulated Ward 07
517,336,2025-07-16,10,1,Simulated Ward 22
84,54,2026-04-16,22,2,Simulated Ward 24
3783,2488,2024-07-14,46,3,Simulated Ward 08
4494,2964,2026-03-11,177,1,Simulated Ward 11
4938,3256,2025-09-05,10,3,Simulated Ward 13
3179,2090,2025-01-15,103,3,Simulated Ward 03
593,386,2025-06-06,58,3,Simulated Ward 23
1018,671,2026-03-28,217,3,Simulated Ward 20
680,446,2024-06-10,743,3,Simulated Ward 08
2226,1462,2026-05-03,45,3,Simulated Ward 06
3728,2452,2026-04-16,49,3,Simulated Ward 04
4786,3152,2024-02-07,297,3,Simulated Ward 13
3606,2377,2026-07-09,10,3,Simulated Ward 03
3834,2518,2025-02-07,25,3,Simulated Ward 16
2030,1329,2026-02-24,11,3,Simulated Ward 08
4389,2890,2026-09-03,110,3,Simulated Ward 06
3654,2406,2024-10-03,45,3,Simulated Ward 10
875,574,2024-11-26,335,3,Simulated Ward 22
3627,2389,2025-03-31,22,3,Simulated Ward 09
2860,1880,2025-09-20,35,3,Simulated Ward 07
1814,1186,2024-10-08,84,3,Simulated Ward 06
1240,811,2025-02-15,95,3,Simulated Ward 18
5293,3496,2023-07-16,30,3,Simulated Ward 01
446,289,2026-04-01,120,3,Simulated Ward 07
3373,2220,2025-07-05,14,3,Simulated Ward 10
1915,1249,2025-08-23,91,3,Simulated Ward 25
907,594,2023-11-29,14,3,Simulated Ward 11
570,369,2026-04-05,137,3,Simulated Ward 24
2486,1640,2025-03-22,40,3,Simulated Ward 06
3079,2025,2025-10-31,64,3,Simulated Ward 05
3460,2280,2024-06-24,92,3,Simulated Ward 01
1406,920,2026-05-06,109,1,Simulated Ward 19
3898,2561,2025-10-03,74,3,Simulated Ward 21
5187,3425,2024-04-07,10,1,Simulated Ward 03
414,269,2026-08-16,88,3,Simulated Ward 11
362,235,2023-06-30,184,3,Simulated Ward 17
2549,1681,2026-07-07,24,3,Simulated Ward 08
556,361,2024-08-24,195,3,Simulated Ward 09
4292,2825,2025-04-28,77,3,Simulated Ward 24
17,12,2025-11-10,77,3,Simulated Ward 24
3436,2264,2024-02-28,190,3,Simulated Ward 24
4682,3085,2023-09-19,12,3,Simulated Ward 13
2505,1654,2024-11-27,106,3,Simulated Ward 03
4998,3298,2023-06-06,25,1,Simulated Ward 06
3276,2156,2024-11-03,42,3,Simulated Ward 02
2996,1970,2025-01-24,70,1,Simulated Ward 20
526,341,2026-07-28,171,3,Simulated Ward 11
4328,2848,2023-09-01,30,3,Simulated Ward 24
745,489,2025-06-18,22,3,Simulated Ward 03
802,525,2024-10-08,37,3,Simulated Ward 19
4669,3076,2026-03-04,104,3,Simulated Ward 01
4958,3269,2023-06-21,59,3,Simulated Ward 07
1144,747,2026-08-26,232,3,Simulated Ward 02
977,642,2023-08-12,41,1,Simulated Ward 04
5066,3344,2024-05-28,49,3,Simulated Ward 13
4211,2771,2026-07-13,49,3,Simulated Ward 18
2235,1469,2025-08-25,157,3,Simulated Ward 23
4464,2946,2024-03-10,14,3,Simulated Ward 03
3536,2331,2024-01-18,265,3,Simulated Ward 19
2293,1508,2023-11-03,370,3,Simulated Ward 21
2665,1754,2025-11-07,73,3,Simulated Ward 04
2915,1915,2024-12-16,89,3,Simulated Ward 01
4501,2969,2023-07-20,33,3,Simulated Ward 07
4088,2686,2024-11-19,18,1,Simulated Ward 12
4498,2967,2024-01-28,185,3,Simulated Ward 01
1962,1282,2023-09-06,69,3,Simulated Ward 10
1878,1225,2025-11-15,130,3,Simulated Ward 16
1496,979,2025-11-25,30,3,Simulated Ward 16
1828,1195,2026-05-21,43,3,Simulated Ward 07
4183,2750,2025-02-04,16,3,Simulated Ward 07
4849,3194,2025-04-08,78,3,Simulated Ward 03
3352,2205,2023-06-28,19,3,Simulated Ward 16
1385,905,2024-10-28,46,3,Simulated Ward 13
2193,1441,2025-02-01,124,3,Simulated Ward 03
5002,3300,2024-02-12,180,3,Simulated Ward 09
5076,3350,2026-03-31,15,3,Simulated Ward 16
5255,3472,2025-10-20,33,3,Simulated Ward 08
2343,1542,2025-03-07,36,3,Simulated Ward 11
3488,2299,2025-11-20,103,3,Simulated Ward 13
2670,1758,2025-09-25,13,3,Simulated Ward 14
678,445,2023-09-15,69,1,Simulated Ward 16
1552,1016,2024-03-23,357,1,Simulated Ward 23
1221,798,2024-07-12,10,3,Simulated Ward 19
4120,2706,2024-07-10,26,3,Simulated Ward 04
783,512,2025-01-27,39,3,Simulated Ward 03
4025,2646,2026-01-28,22,3,Simulated Ward 11
614,402,2024-03-17,13,3,Simulated Ward 10
1796,1174,2025-03-06,12,3,Simulated Ward 16
4376,2883,2023-08-04,27,3,Simulated Ward 13
1769,1155,2024-12-29,93,3,Simulated Ward 15
4032,2651,2026-04-22,85,1,Simulated Ward 07
4835,3185,2025-01-29,22,3,Simulated Ward 01
3596,2369,2025-10-26,87,3,Simulated Ward 13
1514,991,2025-02-21,85,3,Simulated Ward 20
5237,3460,2026-03-26,152,3,Simulated Ward 21
3356,2209,2025-03-08,67,3,Simulated Ward 16
4416,2909,2023-10-14,22,3,Simulated Ward 15
3039,1999,2023-08-24,284,1,Simulated Ward 03
1690,1103,2026-06-20,150,3,Simulated Ward 17
4747,3127,2024-10-05,65,3,Simulated Ward 20
38,21,2026-08-24,40,3,Simulated Ward 02
1234,807,2024-12-21,11,3,Simulated Ward 14
4753,3131,2024-09-28,93,3,Simulated Ward 16
2341,1541,2025-09-11,13,3,Simulated Ward 20
2018,1319,2026-01-06,50,3,Simulated Ward 01
4927,3248,2026-09-18,206,3,Simulated Ward 06
4210,2770,2024-08-07,13,3,Simulated Ward 10
4205,2768,2025-11-13,193,3,Simulated Ward 09
3000,1972,2025-09-15,11,3,Simulated Ward 06
1983,1297,2023-08-13,208,1,Simulated Ward 23
2550,1682,2026-03-30,18,3,Simulated Ward 21
3089,2030,2025-04-02,28,3,Simulated Ward 05
5128,3386,2025-02-25,13,3,Simulated Ward 13
2406,1584,2024-07-27,93,3,Simulated Ward 21
4078,2680,2024-07-21,123,3,Simulated Ward 20
1889,1232,2024-12-22,95,3,Simulated Ward 11
2167,1421,2024-04-25,56,3,Simulated Ward 02
297,192,2024-06-20,154,3,Simulated Ward 10
448,291,2023-07-25,29,3,Simulated Ward 08
2172,1424,2023-07-28,106,3,Simulated Ward 08
171,110,2025-07-19,43,3,Simulated Ward 02
4573,3015,2025-03-18,55,3,Simulated Ward 17
2728,1798,2024-05-11,49,3,Simulated Ward 22
1571,1029,2023-12-22,19,3,Simulated Ward 07
3610,2379,2024-09-05,19,3,Simulated Ward 23
3066,2015,2024-01-02,18,3,Simulated Ward 02
1262,825,2024-06-02,18,3,Simulated Ward 17
3033,1995,2025-01-12,24,3,Simulated Ward 19
2936,1929,2025-12-16,15,3,Simulated Ward 20
4324,2845,2023-10-01,70,3,Simulated Ward 12
2353,1547,2025-09-24,189,3,Simulated Ward 08
1050,690,2024-02-14,86,3,Simulated Ward 25
330,213,2024-09-22,185,3,Simulated Ward 24
4515,2978,2025-06-12,17,3,Simulated Ward 08
3983,2620,2024-11-03,180,1,Simulated Ward 17
2431,1601,2026-02-25,23,3,Simulated Ward 21
1223,799,2025-12-27,10,1,Simulated Ward 12
201,129,2025-10-08,19,3,Simulated Ward 05
3476,2292,2025-06-27,130,1,Simulated Ward 01
1737,1135,2024-09-05,263,3,Simulated Ward 13
5184,3423,2026-05-11,75,3,Simulated Ward 20
1640,1072,2024-06-01,181,3,Simulated Ward 13
4399,2897,2024-01-01,361,3,Simulated Ward 20
4382,2886,2025-06-26,51,1,Simulated Ward 01
256,166,2024-08-05,393,1,Simulated Ward 04
2901,1905,2024-02-09,17,3,Simulated Ward 11
3069,2018,2024-12-15,43,3,Simulated Ward 09
5094,3362,2025-12-25,91,1,Simulated Ward 15
334,216,2024-03-23,118,3,Simulated Ward 11
3590,2365,2025-09-06,176,3,Simulated Ward 07
1231,805,2024-02-15,165,3,Simulated Ward 04
3936,2586,2026-05-21,51,3,Simulated Ward 05
2216,1456,2025-05-15,67,3,Simulated Ward 20
1742,1138,2023-10-07,95,3,Simulated Ward 08
2010,1314,2026-08-09,283,3,Simulated Ward 14
3666,2414,2023-08-24,10,3,Simulated Ward 04
4182,2749,2026-02-11,19,1,Simulated Ward 17
3831,2515,2026-04-25,28,3,Simulated Ward 09
4560,3006,2024-05-10,36,3,Simulated Ward 13
3127,2055,2026-09-02,164,1,Simulated Ward 05
1091,714,2026-07-21,383,3,Simulated Ward 06
3889,2554,2026-02-14,155,3,Simulated Ward 14
64,39,2026-02-12,552,3,Simulated Ward 05
1646,1077,2023-10-04,11,3,Simulated Ward 08
428,278,2024-02-21,327,3,Simulated Ward 24
2844,1870,2023-07-23,155,1,Simulated Ward 13
3551,2341,2025-11-19,18,1,Simulated Ward 21
4402,2898,2026-03-17,27,3,Simulated Ward 10
2726,1797,2023-12-24,99,3,Simulated Ward 05
3170,2084,2025-11-05,112,3,Simulated Ward 08
5123,3384,2026-04-05,214,3,Simulated Ward 08
3704,2438,2025-03-20,15,3,Simulated Ward 03
1035,680,2023-10-05,48,3,Simulated Ward 06
3601,2373,2026-05-25,191,3,Simulated Ward 04
1520,994,2025-09-21,772,3,Simulated Ward 17
1647,1077,2025-01-15,11,3,Simulated Ward 08
280,181,2026-02-06,22,3,Simulated Ward 10
897,587,2025-10-13,100,3,Simulated Ward 16
2467,1629,2025-05-29,59,3,Simulated Ward 07
1049,690,2024-01-20,86,3,Simulated Ward 25
795,520,2025-04-01,41,3,Simulated Ward 23
1955,1276,2024-04-13,336,3,Simulated Ward 03
2042,1336,2025-07-29,139,3,Simulated Ward 11
441,286,2024-05-23,316,3,Simulated Ward 25
1891,1234,2025-04-15,399,1,Simulated Ward 22
1198,783,2023-12-23,16,3,Simulated Ward 13
4868,3208,2025-03-23,314,3,Simulated Ward 04
2967,1952,2025-12-24,14,3,Simulated Ward 13
3888,2554,2025-11-20,155,3,Simulated Ward 14
1025,675,2025-09-01,88,3,Simulated Ward 20
1038,681,2026-02-05,10,3,Simulated Ward 11
4022,2645,2024-03-12,342,3,Simulated Ward 11
219,140,2026-06-16,63,3,Simulated Ward 20
4322,2843,2026-04-03,150,3,Simulated Ward 04
4798,3162,2023-07-16,220,3,Simulated Ward 01
2288,1504,2025-04-28,10,3,Simulated Ward 24
4960,3270,2023-08-29,370,3,Simulated Ward 10
2251,1478,2025-03-25,44,3,Simulated Ward 24
5157,3404,2024-04-18,64,3,Simulated Ward 02
477,308,2025-09-25,84,3,Simulated Ward 11
1972,1288,2025-07-14,32,3,Simulated Ward 04
1,1,2025-06-04,70,3,Simulated Ward 22
2188,1437,2026-02-19,54,3,Simulated Ward 15
4509,2974,2023-06-11,28,3,Simulated Ward 24
3599,2372,2024-04-19,62,3,Simulated Ward 08
1861,1214,2024-07-19,59,3,Simulated Ward 10
5256,3472,2026-05-04,33,3,Simulated Ward 08
4454,2938,2026-09-04,79,3,Simulated Ward 20
4289,2824,2024-01-04,126,3,Simulated Ward 25
1330,869,2026-05-07,21,3,Simulated Ward 14
1310,858,2025-05-27,165,3,Simulated Ward 16
2164,1418,2024-12-24,99,3,Simulated Ward 23
3818,2506,2026-02-20,102,3,Simulated Ward 19
4623,3047,2024-02-16,168,3,Simulated Ward 21
2749,1813,2024-10-30,22,3,Simulated Ward 13
4422,2914,2026-05-04,181,3,Simulated Ward 23
1248,816,2023-11-27,16,3,Simulated Ward 21
2713,1788,2026-07-21,71,3,Simulated Ward 10
1393,910,2025-01-12,259,3,Simulated Ward 20
3428,2259,2026-08-29,26,1,Simulated Ward 07
2237,1471,2026-08-24,88,3,Simulated Ward 02
1524,997,2024-05-11,39,3,Simulated Ward 24
3949,2595,2024-03-10,40,3,Simulated Ward 23
3022,1988,2025-10-12,380,3,Simulated Ward 02
2523,1666,2026-05-21,17,3,Simulated Ward 14
3106,2040,2025-11-03,97,3,Simulated Ward 22
1474,963,2025-02-18,291,3,Simulated Ward 01
2508,1656,2025-11-08,53,3,Simulated Ward 22
1893,1235,2026-01-19,42,3,Simulated Ward 12
571,370,2025-02-01,142,1,Simulated Ward 23
4957,3268,2025-10-18,115,3,Simulated Ward 16
1265,827,2023-09-29,41,3,Simulated Ward 02
4413,2906,2023-11-28,142,3,Simulated Ward 23
1933,1261,2026-05-15,60,3,Simulated Ward 24
736,482,2024-11-19,126,3,Simulated Ward 25
2442,1611,2026-02-28,49,3,Simulated Ward 22
4335,2852,2026-04-17,43,1,Simulated Ward 04
4712,3106,2024-06-18,284,3,Simulated Ward 06
568,368,2025-10-06,18,3,Simulated Ward 18
1225,800,2026-04-24,140,3,Simulated Ward 14
4879,3215,2026-06-27,136,3,Simulated Ward 20
2218,1458,2023-08-27,47,3,Simulated Ward 11
1300,851,2023-11-17,16,3,Simulated Ward 02
812,532,2025-02-20,65,3,Simulated Ward 06
4530,2988,2026-02-06,69,3,Simulated Ward 03
658,431,2024-03-25,48,1,Simulated Ward 07
3904,2565,2024-09-20,46,3,Simulated Ward 20
1428,935,2025-03-29,44,3,Simulated Ward 24
1008,664,2026-08-12,39,3,Simulated Ward 12
2811,1851,2023-09-18,23,3,Simulated Ward 19
2464,1627,2023-11-21,37,2,Simulated Ward 22
463,300,2024-04-19,56,3,Simulated Ward 14
4822,3177,2026-07-14,11,1,Simulated Ward 01
3847,2525,2026-05-09,75,3,Simulated Ward 20
1765,1153,2023-08-18,14,3,Simulated Ward 23
4128,2712,2026-07-23,330,3,Simulated Ward 13
4840,3188,2026-03-23,23,1,Simulated Ward 09
238,152,2025-06-25,31,3,Simulated Ward 17
363,235,2026-04-29,184,0,Simulated Ward 17
1826,1194,2025-06-30,112,3,Simulated Ward 24
3299,2171,2024-06-15,49,3,Simulated Ward 15
2685,1770,2025-07-22,378,3,Simulated Ward 18
3494,2304,2024-06-14,32,1,Simulated Ward 22
1131,739,2024-05-23,54,3,Simulated Ward 18
3479,2294,2024-07-11,21,3,Simulated Ward 12
1343,879,2023-10-16,15,3,Simulated Ward 13
2130,1395,2024-04-12,15,3,Simulated Ward 19
2654,1748,2025-02-18,82,3,Simulated Ward 17
299,193,2023-11-13,44,3,Simulated Ward 06
4184,2751,2026-05-08,84,3,Simulated Ward 17
2540,1676,2024-12-17,80,3,Simulated Ward 11
420,273,2023-12-21,202,3,Simulated Ward 16
1077,707,2024-05-13,57,1,Simulated Ward 18
127,80,2023-10-14,335,3,Simulated Ward 07
48,28,2023-08-25,42,3,Simulated Ward 08
1066,699,2025-09-16,40,3,Simulated Ward 10
2472,1632,2023-11-11,127,3,Simulated Ward 17
1936,1263,2025-10-20,44,3,Simulated Ward 17
2449,1617,2025-10-10,41,0,Simulated Ward 16
563,365,2023-09-12,49,1,Simulated Ward 16
3114,2045,2025-09-22,66,3,Simulated Ward 17
3364,2214,2023-11-16,47,1,Simulated Ward 09
1051,691,2023-12-25,129,3,Simulated Ward 10
2375,1562,2026-05-15,67,3,Simulated Ward 02
828,543,2025-02-24,44,0,Simulated Ward 02
2352,1547,2025-06-21,189,1,Simulated Ward 08
5262,3475,2025-08-12,423,3,Simulated Ward 03
1611,1054,2024-09-12,10,3,Simulated Ward 02
2001,1308,2025-05-21,310,3,Simulated Ward 12
2648,1744,2024-07-03,47,3,Simulated Ward 08
5058,3339,2024-01-27,68,3,Simulated Ward 13
1306,855,2024-11-16,344,3,Simulated Ward 16
3762,2472,2026-05-22,11,3,Simulated Ward 09
1027,676,2025-12-04,52,3,Simulated Ward 25
5211,3441,2025-06-01,115,3,Simulated Ward 01
3908,2568,2023-12-29,108,3,Simulated Ward 20
400,259,2026-08-29,166,3,Simulated Ward 10
2456,1621,2024-04-27,19,3,Simulated Ward 08
2479,1636,2026-05-22,196,3,Simulated Ward 08
933,612,2024-10-10,90,3,Simulated Ward 01
5285,3491,2024-01-13,25,3,Simulated Ward 12
4445,2932,2023-11-23,16,3,Simulated Ward 08
4568,3011,2025-11-30,104,3,Simulated Ward 22
701,458,2024-02-16,289,3,Simulated Ward 16
774,507,2026-05-04,356,3,Simulated Ward 08
232,147,2025-07-03,60,3,Simulated Ward 20
1335,873,2024-05-18,174,1,Simulated Ward 22
4386,2888,2026-09-20,46,3,Simulated Ward 02
3663,2412,2026-02-12,97,3,Simulated Ward 06
985,646,2024-10-09,57,3,Simulated Ward 06
3146,2067,2025-08-18,129,3,Simulated Ward 20
722,471,2025-09-01,19,3,Simulated Ward 04
3228,2124,2026-01-07,155,3,Simulated Ward 18
1129,738,2023-09-27,45,3,Simulated Ward 11
3814,2504,2023-10-22,48,3,Simulated Ward 17
5019,3311,2025-08-22,12,1,Simulated Ward 07
507,329,2024-11-09,386,3,Simulated Ward 11
4902,3231,2026-01-20,11,3,Simulated Ward 22
2586,1707,2024-04-02,368,2,Simulated Ward 07
3270,2153,2025-09-04,91,3,Simulated Ward 10
5069,3346,2024-08-10,47,0,Simulated Ward 09
465,301,2026-06-13,93,3,Simulated Ward 02
2637,1738,2023-10-16,28,3,Simulated Ward 22
2821,1857,2025-03-17,127,2,Simulated Ward 02
600,392,2025-08-21,86,3,Simulated Ward 19
4729,3116,2024-03-12,623,3,Simulated Ward 09
4313,2838,2024-07-08,49,3,Simulated Ward 12
5159,3406,2025-08-12,226,1,Simulated Ward 11
2935,1929,2024-04-13,15,3,Simulated Ward 20
5134,3390,2023-10-14,16,3,Simulated Ward 19
1679,1098,2024-01-23,93,3,Simulated Ward 14
592,385,2023-10-16,113,3,Simulated Ward 02
3760,2471,2024-12-06,67,3,Simulated Ward 22
4946,3260,2025-03-18,48,3,Simulated Ward 18
595,387,2026-04-02,291,3,Simulated Ward 08
1899,1240,2024-02-13,132,3,Simulated Ward 24
179,116,2026-02-26,13,1,Simulated Ward 21
1636,1069,2026-07-12,37,3,Simulated Ward 20
4162,2735,2024-02-02,85,3,Simulated Ward 17
4085,2684,2025-02-16,29,3,Simulated Ward 09
1872,1222,2023-11-12,170,3,Simulated Ward 01
3172,2085,2025-12-28,315,3,Simulated Ward 01
2816,1853,2026-09-10,304,3,Simulated Ward 22
4704,3101,2025-01-07,314,3,Simulated Ward 09
491,319,2024-01-27,13,3,Simulated Ward 11
5070,3346,2025-11-05,47,3,Simulated Ward 09
2077,1359,2025-01-15,214,1,Simulated Ward 20
1788,1169,2026-02-23,320,3,Simulated Ward 25
5249,3467,2026-07-27,215,3,Simulated Ward 12
1870,1220,2025-03-13,29,3,Simulated Ward 04
1292,845,2025-02-27,10,2,Simulated Ward 02
3278,2157,2026-08-30,33,3,Simulated Ward 06
210,135,2023-09-03,32,3,Simulated Ward 09
4956,3267,2025-10-17,32,3,Simulated Ward 25
4645,3061,2026-06-29,44,3,Simulated Ward 21
3034,1996,2023-11-17,66,3,Simulated Ward 11
3028,1992,2025-07-18,342,3,Simulated Ward 16
2243,1475,2024-10-23,46,3,Simulated Ward 09
2638,1739,2023-07-28,16,3,Simulated Ward 06
1000,658,2026-06-16,10,3,Simulated Ward 21
4172,2743,2026-06-09,383,3,Simulated Ward 02
2627,1732,2023-09-03,37,3,Simulated Ward 19
3527,2325,2023-07-24,18,3,Simulated Ward 20
1488,972,2024-07-07,17,3,Simulated Ward 06
23,14,2024-03-22,42,3,Simulated Ward 01
4326,2846,2025-11-23,299,3,Simulated Ward 10
4832,3184,2023-06-18,282,3,Simulated Ward 25
3575,2357,2023-07-26,168,3,Simulated Ward 16
519,337,2026-01-30,68,1,Simulated Ward 02
5242,3463,2025-03-19,220,3,Simulated Ward 04
1986,1299,2026-08-07,17,2,Simulated Ward 03
5112,3377,2025-10-14,44,3,Simulated Ward 24
3872,2543,2023-10-26,39,3,Simulated Ward 06
1809,1183,2026-08-05,90,3,Simulated Ward 22
5052,3334,2023-06-24,67,3,Simulated Ward 10
2592,1712,2024-03-18,268,3,Simulated Ward 17
2150,1407,2026-03-02,38,3,Simulated Ward 17
4440,2928,2023-06-10,33,3,Simulated Ward 04
1988,1301,2023-11-06,58,3,Simulated Ward 21
4913,3238,2024-05-03,12,3,Simulated Ward 05
1630,1065,2026-04-30,19,3,Simulated Ward 22
1365,892,2026-03-25,394,3,Simulated Ward 05
951,623,2025-12-21,391,3,Simulated Ward 04
3491,2302,2024-01-29,22,3,Simulated Ward 13
2969,1953,2025-01-19,52,3,Simulated Ward 09
1971,1287,2025-08-29,78,3,Simulated Ward 18
4716,3108,2023-09-19,53,3,Simulated Ward 23
550,358,2024-08-18,17,3,Simulated Ward 14
3,3,2024-03-03,98,3,Simulated Ward 22
2128,1393,2024-01-27,27,3,Simulated Ward 16
3784,2489,2023-10-13,65,3,Simulated Ward 10
991,651,2024-03-12,11,3,Simulated Ward 24
2176,1427,2026-05-05,80,3,Simulated Ward 18
956,627,2025-01-07,74,3,Simulated Ward 08
2025,1326,2023-11-04,17,3,Simulated Ward 11
31,18,2025-05-08,67,3,Simulated Ward 09
4435,2924,2024-01-09,24,3,Simulated Ward 08
438,285,2024-09-08,189,3,Simulated Ward 14
2887,1897,2025-02-16,242,3,Simulated Ward 24
2526,1667,2025-07-19,192,1,Simulated Ward 24
1665,1090,2024-05-22,28,1,Simulated Ward 10
1992,1303,2025-11-14,227,3,Simulated Ward 04
185,120,2026-06-23,11,3,Simulated Ward 13
5286,3492,2023-11-24,36,1,Simulated Ward 12
2548,1681,2026-03-19,24,3,Simulated Ward 08
2453,1619,2024-10-20,334,3,Simulated Ward 13
652,427,2025-12-19,324,3,Simulated Ward 11
3661,2410,2024-02-27,11,1,Simulated Ward 13
4815,3171,2026-03-11,47,3,Simulated Ward 23
4784,3151,2026-02-21,19,1,Simulated Ward 08
2761,1821,2026-01-26,36,3,Simulated Ward 25
5289,3494,2025-06-02,80,3,Simulated Ward 08
4932,3253,2025-08-12,61,3,Simulated Ward 07
3522,2320,2026-08-15,703,3,Simulated Ward 06
737,483,2026-02-10,133,3,Simulated Ward 18
52,31,2023-11-01,212,3,Simulated Ward 25
1237,809,2026-08-30,199,3,Simulated Ward 06
3850,2528,2023-12-12,49,1,Simulated Ward 15
4988,3289,2024-12-27,46,3,Simulated Ward 10
1549,1015,2024-06-08,38,3,Simulated Ward 12
1359,890,2024-04-12,10,3,Simulated Ward 17
5250,3468,2023-06-28,52,3,Simulated Ward 15
1295,847,2023-07-21,225,3,Simulated Ward 25
204,131,2026-09-09,82,3,Simulated Ward 03
522,339,2024-05-25,311,3,Simulated Ward 14
2766,1825,2023-11-26,761,3,Simulated Ward 13
2132,1396,2023-09-07,22,3,Simulated Ward 21
2840,1868,2025-09-25,39,3,Simulated Ward 22
597,389,2025-05-15,13,3,Simulated Ward 09
993,653,2025-03-07,188,3,Simulated Ward 15
5254,3471,2024-07-04,397,1,Simulated Ward 05
2615,1726,2024-08-05,32,3,Simulated Ward 03
329,213,2023-08-25,185,3,Simulated Ward 24
587,381,2025-11-04,62,3,Simulated Ward 24
2445,1613,2025-06-06,45,3,Simulated Ward 08
4660,3071,2024-12-23,11,3,Simulated Ward 14
4269,2809,2026-07-26,80,3,Simulated Ward 06
2327,1532,2023-07-24,337,3,Simulated Ward 02
2089,1368,2024-03-31,349,3,Simulated Ward 25
4963,3272,2024-12-20,64,3,Simulated Ward 13
443,287,2024-12-12,20,3,Simulated Ward 18
4284,2820,2025-01-06,22,3,Simulated Ward 15
1229,804,2024-03-08,169,3,Simulated Ward 10
1507,986,2023-09-05,44,3,Simulated Ward 16
1279,836,2026-03-07,189,3,Simulated Ward 19
2716,1790,2024-10-28,12,1,Simulated Ward 02
3113,2045,2024-10-25,66,3,Simulated Ward 17
1109,725,2026-07-11,30,3,Simulated Ward 16
3296,2170,2025-12-05,63,3,Simulated Ward 02
483,312,2023-07-04,11,1,Simulated Ward 01
5153,3402,2024-08-20,12,3,Simulated Ward 18
3001,1973,2025-03-07,227,3,Simulated Ward 15
1946,1270,2024-09-15,103,3,Simulated Ward 14
1565,1025,2024-03-16,107,3,Simulated Ward 14
3151,2071,2026-05-03,39,3,Simulated Ward 18
660,432,2026-09-17,188,1,Simulated Ward 03
2037,1333,2026-07-10,65,1,Simulated Ward 19
2900,1904,2025-03-05,83,3,Simulated Ward 18
3385,2229,2024-01-01,305,3,Simulated Ward 18
3439,2266,2025-03-17,166,3,Simulated Ward 13
4855,3198,2023-07-27,84,3,Simulated Ward 11
500,324,2026-04-24,30,1,Simulated Ward 13
2641,1741,2024-11-01,129,3,Simulated Ward 14
3388,2230,2024-12-23,13,3,Simulated Ward 04
4188,2754,2025-12-27,663,3,Simulated Ward 11
1604,1049,2023-07-12,45,3,Simulated Ward 25
3567,2351,2025-07-24,34,3,Simulated Ward 05
4473,2953,2025-03-20,126,3,Simulated Ward 18
2335,1537,2025-07-16,66,1,Simulated Ward 08
61,36,2023-11-07,66,3,Simulated Ward 06
1471,961,2026-04-02,48,3,Simulated Ward 01
3878,2547,2025-09-14,85,3,Simulated Ward 02
4145,2725,2025-12-13,14,3,Simulated Ward 16
1312,859,2025-08-31,18,3,Simulated Ward 20
3913,2572,2024-11-13,19,3,Simulated Ward 11
3530,2326,2026-02-05,518,3,Simulated Ward 25
666,436,2026-06-27,300,3,Simulated Ward 05
536,349,2024-11-01,71,2,Simulated Ward 25
246,158,2024-03-15,17,3,Simulated Ward 06
2718,1791,2025-09-17,10,3,Simulated Ward 13
575,373,2025-06-09,83,3,Simulated Ward 10
3289,2166,2025-07-08,133,3,Simulated Ward 12
4325,2846,2025-07-10,299,3,Simulated Ward 10
5071,3347,2024-07-08,24,1,Simulated Ward 05
2812,1851,2024-06-17,23,1,Simulated Ward 19
3133,2059,2026-07-30,40,3,Simulated Ward 06
160,103,2025-07-22,38,3,Simulated Ward 09
2308,1518,2025-10-18,147,3,Simulated Ward 10
3419,2252,2025-04-06,10,3,Simulated Ward 14
4409,2902,2025-07-10,193,3,Simulated Ward 20
2111,1383,2025-12-01,18,3,Simulated Ward 11
4059,2668,2026-01-14,52,3,Simulated Ward 04
4155,2730,2025-02-20,90,3,Simulated Ward 18
5169,3414,2023-10-14,33,3,Simulated Ward 07
4592,3027,2025-09-18,162,3,Simulated Ward 16
3414,2249,2025-08-26,27,3,Simulated Ward 21
423,275,2025-10-17,128,3,Simulated Ward 02
3124,2054,2026-06-24,17,3,Simulated Ward 23
1735,1134,2026-01-24,307,3,Simulated Ward 19
345,224,2023-09-01,37,3,Simulated Ward 20
4999,3298,2023-11-03,25,1,Simulated Ward 06
1674,1095,2025-12-06,46,3,Simulated Ward 12
3576,2357,2024-02-29,168,1,Simulated Ward 16
2899,1903,2025-10-23,71,3,Simulated Ward 20
2510,1657,2025-11-02,19,3,Simulated Ward 11
450,292,2023-09-01,10,1,Simulated Ward 03
2399,1579,2025-11-16,74,3,Simulated Ward 21
2125,1391,2026-03-11,44,3,Simulated Ward 22
4596,3030,2024-10-15,323,3,Simulated Ward 11
973,639,2024-05-10,12,1,Simulated Ward 23
440,286,2024-04-18,316,3,Simulated Ward 25
523,340,2023-09-26,116,3,Simulated Ward 06
5132,3389,2024-01-18,148,3,Simulated Ward 12
2617,1727,2025-11-07,80,3,Simulated Ward 06
4127,2711,2025-07-02,19,3,Simulated Ward 19
2931,1925,2026-01-28,38,3,Simulated Ward 06
4476,2955,2026-06-30,37,3,Simulated Ward 17
3796,2495,2026-02-22,11,3,Simulated Ward 15
645,423,2024-08-21,280,3,Simulated Ward 25
5104,3370,2023-08-26,30,3,Simulated Ward 10
999,658,2024-07-10,10,3,Simulated Ward 21
126,80,2023-08-09,335,3,Simulated Ward 07
3891,2556,2023-12-18,102,3,Simulated Ward 10
942,618,2025-09-12,363,3,Simulated Ward 12
3315,2181,2026-02-06,17,3,Simulated Ward 14
1351,885,2024-11-22,274,3,Simulated Ward 18
1886,1229,2025-10-16,72,1,Simulated Ward 01
3631,2391,2024-05-28,37,3,Simulated Ward 21
4350,2862,2026-09-18,189,3,Simulated Ward 22
4,4,2025-03-26,382,3,Simulated Ward 07
4334,2852,2026-01-26,43,3,Simulated Ward 04
1421,931,2024-01-16,261,3,Simulated Ward 17
533,346,2026-06-16,359,3,Simulated Ward 01
4532,2990,2024-11-02,189,3,Simulated Ward 19
785,514,2026-04-20,41,3,Simulated Ward 25
1924,1255,2024-04-01,19,3,Simulated Ward 01
1483,969,2024-05-06,31,3,Simulated Ward 23
3982,2619,2026-07-16,226,3,Simulated Ward 19
4831,3183,2025-09-12,190,3,Simulated Ward 25
2724,1795,2023-06-17,102,3,Simulated Ward 21
4075,2679,2025-12-24,15,3,Simulated Ward 06
1706,1114,2023-07-05,47,3,Simulated Ward 14
1228,803,2024-04-06,15,3,Simulated Ward 16
4600,3033,2025-02-20,79,3,Simulated Ward 13
3277,2157,2026-07-21,33,3,Simulated Ward 06
2740,1806,2024-01-14,11,1,Simulated Ward 02
2567,1693,2023-07-04,12,0,Simulated Ward 16
4905,3233,2024-06-08,167,3,Simulated Ward 22
4146,2726,2023-10-25,58,3,Simulated Ward 17
90,58,2026-09-12,163,3,Simulated Ward 11
2862,1881,2026-02-28,99,3,Simulated Ward 10
4226,2781,2025-03-01,166,3,Simulated Ward 21
3514,2316,2024-05-31,23,3,Simulated Ward 09
5244,3464,2023-06-28,27,3,Simulated Ward 08
5137,3392,2026-06-18,15,3,Simulated Ward 24
3087,2029,2023-09-30,78,3,Simulated Ward 20
2415,1591,2026-04-16,13,3,Simulated Ward 16
1966,1285,2025-07-19,31,3,Simulated Ward 03
4715,3107,2025-01-01,197,3,Simulated Ward 05
206,132,2025-11-29,12,3,Simulated Ward 03
3240,2133,2024-10-01,26,3,Simulated Ward 08
2828,1861,2023-07-10,68,3,Simulated Ward 17
833,546,2025-05-22,94,3,Simulated Ward 22
4417,2910,2025-11-07,314,3,Simulated Ward 06
3537,2331,2024-06-01,265,3,Simulated Ward 19
781,511,2024-05-13,24,3,Simulated Ward 22
3200,2105,2024-08-09,324,3,Simulated Ward 20
199,128,2026-06-13,16,3,Simulated Ward 22
1852,1208,2025-05-25,133,1,Simulated Ward 24
3452,2274,2026-04-18,85,1,Simulated Ward 11
63,38,2026-06-20,293,3,Simulated Ward 11
2772,1828,2024-11-14,86,3,Simulated Ward 02
3082,2026,2024-10-17,95,3,Simulated Ward 22
4651,3066,2024-03-19,16,3,Simulated Ward 25
3321,2185,2024-08-02,357,3,Simulated Ward 21
2231,1466,2024-05-28,41,3,Simulated Ward 21
4743,3126,2025-04-04,278,3,Simulated Ward 04
3455,2276,2025-05-06,352,3,Simulated Ward 17
3943,2591,2024-12-01,34,3,Simulated Ward 11
3940,2589,2025-07-13,44,3,Simulated Ward 01
1517,993,2024-02-06,72,1,Simulated Ward 03
3213,2116,2024-02-14,66,1,Simulated Ward 22
1181,773,2026-05-15,82,3,Simulated Ward 18
3676,2419,2023-07-02,78,3,Simulated Ward 07
1664,1089,2026-05-24,63,3,Simulated Ward 20
3963,2603,2026-09-14,15,3,Simulated Ward 21
3369,2218,2025-01-13,84,1,Simulated Ward 03
2888,1898,2025-01-31,377,3,Simulated Ward 17
1088,712,2026-09-10,10,3,Simulated Ward 17
1564,1024,2024-11-01,169,3,Simulated Ward 09
911,596,2023-07-30,40,3,Simulated Ward 17
1121,733,2024-01-26,36,3,Simulated Ward 16
5228,3453,2026-06-22,23,3,Simulated Ward 17
650,426,2025-06-18,98,3,Simulated Ward 23
3532,2328,2025-05-25,105,3,Simulated Ward 18
289,186,2026-01-03,24,3,Simulated Ward 15
4540,2994,2026-03-27,18,3,Simulated Ward 21
2920,1919,2025-03-03,11,3,Simulated Ward 08
296,191,2025-09-16,40,3,Simulated Ward 25
3303,2173,2025-06-10,33,3,Simulated Ward 01
2851,1874,2024-01-16,154,3,Simulated Ward 02
2559,1688,2026-06-30,56,3,Simulated Ward 20
272,176,2023-08-14,304,3,Simulated Ward 15
4925,3246,2026-04-12,98,3,Simulated Ward 17
4375,2882,2025-11-10,267,3,Simulated Ward 21
1840,1202,2024-04-16,29,1,Simulated Ward 09
1602,1048,2025-01-04,45,3,Simulated Ward 03
4189,2755,2026-03-21,189,3,Simulated Ward 06
5097,3364,2026-08-21,55,3,Simulated Ward 01
4789,3155,2024-10-17,15,1,Simulated Ward 24
528,343,2024-02-10,62,3,Simulated Ward 08
3808,2501,2026-03-25,303,3,Simulated Ward 03
1634,1068,2025-06-09,42,3,Simulated Ward 16
4341,2855,2026-07-27,157,3,Simulated Ward 24
749,491,2026-05-27,55,3,Simulated Ward 15
928,609,2025-10-04,271,1,Simulated Ward 10
2301,1513,2023-07-31,22,1,Simulated Ward 24
688,451,2026-03-30,13,3,Simulated Ward 24
4676,3080,2023-08-02,30,3,Simulated Ward 25
649,425,2026-03-03,68,3,Simulated Ward 14
997,657,2023-07-02,94,2,Simulated Ward 25
2138,1400,2023-11-19,15,3,Simulated Ward 11
2711,1786,2025-06-07,368,3,Simulated Ward 20
2975,1957,2024-03-02,33,3,Simulated Ward 02
2122,1389,2023-10-15,104,2,Simulated Ward 06
4928,3249,2026-02-15,164,3,Simulated Ward 23
3040,1999,2024-03-31,284,3,Simulated Ward 03
3603,2375,2024-12-17,68,3,Simulated Ward 08
6,5,2025-02-14,12,3,Simulated Ward 04
1355,887,2024-05-04,359,3,Simulated Ward 12
3061,2012,2026-09-13,74,1,Simulated Ward 20
2634,1735,2025-04-06,66,3,Simulated Ward 19
4875,3213,2026-03-28,158,1,Simulated Ward 07
3284,2162,2023-11-05,51,3,Simulated Ward 17
287,185,2025-11-21,183,3,Simulated Ward 06
1652,1080,2024-09-13,35,3,Simulated Ward 14
1958,1279,2023-12-09,13,3,Simulated Ward 03
4811,3169,2024-07-29,574,3,Simulated Ward 23
1486,970,2025-06-14,74,2,Simulated Ward 05
3167,2082,2026-07-27,249,3,Simulated Ward 12
1748,1142,2025-09-15,350,3,Simulated Ward 11
5115,3379,2026-02-28,376,3,Simulated Ward 17
4116,2704,2024-08-11,79,3,Simulated Ward 04
3229,2125,2026-09-01,67,3,Simulated Ward 15
2347,1544,2025-05-31,38,3,Simulated Ward 12
4551,3001,2023-06-29,10,3,Simulated Ward 06
4996,3296,2025-04-09,26,3,Simulated Ward 18
3748,2464,2024-05-30,242,3,Simulated Ward 21
3737,2457,2025-07-12,31,3,Simulated Ward 14
1720,1122,2026-05-10,30,3,Simulated Ward 03
617,404,2023-10-23,19,3,Simulated Ward 01
4391,2891,2026-05-23,21,3,Simulated Ward 19
4426,2918,2025-12-19,11,3,Simulated Ward 16
5035,3322,2025-04-02,28,3,Simulated Ward 08
2144,1404,2025-11-07,13,3,Simulated Ward 01
10,8,2024-10-27,63,3,Simulated Ward 07
87,56,2026-09-07,19,3,Simulated Ward 14
2528,1669,2025-06-28,285,3,Simulated Ward 05
4214,2773,2025-06-10,45,3,Simulated Ward 14
782,512,2024-02-25,39,3,Simulated Ward 03
5291,3495,2024-01-31,383,3,Simulated Ward 22
5141,3395,2025-03-03,17,3,Simulated Ward 03
1961,1281,2025-08-08,29,3,Simulated Ward 18
3206,2110,2024-12-06,12,3,Simulated Ward 17
4689,3091,2023-11-18,28,3,Simulated Ward 20
976,641,2024-03-23,83,3,Simulated Ward 25
2336,1538,2023-10-13,99,3,Simulated Ward 12
641,421,2025-04-02,18,1,Simulated Ward 17
537,349,2025-11-07,71,3,Simulated Ward 25
2242,1474,2025-05-12,177,3,Simulated Ward 11
4903,3232,2024-07-18,95,3,Simulated Ward 14
70,43,2025-03-22,271,1,Simulated Ward 16
5241,3462,2024-11-29,10,3,Simulated Ward 14
1907,1245,2026-09-05,45,3,Simulated Ward 04
3886,2552,2025-09-13,15,3,Simulated Ward 05
4387,2889,2025-07-27,25,3,Simulated Ward 07
3056,2009,2025-06-30,281,3,Simulated Ward 25
2541,1676,2026-07-26,80,3,Simulated Ward 11
3153,2072,2024-04-11,48,1,Simulated Ward 21
3438,2265,2025-11-22,11,3,Simulated Ward 12
2372,1560,2024-12-11,65,3,Simulated Ward 09
1937,1264,2023-11-07,180,3,Simulated Ward 11
4348,2860,2023-12-22,39,3,Simulated Ward 24
306,198,2025-07-06,17,3,Simulated Ward 07
906,593,2026-08-29,34,3,Simulated Ward 08
5122,3384,2023-11-15,214,3,Simulated Ward 08
2104,1378,2024-11-13,114,1,Simulated Ward 25
2941,1933,2023-08-05,57,1,Simulated Ward 20
2480,1637,2023-10-21,125,3,Simulated Ward 09
5230,3455,2025-01-17,243,3,Simulated Ward 05
467,302,2023-09-24,15,3,Simulated Ward 03
2487,1641,2025-05-13,185,1,Simulated Ward 21
1477,965,2026-05-30,151,3,Simulated Ward 18
4100,2693,2026-06-12,62,3,Simulated Ward 17
3967,2607,2026-09-10,17,3,Simulated Ward 18
5068,3345,2024-08-23,25,3,Simulated Ward 04
1818,1189,2025-01-24,27,3,Simulated Ward 15
1068,700,2024-12-20,27,3,Simulated Ward 13
4936,3255,2026-05-13,31,3,Simulated Ward 16
2012,1316,2026-02-28,218,3,Simulated Ward 06
120,76,2025-11-14,19,3,Simulated Ward 21
4744,3126,2025-07-13,278,3,Simulated Ward 04
1989,1301,2024-11-26,58,3,Simulated Ward 21
1179,772,2023-06-13,151,1,Simulated Ward 11
3208,2112,2025-01-21,36,3,Simulated Ward 12
3101,2037,2023-12-31,10,3,Simulated Ward 03
4503,2971,2024-11-07,47,3,Simulated Ward 12
1698,1109,2024-01-18,14,3,Simulated Ward 04
5092,3360,2023-08-28,226,2,Simulated Ward 17
4620,3044,2026-05-27,99,3,Simulated Ward 12
3860,2534,2025-10-23,30,3,Simulated Ward 12
3212,2115,2024-07-08,124,3,Simulated Ward 09
1098,719,2026-04-28,38,3,Simulated Ward 15
527,342,2025-10-17,21,3,Simulated Ward 03
5198,3432,2023-07-31,69,3,Simulated Ward 20
5276,3485,2024-02-20,14,1,Simulated Ward 15
2522,1666,2024-11-25,17,3,Simulated Ward 14
4707,3103,2024-08-22,198,3,Simulated Ward 20
3655,2407,2024-06-21,28,3,Simulated Ward 02
2991,1967,2023-12-19,77,3,Simulated Ward 03
2174,1426,2025-05-05,21,1,Simulated Ward 01
3461,2280,2025-06-05,92,1,Simulated Ward 01
5037,3323,2025-08-07,19,3,Simulated Ward 16
1778,1163,2024-01-26,30,3,Simulated Ward 19
3442,2268,2024-12-18,18,3,Simulated Ward 16
937,615,2024-01-11,19,3,Simulated Ward 14
5045,3329,2024-12-23,331,3,Simulated Ward 08
3959,2601,2024-01-23,14,3,Simulated Ward 23
2928,1924,2024-05-05,209,3,Simulated Ward 14
5280,3488,2025-07-25,278,2,Simulated Ward 21
4662,3072,2025-09-06,91,3,Simulated Ward 20
4934,3254,2025-02-05,19,3,Simulated Ward 10
2732,1800,2026-03-19,163,3,Simulated Ward 16
4722,3111,2026-01-27,16,3,Simulated Ward 03
136,87,2025-06-14,73,3,Simulated Ward 15
393,253,2025-05-31,158,3,Simulated Ward 07
2910,1911,2023-09-08,30,0,Simulated Ward 04
3192,2099,2025-08-21,119,3,Simulated Ward 01
3451,2274,2024-06-17,85,3,Simulated Ward 11
5143,3396,2023-11-05,84,3,Simulated Ward 19
4385,2888,2024-02-10,46,3,Simulated Ward 02
348,226,2025-05-12,270,3,Simulated Ward 24
2824,1858,2025-10-18,11,3,Simulated Ward 08
3189,2097,2025-03-06,15,1,Simulated Ward 03
3635,2393,2026-06-28,30,3,Simulated Ward 01
3559,2347,2024-11-14,72,3,Simulated Ward 03
2651,1746,2024-05-17,111,3,Simulated Ward 08
4964,3273,2023-12-26,30,3,Simulated Ward 11
3386,2229,2024-12-27,305,3,Simulated Ward 18
4081,2682,2024-04-07,10,3,Simulated Ward 14
834,547,2024-10-24,30,0,Simulated Ward 08
2827,1860,2025-03-15,148,3,Simulated Ward 22
3579,2359,2023-10-29,49,3,Simulated Ward 06
4929,3250,2024-11-19,141,3,Simulated Ward 16
2387,1572,2023-07-24,89,1,Simulated Ward 01
1073,704,2024-12-19,76,3,Simulated Ward 23
5203,3436,2025-11-19,18,1,Simulated Ward 19
2703,1780,2023-08-28,70,3,Simulated Ward 20
2238,1472,2025-12-26,17,2,Simulated Ward 07
3523,2321,2025-08-07,13,3,Simulated Ward 06
3690,2428,2024-11-29,26,3,Simulated Ward 09
1837,1200,2025-02-27,33,3,Simulated Ward 04
4115,2703,2025-06-17,29,3,Simulated Ward 12
3807,2501,2023-06-12,303,3,Simulated Ward 03
4717,3108,2025-08-04,53,3,Simulated Ward 23
4058,2667,2025-04-04,10,3,Simulated Ward 22
305,197,2025-12-17,12,3,Simulated Ward 22
1139,744,2026-04-19,184,3,Simulated Ward 06
2190,1439,2024-03-20,145,3,Simulated Ward 02
3869,2540,2025-12-24,16,3,Simulated Ward 02
1921,1253,2023-12-13,28,3,Simulated Ward 24
514,334,2023-08-11,109,3,Simulated Ward 09
1625,1063,2023-06-10,34,3,Simulated Ward 19
3710,2441,2025-05-28,49,3,Simulated Ward 04
2950,1940,2026-07-08,47,3,Simulated Ward 08
797,522,2024-01-02,54,3,Simulated Ward 13
1683,1100,2023-08-28,336,3,Simulated Ward 17
2427,1599,2023-06-15,203,3,Simulated Ward 05
524,340,2025-04-01,116,3,Simulated Ward 06
4642,3059,2025-05-22,122,1,Simulated Ward 07
3448,2272,2025-03-05,47,3,Simulated Ward 08
4207,2769,2026-07-06,37,3,Simulated Ward 11
1953,1275,2025-04-28,11,1,Simulated Ward 11
3346,2201,2024-03-11,349,1,Simulated Ward 21
3097,2034,2026-04-08,32,3,Simulated Ward 12
540,351,2025-07-01,67,3,Simulated Ward 01
4381,2886,2023-10-29,51,3,Simulated Ward 01
1113,727,2024-03-12,108,3,Simulated Ward 20
3423,2255,2024-02-21,15,3,Simulated Ward 23
644,423,2023-07-19,280,3,Simulated Ward 25
255,165,2024-03-28,67,3,Simulated Ward 18
3742,2461,2023-11-09,38,3,Simulated Ward 04
80,50,2025-09-19,11,3,Simulated Ward 19
3941,2590,2024-03-19,97,1,Simulated Ward 25
4300,2830,2023-12-10,181,3,Simulated Ward 23
2545,1679,2025-05-19,190,3,Simulated Ward 21
1864,1216,2023-09-13,137,3,Simulated Ward 04
1668,1091,2025-12-29,280,3,Simulated Ward 12
1969,1286,2025-11-05,21,3,Simulated Ward 09
4433,2923,2024-06-26,45,3,Simulated Ward 01
2524,1666,2026-08-23,17,3,Simulated Ward 14
233,148,2023-08-02,30,3,Simulated Ward 14
2621,1729,2025-12-14,19,3,Simulated Ward 11
640,420,2025-06-10,64,1,Simulated Ward 02
842,551,2026-05-15,180,3,Simulated Ward 13
880,577,2023-06-20,18,3,Simulated Ward 17
3664,2413,2024-03-12,20,1,Simulated Ward 16
3861,2535,2026-05-11,121,3,Simulated Ward 08
5172,3416,2023-09-26,154,3,Simulated Ward 07
3612,2380,2024-07-31,82,3,Simulated Ward 01
2328,1532,2025-03-18,337,3,Simulated Ward 02
2856,1877,2026-08-20,67,3,Simulated Ward 11
3563,2349,2024-06-02,300,3,Simulated Ward 13
5231,3456,2025-04-16,47,3,Simulated Ward 09
5220,3448,2024-06-29,92,3,Simulated Ward 07
2785,1836,2023-12-12,94,3,Simulated Ward 22
1572,1030,2024-12-27,348,3,Simulated Ward 20
2425,1598,2023-12-08,16,3,Simulated Ward 04
2895,1901,2026-03-29,183,3,Simulated Ward 08
3895,2560,2023-10-18,70,3,Simulated Ward 05
4762,3137,2025-10-05,57,3,Simulated Ward 23
1739,1136,2025-08-04,89,3,Simulated Ward 01
3542,2334,2023-11-12,85,3,Simulated Ward 20
5107,3373,2024-12-19,81,1,Simulated Ward 23
5023,3314,2023-07-05,34,3,Simulated Ward 22
4074,2678,2026-04-19,72,1,Simulated Ward 03
1629,1065,2025-11-18,19,1,Simulated Ward 22
5109,3374,2025-05-07,360,3,Simulated Ward 11
4356,2866,2025-10-31,36,3,Simulated Ward 04
4687,3089,2026-09-12,44,3,Simulated Ward 01
4039,2654,2026-06-01,19,2,Simulated Ward 04
3498,2307,2024-11-01,146,3,Simulated Ward 15
3334,2192,2023-09-21,76,1,Simulated Ward 14
3639,2396,2024-07-31,28,3,Simulated Ward 02
4917,3240,2024-07-10,189,3,Simulated Ward 21
406,263,2024-03-14,244,3,Simulated Ward 18
3747,2463,2025-08-06,67,3,Simulated Ward 19
2858,1878,2025-10-30,82,3,Simulated Ward 20
1341,877,2024-10-13,30,1,Simulated Ward 14
4222,2778,2025-07-29,174,3,Simulated Ward 04
4466,2947,2025-12-24,68,3,Simulated Ward 12
157,101,2024-01-07,16,3,Simulated Ward 17
1876,1224,2026-09-09,29,3,Simulated Ward 02
3880,2549,2025-10-05,82,3,Simulated Ward 02
248,159,2024-12-15,13,3,Simulated Ward 08
4561,3006,2024-12-09,36,3,Simulated Ward 13
2951,1941,2025-11-11,22,3,Simulated Ward 09
4830,3182,2025-12-11,68,3,Simulated Ward 07
3341,2198,2023-10-26,37,3,Simulated Ward 09
2822,1857,2026-03-20,127,3,Simulated Ward 02
636,419,2025-08-13,13,3,Simulated Ward 22
4818,3173,2025-11-29,111,3,Simulated Ward 19
1067,700,2023-09-07,27,3,Simulated Ward 13
1624,1062,2025-03-12,57,3,Simulated Ward 02
2608,1721,2025-10-22,131,3,Simulated Ward 01
445,289,2025-06-21,120,3,Simulated Ward 07
3349,2203,2026-01-16,33,3,Simulated Ward 22
2404,1583,2025-07-25,49,3,Simulated Ward 14
4266,2808,2024-11-04,34,3,Simulated Ward 11
1950,1273,2024-10-04,44,3,Simulated Ward 14
1896,1237,2025-07-05,35,3,Simulated Ward 25
3938,2587,2025-05-01,13,3,Simulated Ward 15
602,394,2025-06-27,288,3,Simulated Ward 25
4122,2707,2025-01-16,188,3,Simulated Ward 23
4351,2863,2026-08-22,29,1,Simulated Ward 02
4674,3079,2024-09-16,18,3,Simulated Ward 06
2813,1852,2024-03-26,48,3,Simulated Ward 09
1175,769,2024-11-23,141,3,Simulated Ward 02
3556,2344,2023-06-15,45,1,Simulated Ward 12
164,106,2026-04-21,14,3,Simulated Ward 24
3199,2104,2024-11-11,19,3,Simulated Ward 07
391,252,2026-01-04,145,3,Simulated Ward 01
1998,1307,2024-09-23,62,3,Simulated Ward 15
4047,2659,2023-08-03,142,3,Simulated Ward 19
1835,1199,2023-12-22,19,1,Simulated Ward 05
3979,2617,2023-12-12,70,3,Simulated Ward 09
2163,1417,2026-07-11,39,3,Simulated Ward 05
2543,1677,2025-04-19,16,2,Simulated Ward 22
3424,2256,2024-03-14,30,3,Simulated Ward 11
395,255,2023-09-13,44,3,Simulated Ward 09
2217,1457,2025-02-13,127,3,Simulated Ward 25
3137,2062,2025-06-27,344,3,Simulated Ward 20
5028,3317,2023-12-17,21,3,Simulated Ward 05
2416,1592,2026-03-02,185,3,Simulated Ward 20
981,644,2024-10-08,27,3,Simulated Ward 15
359,232,2025-07-22,11,3,Simulated Ward 17
2321,1528,2025-07-07,41,3,Simulated Ward 19
3533,2329,2024-01-17,75,3,Simulated Ward 25
2065,1350,2024-12-31,13,3,Simulated Ward 16
3041,1999,2026-07-14,284,3,Simulated Ward 03
1673,1095,2023-10-30,46,3,Simulated Ward 12
1119,732,2024-07-08,33,3,Simulated Ward 02
15,10,2026-09-06,15,3,Simulated Ward 02
2585,1706,2023-09-09,232,3,Simulated Ward 13
2704,1780,2026-06-10,70,3,Simulated Ward 20
1890,1233,2025-03-07,83,3,Simulated Ward 18
3933,2584,2023-08-10,38,3,Simulated Ward 08
1218,796,2024-04-07,92,3,Simulated Ward 07
3450,2273,2025-02-04,147,3,Simulated Ward 09
2424,1597,2025-01-12,17,3,Simulated Ward 12
1117,730,2025-12-25,151,1,Simulated Ward 10
2381,1567,2023-08-09,144,3,Simulated Ward 13
1062,697,2025-10-01,29,3,Simulated Ward 17
1014,669,2023-07-26,161,3,Simulated Ward 02
5232,3457,2025-04-23,82,3,Simulated Ward 13
3477,2293,2026-03-03,38,3,Simulated Ward 01
4000,2629,2024-04-07,21,1,Simulated Ward 11
4564,3008,2026-01-11,13,3,Simulated Ward 22
3271,2154,2025-11-07,55,3,Simulated Ward 16
3210,2113,2026-05-17,72,3,Simulated Ward 06
1434,939,2023-12-07,83,3,Simulated Ward 10
2454,1620,2024-04-17,56,3,Simulated Ward 03
188,122,2025-07-15,73,3,Simulated Ward 25
4243,2792,2024-07-09,44,3,Simulated Ward 24
3176,2087,2025-07-30,28,3,Simulated Ward 24
2556,1686,2024-11-26,46,3,Simulated Ward 11
4737,3122,2024-07-06,45,3,Simulated Ward 06
2721,1793,2025-09-26,229,3,Simulated Ward 08
848,555,2026-07-29,66,3,Simulated Ward 12
3746,2463,2024-06-10,67,3,Simulated Ward 19
1841,1203,2024-06-29,43,1,Simulated Ward 12
2940,1932,2023-08-27,20,3,Simulated Ward 02
59,34,2025-06-29,22,3,Simulated Ward 08
5190,3427,2023-11-06,47,3,Simulated Ward 19
1464,956,2024-08-06,184,3,Simulated Ward 18
5216,3445,2024-03-07,31,3,Simulated Ward 04
756,495,2025-07-30,19,3,Simulated Ward 24
1173,768,2026-04-01,11,3,Simulated Ward 03
3070,2018,2025-05-31,43,3,Simulated Ward 09
3980,2618,2024-01-19,73,1,Simulated Ward 03
495,321,2025-10-24,16,3,Simulated Ward 22
4909,3235,2024-11-22,247,3,Simulated Ward 03
2520,1664,2024-06-16,14,3,Simulated Ward 17
2147,1406,2025-03-24,111,3,Simulated Ward 20
2768,1826,2025-12-11,11,3,Simulated Ward 02
3841,2522,2026-03-11,278,3,Simulated Ward 16
1703,1111,2025-12-25,162,3,Simulated Ward 23
2599,1716,2024-11-29,73,3,Simulated Ward 24
3502,2309,2024-11-03,198,1,Simulated Ward 22
88,57,2024-01-30,184,3,Simulated Ward 25
3186,2095,2025-10-15,24,3,Simulated Ward 08
5011,3306,2023-06-28,38,3,Simulated Ward 03
4888,3220,2026-09-08,47,3,Simulated Ward 01
1791,1171,2025-12-23,24,3,Simulated Ward 17
3716,2445,2025-04-16,231,1,Simulated Ward 15
3177,2088,2024-11-03,62,1,Simulated Ward 11
4900,3230,2024-07-17,21,3,Simulated Ward 14
458,297,2024-11-17,19,3,Simulated Ward 21
4604,3035,2024-10-13,34,3,Simulated Ward 25
1135,741,2024-04-27,220,3,Simulated Ward 09
2973,1955,2025-10-22,318,1,Simulated Ward 25
2419,1594,2026-07-16,28,3,Simulated Ward 06
2612,1724,2025-10-05,166,3,Simulated Ward 14
2154,1410,2024-08-01,66,3,Simulated Ward 16
2314,1524,2024-06-30,206,3,Simulated Ward 22
2919,1918,2025-12-19,153,3,Simulated Ward 24
740,486,2024-07-14,17,3,Simulated Ward 02
598,390,2025-11-21,171,3,Simulated Ward 02
4951,3264,2023-08-12,277,3,Simulated Ward 13
4698,3098,2024-03-28,10,3,Simulated Ward 15
1037,681,2025-08-28,10,3,Simulated Ward 11
1659,1084,2026-03-18,18,1,Simulated Ward 09
2578,1701,2024-01-23,312,3,Simulated Ward 24
202,130,2024-01-20,65,3,Simulated Ward 22
4353,2864,2026-08-20,36,3,Simulated Ward 18
2192,1440,2025-09-19,16,3,Simulated Ward 12
459,297,2025-10-07,19,3,Simulated Ward 21
4517,2980,2023-07-07,37,3,Simulated Ward 23
2953,1942,2023-11-10,349,3,Simulated Ward 02
3379,2225,2026-03-30,259,3,Simulated Ward 03
2610,1722,2026-04-20,118,3,Simulated Ward 07
4240,2790,2026-09-01,100,3,Simulated Ward 05
3416,2251,2024-08-11,319,3,Simulated Ward 11
3123,2053,2025-11-15,33,3,Simulated Ward 02
5091,3359,2026-07-11,105,3,Simulated Ward 12
1719,1121,2025-06-03,51,3,Simulated Ward 03
2802,1846,2025-12-17,26,3,Simulated Ward 18
3152,2072,2023-06-24,48,3,Simulated Ward 21
2515,1661,2024-08-27,172,3,Simulated Ward 15
3049,2005,2023-09-12,126,2,Simulated Ward 03
1738,1135,2024-09-15,263,3,Simulated Ward 13
2661,1752,2024-05-05,43,3,Simulated Ward 18
1722,1124,2024-10-30,47,3,Simulated Ward 05
1730,1130,2023-08-27,148,3,Simulated Ward 16
3185,2094,2023-10-14,93,3,Simulated Ward 07
1997,1306,2026-07-14,29,3,Simulated Ward 21
5043,3328,2025-03-03,15,3,Simulated Ward 05
3383,2228,2025-09-23,10,3,Simulated Ward 23
3837,2520,2026-04-22,256,3,Simulated Ward 15
1002,660,2023-09-08,67,3,Simulated Ward 23
2595,1714,2025-09-14,26,3,Simulated Ward 14
1967,1285,2026-08-15,31,3,Simulated Ward 03
3380,2226,2025-08-11,168,3,Simulated Ward 07
515,335,2023-09-24,13,3,Simulated Ward 12
4117,2704,2025-02-12,79,3,Simulated Ward 04
371,240,2026-08-22,81,3,Simulated Ward 10
1204,786,2024-08-14,205,3,Simulated Ward 19
3547,2338,2026-01-19,249,3,Simulated Ward 02
200,129,2024-04-03,19,3,Simulated Ward 05
2033,1331,2024-07-19,73,3,Simulated Ward 01
2114,1384,2025-02-27,56,3,Simulated Ward 06
2450,1617,2026-07-19,41,3,Simulated Ward 16
4264,2806,2026-09-03,46,3,Simulated Ward 20
3163,2079,2023-07-30,106,3,Simulated Ward 21
5047,3330,2025-06-04,12,3,Simulated Ward 13
2052,1342,2024-01-11,15,3,Simulated Ward 18
3548,2339,2025-03-15,36,3,Simulated Ward 22
4768,3140,2025-09-08,18,3,Simulated Ward 13
3116,2047,2023-07-06,45,3,Simulated Ward 07
2579,1702,2026-07-30,82,3,Simulated Ward 01
2079,1361,2023-10-30,156,3,Simulated Ward 11
4076,2679,2026-06-18,15,2,Simulated Ward 06
178,116,2025-10-26,13,3,Simulated Ward 21
3881,2549,2025-11-05,82,2,Simulated Ward 02
2982,1962,2023-10-14,61,3,Simulated Ward 04
5022,3313,2026-04-26,383,3,Simulated Ward 23
3652,2404,2024-07-08,46,3,Simulated Ward 13
2463,1626,2025-05-21,40,0,Simulated Ward 24
2222,1460,2024-09-29,113,3,Simulated Ward 24
4106,2698,2023-11-05,48,3,Simulated Ward 10
1657,1083,2026-08-17,33,3,Simulated Ward 19
4071,2677,2023-06-13,197,1,Simulated Ward 24
2005,1312,2025-06-30,30,3,Simulated Ward 22
9,7,2024-05-07,19,3,Simulated Ward 18
5120,3383,2025-09-30,12,3,Simulated Ward 03
3778,2484,2024-04-25,32,3,Simulated Ward 06
4955,3266,2023-12-27,18,1,Simulated Ward 04
274,177,2023-10-31,14,3,Simulated Ward 16
1862,1215,2025-08-25,357,3,Simulated Ward 04
632,416,2024-04-12,46,1,Simulated Ward 13
3308,2177,2023-08-22,66,3,Simulated Ward 21
3184,2093,2023-08-18,338,3,Simulated Ward 19
4664,3073,2024-05-23,197,1,Simulated Ward 05
3688,2426,2026-04-08,102,1,Simulated Ward 20
3456,2277,2025-06-07,34,1,Simulated Ward 18
818,537,2023-10-01,32,3,Simulated Ward 23
717,467,2024-08-18,95,2,Simulated Ward 12
1060,696,2024-12-14,82,3,Simulated Ward 21
3306,2176,2025-03-25,48,3,Simulated Ward 08
3197,2102,2024-04-17,24,3,Simulated Ward 02
3595,2368,2024-12-04,73,3,Simulated Ward 17
322,208,2024-12-13,64,3,Simulated Ward 21
5229,3454,2023-10-19,41,3,Simulated Ward 05
1280,837,2025-08-01,31,3,Simulated Ward 11
3692,2429,2026-09-18,99,3,Simulated Ward 05
3999,2628,2026-09-15,160,3,Simulated Ward 20
2942,1933,2024-07-24,57,3,Simulated Ward 20
2092,1370,2025-10-11,51,3,Simulated Ward 02
1328,868,2025-09-04,15,3,Simulated Ward 21
3236,2131,2025-01-14,28,3,Simulated Ward 11
3241,2134,2024-07-12,11,3,Simulated Ward 13
4227,2782,2024-01-10,48,3,Simulated Ward 12
482,311,2024-08-16,44,1,Simulated Ward 06
3180,2091,2025-03-17,87,3,Simulated Ward 01
4534,2991,2025-11-23,34,3,Simulated Ward 20
4924,3246,2025-12-30,98,3,Simulated Ward 17
5064,3342,2025-11-07,169,3,Simulated Ward 05
2800,1845,2024-06-26,66,3,Simulated Ward 02
3387,2230,2023-11-02,13,3,Simulated Ward 04
3629,2390,2025-04-02,34,3,Simulated Ward 13
1391,909,2023-07-15,15,3,Simulated Ward 03
351,227,2026-03-05,203,3,Simulated Ward 20
932,611,2024-12-15,168,3,Simulated Ward 11
4864,3205,2023-10-11,44,3,Simulated Ward 10
2989,1966,2026-05-03,29,3,Simulated Ward 11
2815,1853,2024-12-30,304,3,Simulated Ward 22
2173,1425,2026-07-30,45,3,Simulated Ward 01
2354,1548,2025-04-26,97,3,Simulated Ward 04
1436,940,2023-12-12,31,3,Simulated Ward 06
2268,1491,2024-08-04,128,3,Simulated Ward 23
914,598,2023-08-20,43,3,Simulated Ward 12
156,100,2026-01-02,12,3,Simulated Ward 04
3370,2218,2025-12-02,84,3,Simulated Ward 03
4776,3145,2025-03-18,78,3,Simulated Ward 23
2409,1587,2023-12-25,194,3,Simulated Ward 10
4301,2831,2024-06-27,78,3,Simulated Ward 10
1970,1287,2024-04-22,78,0,Simulated Ward 18
3890,2555,2026-04-23,15,3,Simulated Ward 05
4793,3159,2025-05-28,28,3,Simulated Ward 06
1512,989,2023-08-02,144,3,Simulated Ward 21
3209,2113,2026-05-14,72,3,Simulated Ward 06
2377,1563,2025-12-29,14,3,Simulated Ward 03
925,607,2024-09-14,362,3,Simulated Ward 15
1799,1176,2023-12-10,166,3,Simulated Ward 18
