_id,RSN,EVALUATION COMPLETED ON,CONFIRMED UNITS,TENANT SERVICE REQUEST LOG,WARDNAME,completion_date,building_size
1,1,2025-06-04,70,3,Simulated Ward 22,2025-06-04,50–99
2,2,2024-04-07,53,3,Simulated Ward 11,2024-04-07,50–99
3,3,2024-03-03,98,3,Simulated Ward 22,2024-03-03,50–99
5,4,2025-05-10,382,3,Simulated Ward 07,2025-05-10,100+
6,5,2025-02-14,12,3,Simulated Ward 04,2025-02-14,10–19
7,6,2024-04-13,90,3,Simulated Ward 23,2024-04-13,50–99
9,7,2024-05-07,19,3,Simulated Ward 18,2024-05-07,10–19
11,8,2026-08-20,63,3,Simulated Ward 07,2026-08-20,50–99
13,9,2025-10-16,24,3,Simulated Ward 24,2025-10-16,20–49
15,10,2026-09-06,15,3,Simulated Ward 02,2026-09-06,10–19
16,11,2026-01-09,51,3,Simulated Ward 22,2026-01-09,50–99
19,12,2026-03-01,77,3,Simulated Ward 24,2026-03-01,50–99
21,13,2024-07-31,18,3,Simulated Ward 20,2024-07-31,10–19
24,14,2024-09-19,42,3,Simulated Ward 01,2024-09-19,20–49
26,15,2026-07-22,14,3,Simulated Ward 21,2026-07-22,10–19
28,16,2024-08-20,22,3,Simulated Ward 06,2024-08-20,20–49
30,17,2026-02-27,153,3,Simulated Ward 21,2026-02-27,100+
32,18,2026-05-17,67,3,Simulated Ward 09,2026-05-17,50–99
33,19,2023-11-24,36,3,Simulated Ward 09,2023-11-24,20–49
35,20,2026-09-03,81,3,Simulated Ward 08,2026-09-03,50–99
38,21,2026-08-24,40,3,Simulated Ward 02,2026-08-24,20–49
39,22,2025-06-24,30,2,Simulated Ward 07,2025-06-24,20–49
41,23,2025-08-04,143,3,Simulated Ward 03,2025-08-04,100+
42,24,2026-06-21,41,3,Simulated Ward 14,2026-06-21,20–49
44,25,2026-02-22,16,3,Simulated Ward 18,2026-02-22,10–19
45,26,2025-02-04,144,3,Simulated Ward 13,2025-02-04,100+
47,27,2024-09-14,285,3,Simulated Ward 05,2024-09-14,100+
48,28,2023-08-25,42,3,Simulated Ward 08,2023-08-25,20–49
50,29,2026-08-11,17,3,Simulated Ward 09,2026-08-11,10–19
51,30,2026-03-25,184,3,Simulated Ward 03,2026-03-25,100+
54,31,2026-08-30,212,3,Simulated Ward 25,2026-08-30,100+
55,32,2025-05-24,34,3,Simulated Ward 11,2025-05-24,20–49
57,33,2025-07-09,45,3,Simulated Ward 19,2025-07-09,20–49
59,34,2025-06-29,22,3,Simulated Ward 08,2025-06-29,20–49
60,35,2025-10-09,64,3,Simulated Ward 07,2025-10-09,50–99
61,36,2023-11-07,66,3,Simulated Ward 06,2023-11-07,50–99
62,37,2023-07-17,149,1,Simulated Ward 05,2023-07-17,100+
63,38,2026-06-20,293,3,Simulated Ward 11,2026-06-20,100+
64,39,2026-02-12,552,3,Simulated Ward 05,2026-02-12,100+
66,40,2024-12-10,138,1,Simulated Ward 12,2024-12-10,100+
67,41,2026-01-13,18,3,Simulated Ward 19,2026-01-13,10–19
69,42,2025-12-05,300,3,Simulated Ward 24,2025-12-05,100+
70,43,2025-03-22,271,1,Simulated Ward 16,2025-03-22,100+
72,44,2026-04-09,26,3,Simulated Ward 24,2026-04-09,20–49
74,45,2026-07-10,12,3,Simulated Ward 15,2026-07-10,10–19
75,46,2024-07-04,122,3,Simulated Ward 12,2024-07-04,100+
76,47,2024-06-23,356,3,Simulated Ward 21,2024-06-23,100+
78,48,2025-05-20,118,3,Simulated Ward 19,2025-05-20,100+
79,49,2023-07-07,16,3,Simulated Ward 13,2023-07-07,10–19
80,50,2025-09-19,11,3,Simulated Ward 19,2025-09-19,10–19
81,51,2025-05-18,89,3,Simulated Ward 25,2025-05-18,50–99
82,52,2023-06-12,92,3,Simulated Ward 02,2023-06-12,50–99
83,53,2025-11-22,61,3,Simulated Ward 12,2025-11-22,50–99
85,54,2026-05-29,22,3,Simulated Ward 24,2026-05-29,20–49
86,55,2025-09-13,37,2,Simulated Ward 16,2025-09-13,20–49
87,56,2026-09-07,19,3,Simulated Ward 14,2026-09-07,10–19
89,57,2026-07-18,184,3,Simulated Ward 25,2026-07-18,100+
90,58,2026-09-12,163,3,Simulated Ward 11,2026-09-12,100+
91,59,2025-11-11,274,3,Simulated Ward 25,2025-11-11,100+
93,60,2026-06-10,25,3,Simulated Ward 09,2026-06-10,20–49
94,61,2025-04-13,88,3,Simulated Ward 24,2025-04-13,50–99
96,62,2026-09-04,84,3,Simulated Ward 12,2026-09-04,50–99
98,63,2026-06-30,286,3,Simulated Ward 13,2026-06-30,100+
100,64,2024-08-28,206,3,Simulated Ward 13,2024-08-28,100+
102,65,2025-05-16,25,3,Simulated Ward 19,2025-05-16,20–49
103,66,2026-04-12,349,3,Simulated Ward 01,2026-04-12,100+
104,67,2024-09-26,47,3,Simulated Ward 21,2024-09-26,20–49
106,68,2024-08-25,19,3,Simulated Ward 15,2024-08-25,10–19
107,69,2024-06-23,278,3,Simulated Ward 04,2024-06-23,100+
108,70,2026-07-08,349,2,Simulated Ward 09,2026-07-08,100+
110,71,2025-09-20,73,3,Simulated Ward 19,2025-09-20,50–99
112,72,2026-08-07,136,3,Simulated Ward 16,2026-08-07,100+
114,73,2026-04-02,19,3,Simulated Ward 03,2026-04-02,10–19
116,74,2025-06-24,41,3,Simulated Ward 14,2025-06-24,20–49
118,75,2025-07-25,10,3,Simulated Ward 22,2025-07-25,10–19
120,76,2025-11-14,19,3,Simulated Ward 21,2025-11-14,10–19
122,77,2025-01-21,19,3,Simulated Ward 19,2025-01-21,10–19
123,78,2024-10-07,84,1,Simulated Ward 10,2024-10-07,50–99
125,79,2025-09-15,20,3,Simulated Ward 03,2025-09-15,20–49
127,80,2023-10-14,335,3,Simulated Ward 07,2023-10-14,100+
129,81,2025-04-25,45,3,Simulated Ward 21,2025-04-25,20–49
130,82,2025-12-08,96,1,Simulated Ward 22,2025-12-08,50–99
132,83,2026-08-22,92,3,Simulated Ward 01,2026-08-22,50–99
133,84,2025-07-29,11,2,Simulated Ward 10,2025-07-29,10–19
134,85,2026-05-09,15,3,Simulated Ward 23,2026-05-09,10–19
135,86,2026-05-24,11,1,Simulated Ward 05,2026-05-24,10–19
136,87,2025-06-14,73,3,Simulated Ward 15,2025-06-14,50–99
137,88,2025-01-22,40,3,Simulated Ward 08,2025-01-22,20–49
138,89,2026-04-01,65,3,Simulated Ward 17,2026-04-01,50–99
139,90,2026-02-23,171,3,Simulated Ward 12,2026-02-23,100+
140,91,2026-05-04,13,3,Simulated Ward 19,2026-05-04,10–19
141,92,2024-09-28,81,1,Simulated Ward 25,2024-09-28,50–99
142,93,2024-02-19,43,3,Simulated Ward 11,2024-02-19,20–49
145,94,2025-07-29,18,3,Simulated Ward 13,2025-07-29,10–19
147,95,2025-05-07,12,3,Simulated Ward 16,2025-05-07,10–19
148,96,2025-12-27,46,3,Simulated Ward 25,2025-12-27,20–49
151,97,2026-06-24,697,1,Simulated Ward 24,2026-06-24,100+
152,98,2024-08-06,46,3,Simulated Ward 17,2024-08-06,20–49
153,99,2025-09-10,98,3,Simulated Ward 01,2025-09-10,50–99
156,100,2026-01-02,12,3,Simulated Ward 04,2026-01-02,10–19
157,101,2024-01-07,16,3,Simulated Ward 17,2024-01-07,10–19
158,102,2026-01-30,49,3,Simulated Ward 08,2026-01-30,20–49
160,103,2025-07-22,38,3,Simulated Ward 09,2025-07-22,20–49
162,104,2025-08-20,28,3,Simulated Ward 13,2025-08-20,20–49
163,105,2026-07-05,47,3,Simulated Ward 18,2026-07-05,20–49
164,106,2026-04-21,14,3,Simulated Ward 24,2026-04-21,10–19
166,107,2025-01-15,42,3,Simulated Ward 21,2025-01-15,20–49
168,108,2026-08-29,43,3,Simulated Ward 10,2026-08-29,20–49
170,109,2026-04-14,180,3,Simulated Ward 15,2026-04-14,100+
171,110,2025-07-19,43,3,Simulated Ward 02,2025-07-19,20–49
173,111,2026-04-30,14,3,Simulated Ward 24,2026-04-30,10–19
174,112,2025-11-15,19,3,Simulated Ward 11,2025-11-15,10–19
175,113,2025-08-22,20,3,Simulated Ward 06,2025-08-22,20–49
176,114,2025-02-07,58,3,Simulated Ward 02,2025-02-07,50–99
177,115,2023-10-31,39,3,Simulated Ward 04,2023-10-31,20–49
179,116,2026-02-26,13,1,Simulated Ward 21,2026-02-26,10–19
180,117,2025-09-20,36,3,Simulated Ward 14,2025-09-20,20–49
182,118,2025-07-03,32,3,Simulated Ward 13,2025-07-03,20–49
184,119,2025-10-17,18,1,Simulated Ward 06,2025-10-17,10–19
185,120,2026-06-23,11,3,Simulated Ward 13,2026-06-23,10–19
186,121,2024-04-15,80,3,Simulated Ward 08,2024-04-15,50–99
188,122,2025-07-15,73,3,Simulated Ward 25,2025-07-15,50–99
190,123,2024-11-04,26,3,Simulated Ward 10,2024-11-04,20–49
192,124,2025-12-07,88,3,Simulated Ward 23,2025-12-07,50–99
193,125,2025-08-16,261,1,Simulated Ward 23,2025-08-16,100+
195,126,2025-01-02,19,3,Simulated Ward 15,2025-01-02,10–19
197,127,2026-09-09,33,3,Simulated Ward 10,2026-09-09,20–49
199,128,2026-06-13,16,3,Simulated Ward 22,2026-06-13,10–19
201,129,2025-10-08,19,3,Simulated Ward 05,2025-10-08,10–19
202,130,2024-01-20,65,3,Simulated Ward 22,2024-01-20,50–99
204,131,2026-09-09,82,3,Simulated Ward 03,2026-09-09,50–99
206,132,2025-11-29,12,3,Simulated Ward 03,2025-11-29,10–19
207,133,2024-07-13,51,3,Simulated Ward 16,2024-07-13,50–99
209,134,2025-05-06,19,3,Simulated Ward 09,2025-05-06,10–19
210,135,2023-09-03,32,3,Simulated Ward 09,2023-09-03,20–49
212,136,2025-10-04,259,3,Simulated Ward 15,2025-10-04,100+
214,137,2026-02-21,72,3,Simulated Ward 02,2026-02-21,50–99
215,138,2023-09-23,353,3,Simulated Ward 15,2023-09-23,100+
217,139,2025-11-16,39,3,Simulated Ward 19,2025-11-16,20–49
219,140,2026-06-16,63,3,Simulated Ward 20,2026-06-16,50–99
222,141,2026-02-25,86,3,Simulated Ward 22,2026-02-25,50–99
223,142,2023-09-13,162,3,Simulated Ward 09,2023-09-13,100+
224,143,2023-06-10,441,1,Simulated Ward 06,2023-06-10,100+
225,144,2025-04-02,12,3,Simulated Ward 07,2025-04-02,10–19
227,145,2024-06-17,16,3,Simulated Ward 17,2024-06-17,10–19
229,146,2025-03-06,25,1,Simulated Ward 03,2025-03-06,20–49
232,147,2025-07-03,60,3,Simulated Ward 20,2025-07-03,50–99
234,148,2024-05-14,30,3,Simulated Ward 14,2024-05-14,20–49
235,149,2025-02-28,150,3,Simulated Ward 23,2025-02-28,100+
236,150,2023-12-31,24,3,Simulated Ward 20,2023-12-31,20–49
237,151,2026-03-20,179,1,Simulated Ward 16,2026-03-20,100+
238,152,2025-06-25,31,3,Simulated Ward 17,2025-06-25,20–49
239,153,2024-04-26,215,1,Simulated Ward 21,2024-04-26,100+
241,154,2025-02-27,84,3,Simulated Ward 24,2025-02-27,50–99
242,155,2025-09-12,48,3,Simulated Ward 12,2025-09-12,20–49
244,156,2024-11-03,17,3,Simulated Ward 08,2024-11-03,10–19
245,157,2023-08-03,199,3,Simulated Ward 19,2023-08-03,100+
246,158,2024-03-15,17,3,Simulated Ward 06,2024-03-15,10–19
248,159,2024-12-15,13,3,Simulated Ward 08,2024-12-15,10–19
249,160,2025-03-27,263,3,Simulated Ward 11,2025-03-27,100+
251,161,2025-12-17,11,3,Simulated Ward 16,2025-12-17,10–19
252,162,2024-08-18,11,3,Simulated Ward 16,2024-08-18,10–19
253,163,2025-07-14,31,3,Simulated Ward 19,2025-07-14,20–49
254,164,2024-02-27,107,3,Simulated Ward 23,2024-02-27,100+
255,165,2024-03-28,67,3,Simulated Ward 18,2024-03-28,50–99
257,166,2025-07-11,393,3,Simulated Ward 04,2025-07-11,100+
258,167,2026-04-30,86,3,Simulated Ward 15,2026-04-30,50–99
260,168,2025-07-02,92,3,Simulated Ward 25,2025-07-02,50–99
262,169,2025-11-04,10,3,Simulated Ward 11,2025-11-04,10–19
264,170,2026-05-03,90,3,Simulated Ward 17,2026-05-03,50–99
266,171,2024-10-05,20,3,Simulated Ward 15,2024-10-05,20–49
267,172,2024-07-30,28,3,Simulated Ward 06,2024-07-30,20–49
268,173,2026-08-24,34,3,Simulated Ward 16,2026-08-24,20–49
269,174,2026-09-09,392,3,Simulated Ward 24,2026-09-09,100+
271,175,2026-05-08,120,3,Simulated Ward 13,2026-05-08,100+
273,176,2025-06-10,304,3,Simulated Ward 15,2025-06-10,100+
275,177,2023-12-16,14,3,Simulated Ward 16,2023-12-16,10–19
276,178,2026-08-03,44,3,Simulated Ward 24,2026-08-03,20–49
278,179,2025-09-09,10,3,Simulated Ward 12,2025-09-09,10–19
279,180,2026-01-30,56,3,Simulated Ward 07,2026-01-30,50–99
280,181,2026-02-06,22,3,Simulated Ward 10,2026-02-06,20–49
282,182,2026-06-27,48,3,Simulated Ward 07,2026-06-27,20–49
284,183,2026-06-01,146,3,Simulated Ward 04,2026-06-01,100+
286,184,2024-12-26,12,3,Simulated Ward 05,2024-12-26,10–19
287,185,2025-11-21,183,3,Simulated Ward 06,2025-11-21,100+
289,186,2026-01-03,24,3,Simulated Ward 15,2026-01-03,20–49
290,187,2024-10-01,66,3,Simulated Ward 20,2024-10-01,50–99
292,188,2026-02-19,27,3,Simulated Ward 22,2026-02-19,20–49
293,189,2026-01-11,36,3,Simulated Ward 15,2026-01-11,20–49
294,190,2025-05-08,16,3,Simulated Ward 18,2025-05-08,10–19
296,191,2025-09-16,40,3,Simulated Ward 25,2025-09-16,20–49
298,192,2025-07-25,154,3,Simulated Ward 10,2025-07-25,100+
299,193,2023-11-13,44,3,Simulated Ward 06,2023-11-13,20–49
300,194,2024-04-14,15,3,Simulated Ward 06,2024-04-14,10–19
301,195,2026-06-12,229,1,Simulated Ward 05,2026-06-12,100+
303,196,2025-09-06,134,2,Simulated Ward 03,2025-09-06,100+
305,197,2025-12-17,12,3,Simulated Ward 22,2025-12-17,10–19
307,198,2026-07-29,17,3,Simulated Ward 07,2026-07-29,10–19
308,199,2024-06-29,130,3,Simulated Ward 25,2024-06-29,100+
310,200,2024-06-18,93,3,Simulated Ward 14,2024-06-18,50–99
311,201,2026-07-22,25,3,Simulated Ward 25,2026-07-22,20–49
312,202,2024-04-14,674,3,Simulated Ward 11,2024-04-14,100+
314,203,2025-01-03,141,3,Simulated Ward 04,2025-01-03,100+
315,204,2025-02-15,49,3,Simulated Ward 02,2025-02-15,20–49
317,205,2026-05-30,12,3,Simulated Ward 16,2026-05-30,10–19
319,206,2026-07-02,595,3,Simulated Ward 16,2026-07-02,100+
321,207,2024-04-02,230,3,Simulated Ward 14,2024-04-02,100+
322,208,2024-12-13,64,3,Simulated Ward 21,2024-12-13,50–99
323,209,2025-10-25,13,3,Simulated Ward 04,2025-10-25,10–19
324,210,2025-07-26,103,3,Simulated Ward 03,2025-07-26,100+
326,211,2025-03-13,33,3,Simulated Ward 23,2025-03-13,20–49
328,212,2026-02-04,21,3,Simulated Ward 18,2026-02-04,20–49
330,213,2024-09-22,185,3,Simulated Ward 24,2024-09-22,100+
332,214,2025-10-10,389,3,Simulated Ward 14,2025-10-10,100+
333,215,2025-01-22,19,3,Simulated Ward 10,2025-01-22,10–19
335,216,2025-12-12,118,3,Simulated Ward 11,2025-12-12,100+
336,217,2023-07-05,89,3,Simulated Ward 21,2023-07-05,50–99
338,218,2026-01-03,31,3,Simulated Ward 25,2026-01-03,20–49
339,219,2023-12-16,249,3,Simulated Ward 13,2023-12-16,100+
341,220,2025-10-06,87,1,Simulated Ward 24,2025-10-06,50–99
342,221,2026-05-01,67,3,Simulated Ward 05,2026-05-01,50–99
343,222,2025-12-07,23,3,Simulated Ward 17,2025-12-07,20–49
344,223,2023-08-21,37,3,Simulated Ward 18,2023-08-21,20–49
345,224,2023-09-01,37,3,Simulated Ward 20,2023-09-01,20–49
347,225,2024-11-20,83,3,Simulated Ward 17,2024-11-20,50–99
349,226,2026-09-04,270,3,Simulated Ward 24,2026-09-04,100+
351,227,2026-03-05,203,3,Simulated Ward 20,2026-03-05,100+
352,228,2025-06-22,381,2,Simulated Ward 09,2025-06-22,100+
355,229,2026-05-13,44,3,Simulated Ward 16,2026-05-13,20–49
356,230,2024-02-19,98,3,Simulated Ward 09,2024-02-19,50–99
358,231,2025-05-05,630,3,Simulated Ward 06,2025-05-05,100+
359,232,2025-07-22,11,3,Simulated Ward 17,2025-07-22,10–19
360,233,2024-12-03,18,3,Simulated Ward 24,2024-12-03,10–19
361,234,2025-08-15,24,3,Simulated Ward 07,2025-08-15,20–49
363,235,2026-04-29,184,0,Simulated Ward 17,2026-04-29,100+
365,236,2025-03-03,144,3,Simulated Ward 22,2025-03-03,100+
366,237,2023-09-17,224,3,Simulated Ward 01,2023-09-17,100+
368,238,2024-12-28,24,3,Simulated Ward 07,2024-12-28,20–49
369,239,2025-09-24,112,3,Simulated Ward 18,2025-09-24,100+
371,240,2026-08-22,81,3,Simulated Ward 10,2026-08-22,50–99
372,241,2024-06-22,10,3,Simulated Ward 07,2024-06-22,10–19
374,242,2025-04-01,13,3,Simulated Ward 06,2025-04-01,10–19
376,243,2026-01-16,138,1,Simulated Ward 15,2026-01-16,100+
377,244,2023-08-25,15,3,Simulated Ward 03,2023-08-25,10–19
378,245,2025-05-30,198,3,Simulated Ward 13,2025-05-30,100+
380,246,2025-06-23,30,3,Simulated Ward 18,2025-06-23,20–49
382,247,2023-08-26,23,3,Simulated Ward 18,2023-08-26,20–49
384,248,2025-06-17,46,3,Simulated Ward 23,2025-06-17,20–49
385,249,2024-06-10,359,3,Simulated Ward 10,2024-06-10,100+
387,250,2025-11-28,267,3,Simulated Ward 18,2025-11-28,100+
389,251,2026-05-23,25,3,Simulated Ward 20,2026-05-23,20–49
391,252,2026-01-04,145,3,Simulated Ward 01,2026-01-04,100+
393,253,2025-05-31,158,3,Simulated Ward 07,2025-05-31,100+
394,254,2024-05-07,75,3,Simulated Ward 21,2024-05-07,50–99
395,255,2023-09-13,44,3,Simulated Ward 09,2023-09-13,20–49
396,256,2025-01-22,15,3,Simulated Ward 25,2025-01-22,10–19
397,257,2026-03-11,20,3,Simulated Ward 12,2026-03-11,20–49
398,258,2024-02-26,48,1,Simulated Ward 12,2024-02-26,20–49
400,259,2026-08-29,166,3,Simulated Ward 10,2026-08-29,100+
402,260,2025-09-21,23,3,Simulated Ward 06,2025-09-21,20–49
404,261,2026-07-04,342,3,Simulated Ward 18,2026-07-04,100+
405,262,2026-02-20,44,3,Simulated Ward 15,2026-02-20,20–49
406,263,2024-03-14,244,3,Simulated Ward 18,2024-03-14,100+
407,264,2023-08-13,149,3,Simulated Ward 07,2023-08-13,100+
408,265,2024-03-25,57,1,Simulated Ward 23,2024-03-25,50–99
410,266,2025-05-13,13,3,Simulated Ward 19,2025-05-13,10–19
411,267,2023-11-02,87,3,Simulated Ward 09,2023-11-02,50–99
413,268,2026-06-29,93,3,Simulated Ward 17,2026-06-29,50–99
414,269,2026-08-16,88,3,Simulated Ward 11,2026-08-16,50–99
415,270,2026-05-13,199,3,Simulated Ward 12,2026-05-13,100+
417,271,2024-09-08,377,3,Simulated Ward 15,2024-09-08,100+
418,272,2025-06-16,10,3,Simulated Ward 25,2025-06-16,10–19
420,273,2023-12-21,202,3,Simulated Ward 16,2023-12-21,100+
421,274,2026-04-01,30,3,Simulated Ward 03,2026-04-01,20–49
423,275,2025-10-17,128,3,Simulated Ward 02,2025-10-17,100+
424,276,2023-07-19,244,3,Simulated Ward 21,2023-07-19,100+
426,277,2024-03-23,41,3,Simulated Ward 09,2024-03-23,20–49
428,278,2024-02-21,327,3,Simulated Ward 24,2024-02-21,100+
430,279,2026-02-20,62,3,Simulated Ward 13,2026-02-20,50–99
431,280,2024-07-09,11,3,Simulated Ward 16,2024-07-09,10–19
432,281,2023-08-17,312,3,Simulated Ward 15,2023-08-17,100+
434,282,2024-03-23,123,3,Simulated Ward 04,2024-03-23,100+
435,283,2023-08-07,11,3,Simulated Ward 13,2023-08-07,10–19
437,284,2026-02-14,11,3,Simulated Ward 25,2026-02-14,10–19
439,285,2024-11-04,189,3,Simulated Ward 14,2024-11-04,100+
441,286,2024-05-23,316,3,Simulated Ward 25,2024-05-23,100+
443,287,2024-12-12,20,3,Simulated Ward 18,2024-12-12,20–49
444,288,2024-11-09,17,3,Simulated Ward 13,2024-11-09,10–19
446,289,2026-04-01,120,3,Simulated Ward 07,2026-04-01,100+
447,290,2026-02-08,272,3,Simulated Ward 18,2026-02-08,100+
449,291,2024-03-01,29,1,Simulated Ward 08,2024-03-01,20–49
451,292,2025-03-26,10,3,Simulated Ward 03,2025-03-26,10–19
452,293,2025-08-15,188,3,Simulated Ward 21,2025-08-15,100+
453,294,2026-05-02,295,3,Simulated Ward 05,2026-05-02,100+
455,295,2024-04-25,66,3,Simulated Ward 07,2024-04-25,50–99
457,296,2024-09-29,17,3,Simulated Ward 22,2024-09-29,10–19
459,297,2025-10-07,19,3,Simulated Ward 21,2025-10-07,10–19
461,298,2025-07-05,13,3,Simulated Ward 01,2025-07-05,10–19
462,299,2024-02-08,295,3,Simulated Ward 09,2024-02-08,100+
463,300,2024-04-19,56,3,Simulated Ward 14,2024-04-19,50–99
465,301,2026-06-13,93,3,Simulated Ward 02,2026-06-13,50–99
467,302,2023-09-24,15,3,Simulated Ward 03,2023-09-24,10–19
469,303,2025-12-13,48,3,Simulated Ward 05,2025-12-13,20–49
470,304,2024-11-30,44,3,Simulated Ward 02,2024-11-30,20–49
471,305,2026-08-14,239,3,Simulated Ward 10,2026-08-14,100+
473,306,2025-10-02,151,1,Simulated Ward 24,2025-10-02,100+
475,307,2025-09-06,33,3,Simulated Ward 23,2025-09-06,20–49
477,308,2025-09-25,84,3,Simulated Ward 11,2025-09-25,50–99
479,309,2025-09-23,28,2,Simulated Ward 04,2025-09-23,20–49
481,310,2024-10-30,70,3,Simulated Ward 14,2024-10-30,50–99
482,311,2024-08-16,44,1,Simulated Ward 06,2024-08-16,20–49
483,312,2023-07-04,11,1,Simulated Ward 01,2023-07-04,10–19
484,313,2026-09-08,44,3,Simulated Ward 11,2026-09-08,20–49
485,314,2026-08-09,11,3,Simulated Ward 22,2026-08-09,10–19
486,315,2026-04-06,14,3,Simulated Ward 19,2026-04-06,10–19
487,316,2026-02-14,28,3,Simulated Ward 09,2026-02-14,20–49
489,317,2024-01-24,213,3,Simulated Ward 18,2024-01-24,100+
490,318,2025-10-29,18,3,Simulated Ward 11,2025-10-29,10–19
491,319,2024-01-27,13,3,Simulated Ward 11,2024-01-27,10–19
493,320,2025-08-04,17,3,Simulated Ward 11,2025-08-04,10–19
495,321,2025-10-24,16,3,Simulated Ward 22,2025-10-24,10–19
497,322,2024-12-16,13,3,Simulated Ward 20,2024-12-16,10–19
499,323,2025-07-18,10,3,Simulated Ward 17,2025-07-18,10–19
500,324,2026-04-24,30,1,Simulated Ward 13,2026-04-24,20–49
501,325,2025-12-27,152,1,Simulated Ward 25,2025-12-27,100+
503,326,2024-08-10,61,3,Simulated Ward 14,2024-08-10,50–99
505,327,2026-08-05,72,3,Simulated Ward 18,2026-08-05,50–99
506,328,2023-12-19,20,3,Simulated Ward 22,2023-12-19,20–49
508,329,2025-01-10,386,3,Simulated Ward 11,2025-01-10,100+
510,330,2025-03-09,98,3,Simulated Ward 16,2025-03-09,50–99
511,331,2023-06-29,51,3,Simulated Ward 23,2023-06-29,50–99
512,332,2024-09-22,28,3,Simulated Ward 04,2024-09-22,20–49
513,333,2023-06-24,19,3,Simulated Ward 22,2023-06-24,10–19
514,334,2023-08-11,109,3,Simulated Ward 09,2023-08-11,100+
516,335,2025-11-04,13,3,Simulated Ward 12,2025-11-04,10–19
518,336,2026-05-21,10,3,Simulated Ward 22,2026-05-21,10–19
519,337,2026-01-30,68,1,Simulated Ward 02,2026-01-30,50–99
521,338,2024-01-18,185,3,Simulated Ward 03,2024-01-18,100+
522,339,2024-05-25,311,3,Simulated Ward 14,2024-05-25,100+
524,340,2025-04-01,116,3,Simulated Ward 06,2025-04-01,100+
526,341,2026-07-28,171,3,Simulated Ward 11,2026-07-28,100+
527,342,2025-10-17,21,3,Simulated Ward 03,2025-10-17,20–49
529,343,2024-04-12,62,3,Simulated Ward 08,2024-04-12,50–99
531,344,2025-04-04,29,3,Simulated Ward 02,2025-04-04,20–49
532,345,2023-07-27,176,3,Simulated Ward 06,2023-07-27,100+
533,346,2026-06-16,359,3,Simulated Ward 01,2026-06-16,100+
534,347,2026-09-14,15,3,Simulated Ward 23,2026-09-14,10–19
535,348,2023-12-27,30,3,Simulated Ward 10,2023-12-27,20–49
537,349,2025-11-07,71,3,Simulated Ward 25,2025-11-07,50–99
538,350,2024-05-02,26,1,Simulated Ward 18,2024-05-02,20–49
540,351,2025-07-01,67,3,Simulated Ward 01,2025-07-01,50–99
542,352,2025-01-06,18,3,Simulated Ward 06,2025-01-06,10–19
544,353,2024-12-24,35,3,Simulated Ward 19,2024-12-24,20–49
546,354,2024-10-11,325,3,Simulated Ward 02,2024-10-11,100+
547,355,2024-10-22,181,3,Simulated Ward 01,2024-10-22,100+
548,356,2024-10-01,56,3,Simulated Ward 05,2024-10-01,50–99
549,357,2026-01-10,141,3,Simulated Ward 11,2026-01-10,100+
551,358,2025-03-30,17,3,Simulated Ward 14,2025-03-30,10–19
553,359,2026-08-05,107,3,Simulated Ward 03,2026-08-05,100+
554,360,2023-10-02,38,3,Simulated Ward 16,2023-10-02,20–49
557,361,2026-02-14,195,3,Simulated Ward 09,2026-02-14,100+
559,362,2025-07-19,35,3,Simulated Ward 23,2025-07-19,20–49
561,363,2026-04-19,285,3,Simulated Ward 17,2026-04-19,100+
562,364,2025-05-04,14,3,Simulated Ward 07,2025-05-04,10–19
563,365,2023-09-12,49,1,Simulated Ward 16,2023-09-12,20–49
564,366,2026-07-05,35,3,Simulated Ward 17,2026-07-05,20–49
566,367,2024-02-26,124,3,Simulated Ward 07,2024-02-26,100+
568,368,2025-10-06,18,3,Simulated Ward 18,2025-10-06,10–19
570,369,2026-04-05,137,3,Simulated Ward 24,2026-04-05,100+
572,370,2026-03-13,142,3,Simulated Ward 23,2026-03-13,100+
573,371,2025-11-27,49,3,Simulated Ward 01,2025-11-27,20–49
574,372,2023-06-25,366,3,Simulated Ward 11,2023-06-25,100+
576,373,2026-07-01,83,3,Simulated Ward 10,2026-07-01,50–99
577,374,2026-08-30,28,3,Simulated Ward 13,2026-08-30,20–49
579,375,2026-08-05,24,3,Simulated Ward 14,2026-08-05,20–49
580,376,2024-04-28,115,1,Simulated Ward 05,2024-04-28,100+
581,377,2024-05-27,308,1,Simulated Ward 05,2024-05-27,100+
583,378,2026-06-13,330,1,Simulated Ward 22,2026-06-13,100+
584,379,2026-07-01,47,3,Simulated Ward 03,2026-07-01,20–49
585,380,2024-03-10,17,3,Simulated Ward 10,2024-03-10,10–19
587,381,2025-11-04,62,3,Simulated Ward 24,2025-11-04,50–99
588,382,2026-03-22,102,3,Simulated Ward 06,2026-03-22,100+
589,383,2024-08-18,22,3,Simulated Ward 17,2024-08-18,20–49
591,384,2025-03-31,19,3,Simulated Ward 24,2025-03-31,10–19
592,385,2023-10-16,113,3,Simulated Ward 02,2023-10-16,100+
593,386,2025-06-06,58,3,Simulated Ward 23,2025-06-06,50–99
595,387,2026-04-02,291,3,Simulated Ward 08,2026-04-02,100+
596,388,2023-09-23,70,3,Simulated Ward 16,2023-09-23,50–99
597,389,2025-05-15,13,3,Simulated Ward 09,2025-05-15,10–19
598,390,2025-11-21,171,3,Simulated Ward 02,2025-11-21,100+
599,391,2024-02-02,218,3,Simulated Ward 04,2024-02-02,100+
600,392,2025-08-21,86,3,Simulated Ward 19,2025-08-21,50–99
601,393,2024-01-20,155,3,Simulated Ward 13,2024-01-20,100+
602,394,2025-06-27,288,3,Simulated Ward 25,2025-06-27,100+
604,395,2024-12-03,248,3,Simulated Ward 11,2024-12-03,100+
605,396,2023-10-19,79,3,Simulated Ward 03,2023-10-19,50–99
606,397,2025-05-04,60,3,Simulated Ward 05,2025-05-04,50–99
608,398,2025-08-16,13,3,Simulated Ward 13,2025-08-16,10–19
610,399,2026-02-12,106,3,Simulated Ward 22,2026-02-12,100+
611,400,2024-08-02,41,2,Simulated Ward 05,2024-08-02,20–49
613,401,2026-06-14,44,3,Simulated Ward 24,2026-06-14,20–49
614,402,2024-03-17,13,3,Simulated Ward 10,2024-03-17,10–19
616,403,2026-01-29,24,3,Simulated Ward 04,2026-01-29,20–49
617,404,2023-10-23,19,3,Simulated Ward 01,2023-10-23,10–19
618,405,2026-03-31,37,3,Simulated Ward 15,2026-03-31,20–49
619,406,2026-09-17,281,3,Simulated Ward 09,2026-09-17,100+
620,407,2023-09-22,148,2,Simulated Ward 20,2023-09-22,100+
621,408,2024-04-10,37,3,Simulated Ward 15,2024-04-10,20–49
623,409,2025-10-03,24,3,Simulated Ward 13,2025-10-03,20–49
624,410,2024-12-24,59,3,Simulated Ward 12,2024-12-24,50–99
625,411,2024-10-30,356,3,Simulated Ward 24,2024-10-30,100+
626,412,2025-07-26,146,3,Simulated Ward 09,2025-07-26,100+
627,413,2024-11-26,159,3,Simulated Ward 09,2024-11-26,100+
629,414,2025-05-27,264,1,Simulated Ward 06,2025-05-27,100+
630,415,2024-03-21,110,3,Simulated Ward 21,2024-03-21,100+
632,416,2024-04-12,46,1,Simulated Ward 13,2024-04-12,20–49
633,417,2024-10-04,47,3,Simulated Ward 09,2024-10-04,20–49
635,418,2026-03-06,72,1,Simulated Ward 11,2026-03-06,50–99
638,419,2026-09-17,13,3,Simulated Ward 22,2026-09-17,10–19
640,420,2025-06-10,64,1,Simulated Ward 02,2025-06-10,50–99
641,421,2025-04-02,18,1,Simulated Ward 17,2025-04-02,10–19
643,422,2025-12-07,50,3,Simulated Ward 06,2025-12-07,50–99
645,423,2024-08-21,280,3,Simulated Ward 25,2024-08-21,100+
647,424,2024-10-08,52,3,Simulated Ward 11,2024-10-08,50–99
649,425,2026-03-03,68,3,Simulated Ward 14,2026-03-03,50–99
650,426,2025-06-18,98,3,Simulated Ward 23,2025-06-18,50–99
652,427,2025-12-19,324,3,Simulated Ward 11,2025-12-19,100+
653,428,2026-02-02,14,3,Simulated Ward 13,2026-02-02,10–19
655,429,2025-10-29,30,3,Simulated Ward 01,2025-10-29,20–49
657,430,2025-07-08,112,3,Simulated Ward 11,2025-07-08,100+
658,431,2024-03-25,48,1,Simulated Ward 07,2024-03-25,20–49
660,432,2026-09-17,188,1,Simulated Ward 03,2026-09-17,100+
662,433,2023-12-03,44,3,Simulated Ward 21,2023-12-03,20–49
663,434,2023-08-19,29,3,Simulated Ward 13,2023-08-19,20–49
664,435,2026-04-05,40,3,Simulated Ward 11,2026-04-05,20–49
666,436,2026-06-27,300,3,Simulated Ward 05,2026-06-27,100+
668,437,2026-01-23,40,3,Simulated Ward 16,2026-01-23,20–49
669,438,2023-11-02,21,3,Simulated Ward 19,2023-11-02,20–49
670,439,2025-04-08,61,3,Simulated Ward 15,2025-04-08,50–99
672,440,2025-05-27,33,3,Simulated Ward 13,2025-05-27,20–49
673,441,2025-03-10,29,3,Simulated Ward 18,2025-03-10,20–49
675,442,2025-09-26,19,3,Simulated Ward 20,2025-09-26,10–19
676,443,2025-12-30,296,1,Simulated Ward 22,2025-12-30,100+
677,444,2023-07-19,38,3,Simulated Ward 23,2023-07-19,20–49
679,445,2023-11-29,69,2,Simulated Ward 16,2023-11-29,50–99
681,446,2025-12-30,743,3,Simulated Ward 08,2025-12-30,100+
683,447,2026-08-07,29,1,Simulated Ward 06,2026-08-07,20–49
685,448,2024-01-15,74,3,Simulated Ward 02,2024-01-15,50–99
686,449,2024-09-15,36,3,Simulated Ward 22,2024-09-15,20–49
687,450,2024-09-29,261,3,Simulated Ward 11,2024-09-29,100+
688,451,2026-03-30,13,3,Simulated Ward 24,2026-03-30,10–19
691,452,2026-06-02,117,3,Simulated Ward 07,2026-06-02,100+
692,453,2024-03-07,14,3,Simulated Ward 08,2024-03-07,10–19
694,454,2025-08-26,269,0,Simulated Ward 08,2025-08-26,100+
696,455,2024-09-17,82,1,Simulated Ward 07,2024-09-17,50–99
697,456,2023-11-12,342,3,Simulated Ward 11,2023-11-12,100+
700,457,2025-08-01,97,3,Simulated Ward 12,2025-08-01,50–99
702,458,2024-10-16,289,3,Simulated Ward 16,2024-10-16,100+
703,459,2024-02-19,46,3,Simulated Ward 18,2024-02-19,20–49
704,460,2023-11-13,15,3,Simulated Ward 24,2023-11-13,10–19
706,461,2025-09-07,20,3,Simulated Ward 19,2025-09-07,20–49
708,462,2026-01-07,241,3,Simulated Ward 21,2026-01-07,100+
710,463,2026-06-11,35,3,Simulated Ward 10,2026-06-11,20–49
712,464,2026-07-04,63,3,Simulated Ward 16,2026-07-04,50–99
713,465,2024-09-10,32,3,Simulated Ward 18,2024-09-10,20–49
715,466,2026-01-01,28,3,Simulated Ward 05,2026-01-01,20–49
717,467,2024-08-18,95,2,Simulated Ward 12,2024-08-18,50–99
719,468,2026-08-21,71,3,Simulated Ward 05,2026-08-21,50–99
720,469,2024-02-21,19,3,Simulated Ward 17,2024-02-21,10–19
721,470,2025-08-30,206,3,Simulated Ward 01,2025-08-30,100+
722,471,2025-09-01,19,3,Simulated Ward 04,2025-09-01,10–19
723,472,2025-12-10,46,1,Simulated Ward 16,2025-12-10,20–49
724,473,2024-01-08,11,3,Simulated Ward 25,2024-01-08,10–19
726,474,2026-08-20,334,3,Simulated Ward 24,2026-08-20,100+
727,475,2023-07-25,47,3,Simulated Ward 12,2023-07-25,20–49
729,476,2025-12-08,24,3,Simulated Ward 01,2025-12-08,20–49
731,477,2025-02-24,23,3,Simulated Ward 14,2025-02-24,20–49
732,478,2026-01-03,297,3,Simulated Ward 02,2026-01-03,100+
733,479,2023-10-21,21,3,Simulated Ward 22,2023-10-21,20–49
734,480,2024-09-22,77,3,Simulated Ward 24,2024-09-22,50–99
735,481,2023-09-09,17,3,Simulated Ward 12,2023-09-09,10–19
736,482,2024-11-19,126,3,Simulated Ward 25,2024-11-19,100+
737,483,2026-02-10,133,3,Simulated Ward 18,2026-02-10,100+
738,484,2025-10-11,42,3,Simulated Ward 25,2025-10-11,20–49
739,485,2025-01-09,92,3,Simulated Ward 16,2025-01-09,50–99
741,486,2025-07-20,17,3,Simulated Ward 02,2025-07-20,10–19
742,487,2023-07-07,19,3,Simulated Ward 22,2023-07-07,10–19
744,488,2026-08-03,56,3,Simulated Ward 04,2026-08-03,50–99
746,489,2025-09-29,22,3,Simulated Ward 03,2025-09-29,20–49
748,490,2025-01-12,22,3,Simulated Ward 24,2025-01-12,20–49
749,491,2026-05-27,55,3,Simulated Ward 15,2026-05-27,50–99
751,492,2024-12-13,218,3,Simulated Ward 23,2024-12-13,100+
753,493,2026-03-20,380,3,Simulated Ward 03,2026-03-20,100+
755,494,2024-11-24,26,3,Simulated Ward 03,2024-11-24,20–49
757,495,2025-10-29,19,3,Simulated Ward 24,2025-10-29,10–19
758,496,2025-12-30,288,3,Simulated Ward 05,2025-12-30,100+
759,497,2026-08-07,127,3,Simulated Ward 21,2026-08-07,100+
761,498,2025-03-14,54,3,Simulated Ward 02,2025-03-14,50–99
762,499,2025-09-02,144,3,Simulated Ward 01,2025-09-02,100+
764,500,2026-08-22,673,1,Simulated Ward 17,2026-08-22,100+
765,501,2024-11-13,32,3,Simulated Ward 10,2024-11-13,20–49
766,502,2024-08-27,18,3,Simulated Ward 10,2024-08-27,10–19
767,503,2025-07-03,89,3,Simulated Ward 13,2025-07-03,50–99
769,504,2024-10-04,74,3,Simulated Ward 03,2024-10-04,50–99
770,505,2023-10-04,169,3,Simulated Ward 05,2023-10-04,100+
772,506,2025-06-23,23,3,Simulated Ward 17,2025-06-23,20–49
775,507,2026-07-14,356,3,Simulated Ward 08,2026-07-14,100+
776,508,2023-07-06,181,2,Simulated Ward 22,2023-07-06,100+
777,509,2023-10-17,43,3,Simulated Ward 08,2023-10-17,20–49
779,510,2026-04-27,61,3,Simulated Ward 08,2026-04-27,50–99
781,511,2024-05-13,24,3,Simulated Ward 22,2024-05-13,20–49
783,512,2025-01-27,39,3,Simulated Ward 03,2025-01-27,20–49
784,513,2026-08-02,35,3,Simulated Ward 13,2026-08-02,20–49
785,514,2026-04-20,41,3,Simulated Ward 25,2026-04-20,20–49
786,515,2024-07-06,45,3,Simulated Ward 05,2024-07-06,20–49
787,516,2024-05-29,56,3,Simulated Ward 15,2024-05-29,50–99
789,517,2026-03-31,338,3,Simulated Ward 05,2026-03-31,100+
791,518,2026-08-11,40,3,Simulated Ward 12,2026-08-11,20–49
793,519,2025-11-07,10,2,Simulated Ward 13,2025-11-07,10–19
795,520,2025-04-01,41,3,Simulated Ward 23,2025-04-01,20–49
796,521,2026-06-25,171,3,Simulated Ward 06,2026-06-25,100+
798,522,2026-03-08,54,3,Simulated Ward 13,2026-03-08,50–99
799,523,2024-10-01,177,3,Simulated Ward 03,2024-10-01,100+
801,524,2025-10-13,32,3,Simulated Ward 24,2025-10-13,20–49
803,525,2026-04-26,37,3,Simulated Ward 19,2026-04-26,20–49
804,526,2026-05-14,87,3,Simulated Ward 01,2026-05-14,50–99
806,527,2024-12-29,55,3,Simulated Ward 18,2024-12-29,50–99
807,528,2024-02-05,13,3,Simulated Ward 01,2024-02-05,10–19
808,529,2026-07-04,116,3,Simulated Ward 13,2026-07-04,100+
810,530,2025-09-11,219,3,Simulated Ward 04,2025-09-11,100+
811,531,2025-04-12,129,3,Simulated Ward 06,2025-04-12,100+
812,532,2025-02-20,65,3,Simulated Ward 06,2025-02-20,50–99
813,533,2024-09-13,72,3,Simulated Ward 12,2024-09-13,50–99
814,534,2026-05-09,130,3,Simulated Ward 18,2026-05-09,100+
816,535,2025-12-10,38,3,Simulated Ward 07,2025-12-10,20–49
817,536,2023-06-05,48,3,Simulated Ward 15,2023-06-05,20–49
819,537,2025-05-26,32,3,Simulated Ward 23,2025-05-26,20–49
820,538,2024-03-29,96,3,Simulated Ward 06,2024-03-29,50–99
822,539,2024-11-28,43,3,Simulated Ward 13,2024-11-28,20–49
823,540,2024-03-29,14,3,Simulated Ward 02,2024-03-29,10–19
824,541,2024-06-01,164,3,Simulated Ward 17,2024-06-01,100+
826,542,2026-01-03,74,3,Simulated Ward 05,2026-01-03,50–99
828,543,2025-02-24,44,0,Simulated Ward 02,2025-02-24,20–49
830,544,2025-11-09,19,3,Simulated Ward 19,2025-11-09,10–19
831,545,2025-10-06,32,3,Simulated Ward 14,2025-10-06,20–49
833,546,2025-05-22,94,3,Simulated Ward 22,2025-05-22,50–99
835,547,2025-09-27,30,3,Simulated Ward 08,2025-09-27,20–49
837,548,2023-08-12,38,3,Simulated Ward 07,2023-08-12,20–49
839,549,2025-12-16,73,3,Simulated Ward 16,2025-12-16,50–99
841,550,2026-03-24,95,3,Simulated Ward 09,2026-03-24,50–99
842,551,2026-05-15,180,3,Simulated Ward 13,2026-05-15,100+
843,552,2025-04-19,35,1,Simulated Ward 09,2025-04-19,20–49
844,553,2025-08-28,151,3,Simulated Ward 19,2025-08-28,100+
846,554,2025-09-02,376,3,Simulated Ward 17,2025-09-02,100+
848,555,2026-07-29,66,3,Simulated Ward 12,2026-07-29,50–99
849,556,2025-07-21,74,3,Simulated Ward 04,2025-07-21,50–99
850,557,2024-04-12,49,3,Simulated Ward 10,2024-04-12,20–49
852,558,2024-09-04,30,3,Simulated Ward 01,2024-09-04,20–49
854,559,2025-05-07,372,3,Simulated Ward 20,2025-05-07,100+
855,560,2025-02-21,40,3,Simulated Ward 11,2025-02-21,20–49
857,561,2024-06-16,299,3,Simulated Ward 23,2024-06-16,100+
859,562,2025-09-06,144,3,Simulated Ward 12,2025-09-06,100+
860,563,2025-12-01,31,3,Simulated Ward 16,2025-12-01,20–49
862,564,2025-09-18,112,3,Simulated Ward 21,2025-09-18,100+
863,565,2024-07-15,44,3,Simulated Ward 10,2024-07-15,20–49
864,566,2025-04-19,39,3,Simulated Ward 02,2025-04-19,20–49
866,567,2025-08-21,75,1,Simulated Ward 02,2025-08-21,50–99
867,568,2024-03-27,20,3,Simulated Ward 05,2024-03-27,20–49
870,569,2026-07-27,108,3,Simulated Ward 03,2026-07-27,100+
871,570,2023-12-22,44,3,Simulated Ward 04,2023-12-22,20–49
872,571,2024-02-23,10,3,Simulated Ward 02,2024-02-23,10–19
873,572,2024-12-02,103,3,Simulated Ward 24,2024-12-02,100+
874,573,2026-08-22,49,3,Simulated Ward 04,2026-08-22,20–49
875,574,2024-11-26,335,3,Simulated Ward 22,2024-11-26,100+
877,575,2024-07-22,12,3,Simulated Ward 24,2024-07-22,10–19
879,576,2025-06-02,370,3,Simulated Ward 21,2025-06-02,100+
881,577,2023-10-17,18,3,Simulated Ward 17,2023-10-17,10–19
883,578,2025-01-10,68,3,Simulated Ward 14,2025-01-10,50–99
884,579,2023-08-09,11,3,Simulated Ward 17,2023-08-09,10–19
886,580,2026-01-30,32,3,Simulated Ward 16,2026-01-30,20–49
889,581,2026-02-15,37,3,Simulated Ward 12,2026-02-15,20–49
890,582,2024-01-05,13,3,Simulated Ward 08,2024-01-05,10–19
892,583,2024-04-22,97,1,Simulated Ward 01,2024-04-22,50–99
893,584,2025-09-13,75,3,Simulated Ward 13,2025-09-13,50–99
895,585,2025-03-29,16,3,Simulated Ward 09,2025-03-29,10–19
896,586,2025-05-22,80,3,Simulated Ward 11,2025-05-22,50–99
897,587,2025-10-13,100,3,Simulated Ward 16,2025-10-13,100+
898,588,2024-08-21,15,1,Simulated Ward 25,2024-08-21,10–19
900,589,2025-10-02,16,3,Simulated Ward 10,2025-10-02,10–19
901,590,2025-07-04,21,2,Simulated Ward 20,2025-07-04,20–49
902,591,2024-02-19,15,3,Simulated Ward 05,2024-02-19,10–19
904,592,2024-09-05,46,3,Simulated Ward 13,2024-09-05,20–49
906,593,2026-08-29,34,3,Simulated Ward 08,2026-08-29,20–49
908,594,2024-03-01,14,3,Simulated Ward 11,2024-03-01,10–19
910,595,2025-09-13,36,3,Simulated Ward 18,2025-09-13,20–49
912,596,2024-10-10,40,3,Simulated Ward 17,2024-10-10,20–49
913,597,2025-12-21,129,3,Simulated Ward 17,2025-12-21,100+
914,598,2023-08-20,43,3,Simulated Ward 12,2023-08-20,20–49
915,599,2024-03-25,11,3,Simulated Ward 04,2024-03-25,10–19
916,600,2026-05-21,288,3,Simulated Ward 02,2026-05-21,100+
918,601,2025-04-07,49,3,Simulated Ward 07,2025-04-07,20–49
920,602,2025-09-02,87,3,Simulated Ward 24,2025-09-02,50–99
921,603,2025-11-16,26,3,Simulated Ward 22,2025-11-16,20–49
922,604,2023-09-09,44,3,Simulated Ward 24,2023-09-09,20–49
923,605,2026-05-23,337,3,Simulated Ward 15,2026-05-23,100+
924,606,2025-02-05,84,3,Simulated Ward 12,2025-02-05,50–99
926,607,2026-08-31,362,3,Simulated Ward 15,2026-08-31,100+
927,608,2024-04-14,48,2,Simulated Ward 20,2024-04-14,20–49
929,609,2026-01-26,271,3,Simulated Ward 10,2026-01-26,100+
930,610,2024-08-13,10,1,Simulated Ward 01,2024-08-13,10–19
932,611,2024-12-15,168,3,Simulated Ward 11,2024-12-15,100+
934,612,2026-08-04,90,3,Simulated Ward 01,2026-08-04,50–99
935,613,2024-05-14,50,3,Simulated Ward 21,2024-05-14,50–99
936,614,2025-09-09,130,3,Simulated Ward 12,2025-09-09,100+
938,615,2026-01-26,19,3,Simulated Ward 14,2026-01-26,10–19
940,616,2024-06-02,12,3,Simulated Ward 08,2024-06-02,10–19
941,617,2026-02-23,178,3,Simulated Ward 16,2026-02-23,100+
943,618,2025-11-05,363,3,Simulated Ward 12,2025-11-05,100+
945,619,2024-11-13,36,3,Simulated Ward 14,2024-11-13,20–49
946,620,2025-10-04,43,3,Simulated Ward 17,2025-10-04,20–49
948,621,2026-09-14,84,3,Simulated Ward 09,2026-09-14,50–99
950,622,2025-12-03,35,1,Simulated Ward 03,2025-12-03,20–49
951,623,2025-12-21,391,3,Simulated Ward 04,2025-12-21,100+
953,624,2025-11-06,29,3,Simulated Ward 07,2025-11-06,20–49
954,625,2024-02-16,13,3,Simulated Ward 03,2024-02-16,10–19
955,626,2026-06-01,17,3,Simulated Ward 12,2026-06-01,10–19
956,627,2025-01-07,74,3,Simulated Ward 08,2025-01-07,50–99
957,628,2025-10-17,56,3,Simulated Ward 08,2025-10-17,50–99
958,629,2025-07-03,49,1,Simulated Ward 10,2025-07-03,20–49
959,630,2024-02-29,359,3,Simulated Ward 20,2024-02-29,100+
961,631,2026-09-15,78,3,Simulated Ward 03,2026-09-15,50–99
963,632,2026-06-18,86,3,Simulated Ward 22,2026-06-18,50–99
964,633,2024-11-06,258,3,Simulated Ward 15,2024-11-06,100+
966,634,2025-04-28,19,3,Simulated Ward 05,2025-04-28,10–19
967,635,2024-02-11,28,3,Simulated Ward 23,2024-02-11,20–49
969,636,2026-08-29,30,3,Simulated Ward 06,2026-08-29,20–49
971,637,2025-02-02,13,3,Simulated Ward 20,2025-02-02,10–19
972,638,2024-06-05,193,3,Simulated Ward 07,2024-06-05,100+
973,639,2024-05-10,12,1,Simulated Ward 23,2024-05-10,10–19
975,640,2026-08-20,58,3,Simulated Ward 05,2026-08-20,50–99
976,641,2024-03-23,83,3,Simulated Ward 25,2024-03-23,50–99
978,642,2023-10-21,41,3,Simulated Ward 04,2023-10-21,20–49
980,643,2024-07-23,47,1,Simulated Ward 18,2024-07-23,20–49
982,644,2026-06-16,27,1,Simulated Ward 15,2026-06-16,20–49
984,645,2025-05-16,119,3,Simulated Ward 04,2025-05-16,100+
985,646,2024-10-09,57,3,Simulated Ward 06,2024-10-09,50–99
986,647,2025-03-01,93,3,Simulated Ward 11,2025-03-01,50–99
987,648,2026-01-31,59,3,Simulated Ward 05,2026-01-31,50–99
988,649,2024-01-06,22,3,Simulated Ward 10,2024-01-06,20–49
990,650,2026-04-29,24,3,Simulated Ward 01,2026-04-29,20–49
991,651,2024-03-12,11,3,Simulated Ward 24,2024-03-12,10–19
992,652,2025-11-07,362,3,Simulated Ward 22,2025-11-07,100+
993,653,2025-03-07,188,3,Simulated Ward 15,2025-03-07,100+
994,654,2025-12-08,17,3,Simulated Ward 13,2025-12-08,10–19
995,655,2026-04-20,81,3,Simulated Ward 12,2026-04-20,50–99
996,656,2024-04-20,303,3,Simulated Ward 09,2024-04-20,100+
998,657,2025-12-12,94,3,Simulated Ward 25,2025-12-12,50–99
1000,658,2026-06-16,10,3,Simulated Ward 21,2026-06-16,10–19
1001,659,2023-06-13,307,3,Simulated Ward 03,2023-06-13,100+
1003,660,2026-08-19,67,3,Simulated Ward 23,2026-08-19,50–99
1004,661,2024-03-30,158,3,Simulated Ward 11,2024-03-30,100+
1005,662,2024-12-23,34,3,Simulated Ward 01,2024-12-23,20–49
1006,663,2025-03-09,66,1,Simulated Ward 12,2025-03-09,50–99
1008,664,2026-08-12,39,3,Simulated Ward 12,2026-08-12,20–49
1010,665,2025-01-16,32,3,Simulated Ward 23,2025-01-16,20–49
1011,666,2023-06-29,341,3,Simulated Ward 09,2023-06-29,100+
1012,667,2025-02-27,91,3,Simulated Ward 02,2025-02-27,50–99
1013,668,2024-03-07,13,3,Simulated Ward 05,2024-03-07,10–19
1015,669,2023-12-02,161,3,Simulated Ward 02,2023-12-02,100+
1017,670,2026-04-12,346,3,Simulated Ward 13,2026-04-12,100+
1019,671,2026-09-06,217,3,Simulated Ward 20,2026-09-06,100+
1020,672,2025-07-23,25,3,Simulated Ward 01,2025-07-23,20–49
1021,673,2024-02-20,14,3,Simulated Ward 14,2024-02-20,10–19
1023,674,2024-01-31,30,3,Simulated Ward 08,2024-01-31,20–49
1025,675,2025-09-01,88,3,Simulated Ward 20,2025-09-01,50–99
1027,676,2025-12-04,52,3,Simulated Ward 25,2025-12-04,50–99
1029,677,2026-08-10,177,3,Simulated Ward 20,2026-08-10,100+
1031,678,2024-07-19,30,3,Simulated Ward 25,2024-07-19,20–49
1034,679,2026-06-25,82,3,Simulated Ward 05,2026-06-25,50–99
1036,680,2025-04-30,48,3,Simulated Ward 06,2025-04-30,20–49
1038,681,2026-02-05,10,3,Simulated Ward 11,2026-02-05,10–19
1039,682,2024-01-10,122,3,Simulated Ward 20,2024-01-10,100+
1041,683,2026-08-19,270,2,Simulated Ward 21,2026-08-19,100+
1042,684,2026-05-10,112,3,Simulated Ward 18,2026-05-10,100+
1043,685,2026-09-13,90,3,Simulated Ward 10,2026-09-13,50–99
1044,686,2026-04-16,608,3,Simulated Ward 08,2026-04-16,100+
1046,687,2025-06-23,192,3,Simulated Ward 11,2025-06-23,100+
1047,688,2024-01-27,152,3,Simulated Ward 05,2024-01-27,100+
1048,689,2025-08-13,18,3,Simulated Ward 21,2025-08-13,10–19
1050,690,2024-02-14,86,3,Simulated Ward 25,2024-02-14,50–99
1053,691,2024-08-01,129,3,Simulated Ward 10,2024-08-01,100+
1054,692,2024-03-15,18,3,Simulated Ward 01,2024-03-15,10–19
1055,693,2023-12-09,57,3,Simulated Ward 19,2023-12-09,50–99
1057,694,2023-12-08,94,3,Simulated Ward 20,2023-12-08,50–99
1059,695,2025-08-12,56,3,Simulated Ward 06,2025-08-12,50–99
1061,696,2025-07-02,82,3,Simulated Ward 21,2025-07-02,50–99
1062,697,2025-10-01,29,3,Simulated Ward 17,2025-10-01,20–49
1064,698,2026-09-11,251,3,Simulated Ward 02,2026-09-11,100+
1066,699,2025-09-16,40,3,Simulated Ward 10,2025-09-16,20–49
1068,700,2024-12-20,27,3,Simulated Ward 13,2024-12-20,20–49
1069,701,2025-03-01,282,1,Simulated Ward 18,2025-03-01,100+
1070,702,2025-06-10,249,2,Simulated Ward 13,2025-06-10,100+
1072,703,2025-09-01,62,3,Simulated Ward 07,2025-09-01,50–99
1073,704,2024-12-19,76,3,Simulated Ward 23,2024-12-19,50–99
1075,705,2026-03-24,96,3,Simulated Ward 14,2026-03-24,50–99
1076,706,2023-10-19,34,1,Simulated Ward 15,2023-10-19,20–49
1078,707,2025-02-11,57,3,Simulated Ward 18,2025-02-11,50–99
1080,708,2026-02-13,34,3,Simulated Ward 11,2026-02-13,20–49
1082,709,2026-05-24,19,3,Simulated Ward 07,2026-05-24,10–19
1083,710,2026-07-07,38,3,Simulated Ward 15,2026-07-07,20–49
1085,711,2024-12-18,128,3,Simulated Ward 19,2024-12-18,100+
1088,712,2026-09-10,10,3,Simulated Ward 17,2026-09-10,10–19
1089,713,2023-06-27,21,3,Simulated Ward 17,2023-06-27,20–49
1091,714,2026-07-21,383,3,Simulated Ward 06,2026-07-21,100+
1092,715,2025-06-22,10,1,Simulated Ward 06,2025-06-22,10–19
1093,716,2025-05-06,371,3,Simulated Ward 04,2025-05-06,100+
1095,717,2024-11-07,10,3,Simulated Ward 17,2024-11-07,10–19
1097,718,2025-05-15,20,1,Simulated Ward 23,2025-05-15,20–49
1099,719,2026-06-04,38,1,Simulated Ward 15,2026-06-04,20–49
1100,720,2026-07-19,41,3,Simulated Ward 07,2026-07-19,20–49
1101,721,2024-11-06,44,1,Simulated Ward 14,2024-11-06,20–49
1104,722,2026-05-17,114,3,Simulated Ward 18,2026-05-17,100+
1105,723,2024-10-19,206,3,Simulated Ward 07,2024-10-19,100+
1107,724,2025-11-10,30,3,Simulated Ward 20,2025-11-10,20–49
1109,725,2026-07-11,30,3,Simulated Ward 16,2026-07-11,20–49
1111,726,2026-04-08,398,3,Simulated Ward 03,2026-04-08,100+
1113,727,2024-03-12,108,3,Simulated Ward 20,2024-03-12,100+
1114,728,2024-05-30,31,3,Simulated Ward 15,2024-05-30,20–49
1116,729,2026-07-10,24,3,Simulated Ward 01,2026-07-10,20–49
1117,730,2025-12-25,151,1,Simulated Ward 10,2025-12-25,100+
1118,731,2025-09-29,44,3,Simulated Ward 07,2025-09-29,20–49
1120,732,2024-09-01,33,3,Simulated Ward 02,2024-09-01,20–49
1122,733,2024-08-12,36,3,Simulated Ward 16,2024-08-12,20–49
1123,734,2024-02-11,48,1,Simulated Ward 17,2024-02-11,20–49
1125,735,2026-02-24,465,3,Simulated Ward 13,2026-02-24,100+
1127,736,2025-08-26,355,3,Simulated Ward 06,2025-08-26,100+
1128,737,2023-12-07,36,3,Simulated Ward 03,2023-12-07,20–49
1130,738,2025-12-17,45,3,Simulated Ward 11,2025-12-17,20–49
1132,739,2024-09-22,54,3,Simulated Ward 18,2024-09-22,50–99
1134,740,2026-08-18,15,3,Simulated Ward 10,2026-08-18,10–19
1136,741,2025-03-19,220,3,Simulated Ward 09,2025-03-19,100+
1137,742,2026-05-03,45,1,Simulated Ward 13,2026-05-03,20–49
1138,743,2024-04-28,33,3,Simulated Ward 04,2024-04-28,20–49
1139,744,2026-04-19,184,3,Simulated Ward 06,2026-04-19,100+
1140,745,2025-05-12,78,3,Simulated Ward 13,2025-05-12,50–99
1142,746,2026-04-18,245,1,Simulated Ward 19,2026-04-18,100+
1144,747,2026-08-26,232,3,Simulated Ward 02,2026-08-26,100+
1145,748,2024-04-21,28,3,Simulated Ward 14,2024-04-21,20–49
1146,749,2024-09-23,171,3,Simulated Ward 17,2024-09-23,100+
1148,750,2025-01-30,93,3,Simulated Ward 19,2025-01-30,50–99
1149,751,2024-08-26,53,3,Simulated Ward 05,2024-08-26,50–99
1150,752,2026-08-28,32,3,Simulated Ward 19,2026-08-28,20–49
1151,753,2026-02-17,15,3,Simulated Ward 21,2026-02-17,10–19
1153,754,2026-04-11,78,1,Simulated Ward 06,2026-04-11,50–99
1154,755,2023-11-13,162,3,Simulated Ward 07,2023-11-13,100+
1155,756,2023-08-21,157,3,Simulated Ward 04,2023-08-21,100+
1157,757,2026-04-26,39,1,Simulated Ward 19,2026-04-26,20–49
1158,758,2026-07-23,47,3,Simulated Ward 11,2026-07-23,20–49
1159,759,2025-06-21,46,3,Simulated Ward 13,2025-06-21,20–49
1161,760,2025-04-29,15,1,Simulated Ward 20,2025-04-29,10–19
1163,761,2023-11-10,94,1,Simulated Ward 09,2023-11-10,50–99
1164,762,2025-01-31,156,3,Simulated Ward 10,2025-01-31,100+
1165,763,2024-12-03,88,3,Simulated Ward 10,2024-12-03,50–99
1167,764,2024-11-29,78,3,Simulated Ward 15,2024-11-29,50–99
1168,765,2023-12-06,48,1,Simulated Ward 17,2023-12-06,20–49
1169,766,2025-04-13,145,3,Simulated Ward 15,2025-04-13,100+
1171,767,2026-08-09,305,3,Simulated Ward 17,2026-08-09,100+
1173,768,2026-04-01,11,3,Simulated Ward 03,2026-04-01,10–19
1175,769,2024-11-23,141,3,Simulated Ward 02,2024-11-23,100+
1177,770,2025-06-25,77,3,Simulated Ward 02,2025-06-25,50–99
1178,771,2025-04-10,103,3,Simulated Ward 13,2025-04-10,100+
1180,772,2025-01-28,151,3,Simulated Ward 11,2025-01-28,100+
1182,773,2026-07-07,82,3,Simulated Ward 18,2026-07-07,50–99
1184,774,2024-10-05,13,3,Simulated Ward 11,2024-10-05,10–19
1185,775,2025-08-02,27,3,Simulated Ward 17,2025-08-02,20–49
1186,776,2025-10-13,33,3,Simulated Ward 16,2025-10-13,20–49
1187,777,2023-08-03,51,3,Simulated Ward 09,2023-08-03,50–99
1189,778,2026-03-23,17,3,Simulated Ward 13,2026-03-23,10–19
1191,779,2026-08-09,36,3,Simulated Ward 12,2026-08-09,20–49
1193,780,2023-11-26,23,3,Simulated Ward 13,2023-11-26,20–49
1195,781,2024-05-20,41,3,Simulated Ward 04,2024-05-20,20–49
1197,782,2025-03-03,97,3,Simulated Ward 19,2025-03-03,50–99
1200,783,2026-07-19,16,1,Simulated Ward 13,2026-07-19,10–19
1202,784,2025-02-21,205,3,Simulated Ward 17,2025-02-21,100+
1203,785,2023-08-05,123,3,Simulated Ward 04,2023-08-05,100+
1204,786,2024-08-14,205,3,Simulated Ward 19,2024-08-14,100+
1206,787,2024-03-25,10,3,Simulated Ward 12,2024-03-25,10–19
1207,788,2025-11-23,61,3,Simulated Ward 15,2025-11-23,50–99
1209,789,2026-06-01,10,3,Simulated Ward 07,2026-06-01,10–19
1210,790,2025-05-28,52,3,Simulated Ward 09,2025-05-28,50–99
1212,791,2024-11-25,11,3,Simulated Ward 02,2024-11-25,10–19
1213,792,2023-09-06,23,1,Simulated Ward 14,2023-09-06,20–49
1214,793,2025-04-17,40,3,Simulated Ward 05,2025-04-17,20–49
1215,794,2024-06-08,76,3,Simulated Ward 17,2024-06-08,50–99
1217,795,2025-11-14,99,3,Simulated Ward 08,2025-11-14,50–99
1218,796,2024-04-07,92,3,Simulated Ward 07,2024-04-07,50–99
1220,797,2025-09-07,215,3,Simulated Ward 03,2025-09-07,100+
1222,798,2024-10-13,10,3,Simulated Ward 19,2024-10-13,10–19
1223,799,2025-12-27,10,1,Simulated Ward 12,2025-12-27,10–19
1225,800,2026-04-24,140,3,Simulated Ward 14,2026-04-24,100+
1226,801,2025-08-07,57,3,Simulated Ward 15,2025-08-07,50–99
1227,802,2026-06-11,22,3,Simulated Ward 09,2026-06-11,20–49
1228,803,2024-04-06,15,3,Simulated Ward 16,2024-04-06,10–19
1230,804,2024-05-29,169,3,Simulated Ward 10,2024-05-29,100+
1231,805,2024-02-15,165,3,Simulated Ward 04,2024-02-15,100+
1232,806,2026-03-04,169,1,Simulated Ward 22,2026-03-04,100+
1234,807,2024-12-21,11,3,Simulated Ward 14,2024-12-21,10–19
1236,808,2026-06-02,38,3,Simulated Ward 02,2026-06-02,20–49
1237,809,2026-08-30,199,3,Simulated Ward 06,2026-08-30,100+
1239,810,2025-08-28,156,3,Simulated Ward 10,2025-08-28,100+
1241,811,2026-03-27,95,3,Simulated Ward 18,2026-03-27,50–99
1243,812,2025-06-03,40,3,Simulated Ward 17,2025-06-03,20–49
1244,813,2025-02-23,29,3,Simulated Ward 06,2025-02-23,20–49
1246,814,2026-09-23,22,3,Simulated Ward 07,2026-09-23,20–49
1247,815,2024-04-29,300,1,Simulated Ward 10,2024-04-29,100+
1248,816,2023-11-27,16,3,Simulated Ward 21,2023-11-27,10–19
1251,817,2025-06-20,89,3,Simulated Ward 12,2025-06-20,50–99
1252,818,2025-10-05,10,3,Simulated Ward 21,2025-10-05,10–19
1254,819,2023-12-01,128,3,Simulated Ward 15,2023-12-01,100+
1255,820,2026-02-22,130,3,Simulated Ward 14,2026-02-22,100+
1256,821,2023-07-06,12,2,Simulated Ward 11,2023-07-06,10–19
1257,822,2025-10-26,163,1,Simulated Ward 21,2025-10-26,100+
1259,823,2025-10-31,120,3,Simulated Ward 15,2025-10-31,100+
1260,824,2025-09-16,18,3,Simulated Ward 21,2025-09-16,10–19
1262,825,2024-06-02,18,3,Simulated Ward 17,2024-06-02,10–19
1264,826,2025-11-22,13,3,Simulated Ward 20,2025-11-22,10–19
1266,827,2025-01-28,41,3,Simulated Ward 02,2025-01-28,20–49
1268,828,2026-05-07,19,1,Simulated Ward 10,2026-05-07,10–19
1270,829,2026-01-28,44,3,Simulated Ward 17,2026-01-28,20–49
1271,830,2025-08-23,16,3,Simulated Ward 04,2025-08-23,10–19
1272,831,2026-08-29,38,3,Simulated Ward 20,2026-08-29,20–49
1273,832,2026-06-03,269,3,Simulated Ward 19,2026-06-03,100+
1274,833,2023-10-11,87,3,Simulated Ward 12,2023-10-11,50–99
1276,834,2026-05-13,42,3,Simulated Ward 01,2026-05-13,20–49
1278,835,2025-08-02,19,3,Simulated Ward 12,2025-08-02,10–19
1279,836,2026-03-07,189,3,Simulated Ward 19,2026-03-07,100+
1281,837,2025-12-24,31,3,Simulated Ward 11,2025-12-24,20–49
1282,838,2026-05-14,226,3,Simulated Ward 17,2026-05-14,100+
1283,839,2024-03-26,179,3,Simulated Ward 02,2024-03-26,100+
1284,840,2025-07-24,39,1,Simulated Ward 02,2025-07-24,20–49
1285,841,2025-06-20,32,3,Simulated Ward 23,2025-06-20,20–49
1287,842,2026-03-17,112,3,Simulated Ward 18,2026-03-17,100+
1288,843,2025-07-23,18,3,Simulated Ward 12,2025-07-23,10–19
1290,844,2024-05-17,207,3,Simulated Ward 01,2024-05-17,100+
1292,845,2025-02-27,10,2,Simulated Ward 02,2025-02-27,10–19
1294,846,2026-07-15,21,3,Simulated Ward 08,2026-07-15,20–49
1295,847,2023-07-21,225,3,Simulated Ward 25,2023-07-21,100+
1296,848,2025-05-24,717,3,Simulated Ward 01,2025-05-24,100+
1297,849,2023-08-11,135,3,Simulated Ward 11,2023-08-11,100+
1299,850,2025-05-21,123,3,Simulated Ward 02,2025-05-21,100+
1300,851,2023-11-17,16,3,Simulated Ward 02,2023-11-17,10–19
1302,852,2026-06-24,172,3,Simulated Ward 08,2026-06-24,100+
1303,853,2023-11-15,91,3,Simulated Ward 21,2023-11-15,50–99
1304,854,2025-10-17,14,3,Simulated Ward 10,2025-10-17,10–19
1306,855,2024-11-16,344,3,Simulated Ward 16,2024-11-16,100+
1308,856,2025-08-12,14,3,Simulated Ward 15,2025-08-12,10–19
1309,857,2024-09-06,65,3,Simulated Ward 23,2024-09-06,50–99
1310,858,2025-05-27,165,3,Simulated Ward 16,2025-05-27,100+
1313,859,2025-11-20,18,3,Simulated Ward 20,2025-11-20,10–19
1314,860,2026-02-12,149,3,Simulated Ward 05,2026-02-12,100+
1316,861,2024-08-15,117,3,Simulated Ward 22,2024-08-15,100+
1317,862,2023-06-15,82,3,Simulated Ward 22,2023-06-15,50–99
1319,863,2025-12-14,27,3,Simulated Ward 24,2025-12-14,20–49
1321,864,2024-05-12,15,3,Simulated Ward 24,2024-05-12,10–19
1323,865,2026-01-10,139,3,Simulated Ward 04,2026-01-10,100+
1324,866,2024-12-22,36,1,Simulated Ward 14,2024-12-22,20–49
1326,867,2025-09-01,98,3,Simulated Ward 06,2025-09-01,50–99
1328,868,2025-09-04,15,3,Simulated Ward 21,2025-09-04,10–19
1330,869,2026-05-07,21,3,Simulated Ward 14,2026-05-07,20–49
1331,870,2025-03-14,99,3,Simulated Ward 12,2025-03-14,50–99
1332,871,2024-10-17,11,3,Simulated Ward 08,2024-10-17,10–19
1333,872,2025-06-15,17,3,Simulated Ward 09,2025-06-15,10–19
1335,873,2024-05-18,174,1,Simulated Ward 22,2024-05-18,100+
1336,874,2024-06-14,51,3,Simulated Ward 10,2024-06-14,50–99
1338,875,2025-05-25,15,3,Simulated Ward 07,2025-05-25,10–19
1339,876,2025-03-18,33,3,Simulated Ward 06,2025-03-18,20–49
1341,877,2024-10-13,30,1,Simulated Ward 14,2024-10-13,20–49
1342,878,2025-11-11,12,3,Simulated Ward 21,2025-11-11,10–19
1344,879,2024-02-05,15,3,Simulated Ward 13,2024-02-05,10–19
1345,880,2025-08-13,13,3,Simulated Ward 20,2025-08-13,10–19
1346,881,2025-03-22,167,3,Simulated Ward 21,2025-03-22,100+
1347,882,2024-10-26,34,3,Simulated Ward 06,2024-10-26,20–49
1349,883,2026-04-13,176,3,Simulated Ward 17,2026-04-13,100+
1350,884,2023-11-14,38,3,Simulated Ward 24,2023-11-14,20–49
1352,885,2025-11-19,274,3,Simulated Ward 18,2025-11-19,100+
1353,886,2023-11-22,16,3,Simulated Ward 07,2023-11-22,10–19
1355,887,2024-05-04,359,3,Simulated Ward 12,2024-05-04,100+
1357,888,2026-03-06,19,3,Simulated Ward 22,2026-03-06,10–19
1358,889,2024-06-17,343,3,Simulated Ward 14,2024-06-17,100+
1361,890,2025-11-03,10,3,Simulated Ward 17,2025-11-03,10–19
1363,891,2025-04-15,45,3,Simulated Ward 21,2025-04-15,20–49
1365,892,2026-03-25,394,3,Simulated Ward 05,2026-03-25,100+
1366,893,2023-09-01,118,3,Simulated Ward 20,2023-09-01,100+
1367,894,2025-03-07,11,3,Simulated Ward 25,2025-03-07,10–19
1369,895,2026-06-28,101,3,Simulated Ward 06,2026-06-28,100+
1370,896,2025-04-09,160,3,Simulated Ward 25,2025-04-09,100+
1373,897,2025-06-21,190,3,Simulated Ward 17,2025-06-21,100+
1374,898,2026-01-26,28,3,Simulated Ward 21,2026-01-26,20–49
1376,899,2025-04-16,97,3,Simulated Ward 11,2025-04-16,50–99
1378,900,2025-03-24,33,3,Simulated Ward 09,2025-03-24,20–49
1380,901,2026-01-06,38,3,Simulated Ward 16,2026-01-06,20–49
1381,902,2025-02-03,329,3,Simulated Ward 04,2025-02-03,100+
1383,903,2026-03-23,139,3,Simulated Ward 22,2026-03-23,100+
1384,904,2024-07-31,190,3,Simulated Ward 16,2024-07-31,100+
1386,905,2025-08-08,46,3,Simulated Ward 13,2025-08-08,20–49
1387,906,2025-08-29,19,3,Simulated Ward 05,2025-08-29,10–19
1389,907,2024-10-01,35,3,Simulated Ward 17,2024-10-01,20–49
1390,908,2025-11-24,31,3,Simulated Ward 23,2025-11-24,20–49
1391,909,2023-07-15,15,3,Simulated Ward 03,2023-07-15,10–19
1393,910,2025-01-12,259,3,Simulated Ward 20,2025-01-12,100+
1395,911,2025-04-20,292,3,Simulated Ward 19,2025-04-20,100+
1396,912,2025-05-17,32,1,Simulated Ward 15,2025-05-17,20–49
1397,913,2026-06-10,48,3,Simulated Ward 21,2026-06-10,20–49
1398,914,2024-08-15,44,3,Simulated Ward 09,2024-08-15,20–49
1399,915,2024-09-05,20,3,Simulated Ward 09,2024-09-05,20–49
1400,916,2025-12-16,34,3,Simulated Ward 18,2025-12-16,20–49
1401,917,2025-08-14,29,3,Simulated Ward 07,2025-08-14,20–49
1403,918,2025-09-14,48,3,Simulated Ward 07,2025-09-14,20–49
1404,919,2024-09-17,54,3,Simulated Ward 09,2024-09-17,50–99
1406,920,2026-05-06,109,1,Simulated Ward 19,2026-05-06,100+
1407,921,2025-10-20,53,3,Simulated Ward 22,2025-10-20,50–99
1409,922,2026-07-01,74,3,Simulated Ward 21,2026-07-01,50–99
1410,923,2024-10-16,74,3,Simulated Ward 25,2024-10-16,50–99
1412,924,2024-11-04,24,3,Simulated Ward 06,2024-11-04,20–49
1414,925,2026-03-28,40,3,Simulated Ward 22,2026-03-28,20–49
1415,926,2026-03-20,289,3,Simulated Ward 11,2026-03-20,100+
1417,927,2026-07-19,59,3,Simulated Ward 07,2026-07-19,50–99
1418,928,2025-10-05,41,3,Simulated Ward 14,2025-10-05,20–49
1419,929,2024-03-02,108,3,Simulated Ward 15,2024-03-02,100+
1420,930,2026-01-15,177,3,Simulated Ward 10,2026-01-15,100+
1422,931,2026-07-21,261,3,Simulated Ward 17,2026-07-21,100+
1424,932,2026-06-20,31,3,Simulated Ward 08,2026-06-20,20–49
1425,933,2026-06-25,21,3,Simulated Ward 24,2026-06-25,20–49
1426,934,2026-08-05,19,3,Simulated Ward 06,2026-08-05,10–19
1428,935,2025-03-29,44,3,Simulated Ward 24,2025-03-29,20–49
1430,936,2026-05-01,16,2,Simulated Ward 23,2026-05-01,10–19
1431,937,2025-11-25,46,3,Simulated Ward 10,2025-11-25,20–49
1433,938,2026-03-01,76,3,Simulated Ward 13,2026-03-01,50–99
1435,939,2025-02-07,83,3,Simulated Ward 10,2025-02-07,50–99
1438,940,2026-08-26,31,3,Simulated Ward 06,2026-08-26,20–49
1440,941,2025-09-15,26,3,Simulated Ward 15,2025-09-15,20–49
1442,942,2026-02-13,47,3,Simulated Ward 15,2026-02-13,20–49
1443,943,2026-06-29,38,3,Simulated Ward 20,2026-06-29,20–49
1445,944,2024-02-07,716,1,Simulated Ward 04,2024-02-07,100+
1446,945,2024-04-06,244,3,Simulated Ward 06,2024-04-06,100+
1447,946,2023-08-09,51,3,Simulated Ward 04,2023-08-09,50–99
1448,947,2024-07-03,14,3,Simulated Ward 06,2024-07-03,10–19
1449,948,2025-04-29,42,3,Simulated Ward 08,2025-04-29,20–49
1451,949,2025-08-01,21,3,Simulated Ward 17,2025-08-01,20–49
1453,950,2024-06-21,18,3,Simulated Ward 25,2024-06-21,10–19
1455,951,2026-05-01,188,3,Simulated Ward 07,2026-05-01,100+
1457,952,2026-03-18,30,3,Simulated Ward 16,2026-03-18,20–49
1459,953,2024-08-29,66,3,Simulated Ward 13,2024-08-29,50–99
1460,954,2025-10-18,71,3,Simulated Ward 12,2025-10-18,50–99
1463,955,2025-04-27,31,3,Simulated Ward 11,2025-04-27,20–49
1464,956,2024-08-06,184,3,Simulated Ward 18,2024-08-06,100+
1466,957,2024-12-19,42,3,Simulated Ward 10,2024-12-19,20–49
1467,958,2023-07-14,11,3,Simulated Ward 07,2023-07-14,10–19
1468,959,2024-07-02,25,1,Simulated Ward 12,2024-07-02,20–49
1469,960,2026-07-13,201,3,Simulated Ward 25,2026-07-13,100+
1471,961,2026-04-02,48,3,Simulated Ward 01,2026-04-02,20–49
1473,962,2026-05-21,62,1,Simulated Ward 24,2026-05-21,50–99
1475,963,2026-02-27,291,3,Simulated Ward 01,2026-02-27,100+
1476,964,2024-01-24,18,1,Simulated Ward 16,2024-01-24,10–19
1477,965,2026-05-30,151,3,Simulated Ward 18,2026-05-30,100+
1479,966,2025-04-03,49,3,Simulated Ward 04,2025-04-03,20–49
1480,967,2023-12-25,81,3,Simulated Ward 23,2023-12-25,50–99
1482,968,2026-03-08,14,3,Simulated Ward 06,2026-03-08,10–19
1484,969,2025-11-09,31,3,Simulated Ward 23,2025-11-09,20–49
1486,970,2025-06-14,74,2,Simulated Ward 05,2025-06-14,50–99
1487,971,2024-03-14,168,3,Simulated Ward 03,2024-03-14,100+
1488,972,2024-07-07,17,3,Simulated Ward 06,2024-07-07,10–19
1489,973,2026-05-27,248,3,Simulated Ward 04,2026-05-27,100+
1491,974,2024-12-17,131,3,Simulated Ward 03,2024-12-17,100+
1492,975,2024-03-12,93,3,Simulated Ward 25,2024-03-12,50–99
1493,976,2023-12-10,13,3,Simulated Ward 11,2023-12-10,10–19
1494,977,2025-01-30,63,3,Simulated Ward 17,2025-01-30,50–99
1495,978,2025-12-13,19,3,Simulated Ward 21,2025-12-13,10–19
1496,979,2025-11-25,30,3,Simulated Ward 16,2025-11-25,20–49
1497,980,2024-11-25,52,3,Simulated Ward 05,2024-11-25,50–99
1499,981,2025-07-22,16,3,Simulated Ward 10,2025-07-22,10–19
1501,982,2026-03-19,49,3,Simulated Ward 23,2026-03-19,20–49
1503,983,2026-08-16,58,3,Simulated Ward 05,2026-08-16,50–99
1505,984,2026-02-13,380,3,Simulated Ward 15,2026-02-13,100+
1506,985,2026-07-08,12,1,Simulated Ward 20,2026-07-08,10–19
1508,986,2024-05-28,44,3,Simulated Ward 16,2024-05-28,20–49
1509,987,2024-04-27,20,3,Simulated Ward 20,2024-04-27,20–49
1511,988,2026-06-04,129,3,Simulated Ward 12,2026-06-04,100+
1512,989,2023-08-02,144,3,Simulated Ward 21,2023-08-02,100+
1513,990,2024-01-02,202,3,Simulated Ward 01,2024-01-02,100+
1514,991,2025-02-21,85,3,Simulated Ward 20,2025-02-21,50–99
1516,992,2026-08-12,124,3,Simulated Ward 12,2026-08-12,100+
1518,993,2025-02-07,72,3,Simulated Ward 03,2025-02-07,50–99
1520,994,2025-09-21,772,3,Simulated Ward 17,2025-09-21,100+
1522,995,2025-08-08,14,3,Simulated Ward 19,2025-08-08,10–19
1523,996,2026-08-13,154,3,Simulated Ward 03,2026-08-13,100+
1525,997,2026-07-23,39,3,Simulated Ward 24,2026-07-23,20–49
1526,998,2025-12-17,388,3,Simulated Ward 21,2025-12-17,100+
1528,999,2025-04-07,33,3,Simulated Ward 25,2025-04-07,20–49
1529,1000,2023-11-29,14,3,Simulated Ward 12,2023-11-29,10–19
1530,1001,2023-07-05,23,3,Simulated Ward 17,2023-07-05,20–49
1531,1002,2025-08-02,438,3,Simulated Ward 24,2025-08-02,100+
1533,1003,2026-01-07,35,3,Simulated Ward 06,2026-01-07,20–49
1535,1004,2023-10-15,394,3,Simulated Ward 05,2023-10-15,100+
1537,1005,2024-08-01,382,3,Simulated Ward 06,2024-08-01,100+
1538,1006,2025-07-15,227,3,Simulated Ward 17,2025-07-15,100+
1539,1007,2024-02-28,18,3,Simulated Ward 23,2024-02-28,10–19
1540,1008,2025-11-14,49,3,Simulated Ward 21,2025-11-14,20–49
1541,1009,2024-07-22,27,3,Simulated Ward 02,2024-07-22,20–49
1542,1010,2024-09-12,163,3,Simulated Ward 13,2024-09-12,100+
1543,1011,2024-08-26,26,3,Simulated Ward 02,2024-08-26,20–49
1545,1012,2024-09-25,16,3,Simulated Ward 11,2024-09-25,10–19
1547,1013,2025-01-27,358,3,Simulated Ward 07,2025-01-27,100+
1548,1014,2026-07-25,14,3,Simulated Ward 20,2026-07-25,10–19
1550,1015,2025-02-19,38,3,Simulated Ward 12,2025-02-19,20–49
1552,1016,2024-03-23,357,1,Simulated Ward 23,2024-03-23,100+
1554,1017,2025-12-03,75,3,Simulated Ward 16,2025-12-03,50–99
1555,1018,2026-07-26,53,3,Simulated Ward 10,2026-07-26,50–99
1556,1019,2026-07-02,71,3,Simulated Ward 03,2026-07-02,50–99
1558,1020,2026-07-28,10,3,Simulated Ward 20,2026-07-28,10–19
1560,1021,2026-07-31,18,3,Simulated Ward 02,2026-07-31,10–19
1561,1022,2026-05-27,63,3,Simulated Ward 15,2026-05-27,50–99
1563,1023,2026-02-22,111,3,Simulated Ward 18,2026-02-22,100+
1564,1024,2024-11-01,169,3,Simulated Ward 09,2024-11-01,100+
1565,1025,2024-03-16,107,3,Simulated Ward 14,2024-03-16,100+
1567,1026,2026-03-15,16,3,Simulated Ward 22,2026-03-15,10–19
1569,1027,2024-05-01,169,3,Simulated Ward 22,2024-05-01,100+
1570,1028,2026-01-13,28,3,Simulated Ward 11,2026-01-13,20–49
1571,1029,2023-12-22,19,3,Simulated Ward 07,2023-12-22,10–19
1573,1030,2025-09-16,348,3,Simulated Ward 20,2025-09-16,100+
1574,1031,2025-02-23,135,3,Simulated Ward 24,2025-02-23,100+
1575,1032,2024-10-30,196,3,Simulated Ward 11,2024-10-30,100+
1577,1033,2025-07-21,64,3,Simulated Ward 15,2025-07-21,50–99
1579,1034,2024-07-07,27,1,Simulated Ward 13,2024-07-07,20–49
1581,1035,2026-07-09,16,0,Simulated Ward 19,2026-07-09,10–19
1582,1036,2025-07-09,11,3,Simulated Ward 01,2025-07-09,10–19
1584,1037,2026-01-06,109,3,Simulated Ward 18,2026-01-06,100+
1586,1038,2026-02-27,47,3,Simulated Ward 03,2026-02-27,20–49
1587,1039,2025-09-21,13,3,Simulated Ward 02,2025-09-21,10–19
1589,1040,2025-08-08,16,3,Simulated Ward 14,2025-08-08,10–19
1590,1041,2024-03-21,120,3,Simulated Ward 17,2024-03-21,100+
1592,1042,2026-09-20,39,3,Simulated Ward 14,2026-09-20,20–49
1594,1043,2025-12-15,119,1,Simulated Ward 08,2025-12-15,100+
1596,1044,2026-09-19,153,3,Simulated Ward 03,2026-09-19,100+
1598,1045,2026-02-06,30,3,Simulated Ward 17,2026-02-06,20–49
1600,1046,2024-05-09,17,3,Simulated Ward 11,2024-05-09,10–19
1601,1047,2025-05-21,41,1,Simulated Ward 06,2025-05-21,20–49
1603,1048,2025-03-01,45,3,Simulated Ward 03,2025-03-01,20–49
1605,1049,2023-12-25,45,1,Simulated Ward 25,2023-12-25,20–49
1606,1050,2025-07-09,17,3,Simulated Ward 15,2025-07-09,10–19
1607,1051,2025-05-27,19,3,Simulated Ward 11,2025-05-27,10–19
1609,1052,2025-02-22,25,3,Simulated Ward 11,2025-02-22,20–49
1610,1053,2024-01-21,18,3,Simulated Ward 02,2024-01-21,10–19
1611,1054,2024-09-12,10,3,Simulated Ward 02,2024-09-12,10–19
1612,1055,2026-08-01,235,3,Simulated Ward 01,2026-08-01,100+
1614,1056,2026-06-22,135,3,Simulated Ward 13,2026-06-22,100+
1616,1057,2026-04-30,306,3,Simulated Ward 06,2026-04-30,100+
1617,1058,2024-04-09,48,3,Simulated Ward 06,2024-04-09,20–49
1619,1059,2023-11-03,41,1,Simulated Ward 20,2023-11-03,20–49
1620,1060,2024-01-26,34,0,Simulated Ward 07,2024-01-26,20–49
1622,1061,2025-01-10,81,3,Simulated Ward 22,2025-01-10,50–99
1624,1062,2025-03-12,57,3,Simulated Ward 02,2025-03-12,50–99
1625,1063,2023-06-10,34,3,Simulated Ward 19,2023-06-10,20–49
1627,1064,2024-11-27,38,3,Simulated Ward 25,2024-11-27,20–49
1630,1065,2026-04-30,19,3,Simulated Ward 22,2026-04-30,10–19
1631,1066,2024-06-06,18,3,Simulated Ward 20,2024-06-06,10–19
1632,1067,2024-11-28,11,3,Simulated Ward 11,2024-11-28,10–19
1634,1068,2025-06-09,42,3,Simulated Ward 16,2025-06-09,20–49
1636,1069,2026-07-12,37,3,Simulated Ward 20,2026-07-12,20–49
1638,1070,2024-12-08,88,3,Simulated Ward 17,2024-12-08,50–99
1639,1071,2024-05-21,38,3,Simulated Ward 20,2024-05-21,20–49
1640,1072,2024-06-01,181,3,Simulated Ward 13,2024-06-01,100+
1641,1073,2026-09-11,117,1,Simulated Ward 08,2026-09-11,100+
1642,1074,2023-09-06,24,3,Simulated Ward 25,2023-09-06,20–49
1643,1075,2024-12-23,128,3,Simulated Ward 13,2024-12-23,100+
1645,1076,2026-09-01,127,3,Simulated Ward 24,2026-09-01,100+
1647,1077,2025-01-15,11,3,Simulated Ward 08,2025-01-15,10–19
1650,1078,2025-04-11,166,3,Simulated Ward 13,2025-04-11,100+
1651,1079,2023-10-10,39,3,Simulated Ward 12,2023-10-10,20–49
1653,1080,2025-03-07,35,3,Simulated Ward 14,2025-03-07,20–49
1654,1081,2026-08-01,47,3,Simulated Ward 19,2026-08-01,20–49
1655,1082,2025-05-24,171,3,Simulated Ward 25,2025-05-24,100+
1657,1083,2026-08-17,33,3,Simulated Ward 19,2026-08-17,20–49
1659,1084,2026-03-18,18,1,Simulated Ward 09,2026-03-18,10–19
1660,1085,2025-12-19,33,3,Simulated Ward 14,2025-12-19,20–49
1661,1086,2024-06-22,44,3,Simulated Ward 02,2024-06-22,20–49
1662,1087,2024-01-19,69,3,Simulated Ward 03,2024-01-19,50–99
1663,1088,2025-02-02,41,1,Simulated Ward 16,2025-02-02,20–49
1664,1089,2026-05-24,63,3,Simulated Ward 20,2026-05-24,50–99
1666,1090,2025-12-02,28,3,Simulated Ward 10,2025-12-02,20–49
1668,1091,2025-12-29,280,3,Simulated Ward 12,2025-12-29,100+
1669,1092,2024-03-18,86,3,Simulated Ward 16,2024-03-18,50–99
1671,1093,2025-09-27,42,3,Simulated Ward 14,2025-09-27,20–49
1672,1094,2024-03-09,14,1,Simulated Ward 24,2024-03-09,10–19
1674,1095,2025-12-06,46,3,Simulated Ward 12,2025-12-06,20–49
1676,1096,2025-10-20,87,3,Simulated Ward 07,2025-10-20,50–99
1678,1097,2025-11-26,11,3,Simulated Ward 06,2025-11-26,10–19
1680,1098,2024-11-09,93,3,Simulated Ward 14,2024-11-09,50–99
1682,1099,2026-06-07,112,3,Simulated Ward 24,2026-06-07,100+
1684,1100,2026-02-10,336,3,Simulated Ward 17,2026-02-10,100+
1686,1101,2023-09-08,133,3,Simulated Ward 20,2023-09-08,100+
1688,1102,2025-06-29,34,3,Simulated Ward 02,2025-06-29,20–49
1690,1103,2026-06-20,150,3,Simulated Ward 17,2026-06-20,100+
1691,1104,2023-08-19,265,3,Simulated Ward 20,2023-08-19,100+
1692,1105,2025-01-02,43,3,Simulated Ward 13,2025-01-02,20–49
1693,1106,2023-07-23,35,3,Simulated Ward 19,2023-07-23,20–49
1695,1107,2025-06-09,89,1,Simulated Ward 17,2025-06-09,50–99
1696,1108,2025-05-06,205,3,Simulated Ward 21,2025-05-06,100+
1698,1109,2024-01-18,14,3,Simulated Ward 04,2024-01-18,10–19
1701,1110,2025-11-04,20,3,Simulated Ward 03,2025-11-04,20–49
1703,1111,2025-12-25,162,3,Simulated Ward 23,2025-12-25,100+
1704,1112,2026-01-20,199,3,Simulated Ward 01,2026-01-20,100+
1705,1113,2025-07-29,36,3,Simulated Ward 02,2025-07-29,20–49
1707,1114,2026-01-28,47,3,Simulated Ward 14,2026-01-28,20–49
1709,1115,2025-07-23,90,3,Simulated Ward 14,2025-07-23,50–99
1710,1116,2026-06-09,344,3,Simulated Ward 03,2026-06-09,100+
1712,1117,2026-06-11,34,3,Simulated Ward 04,2026-06-11,20–49
1714,1118,2025-08-07,45,3,Simulated Ward 03,2025-08-07,20–49
1715,1119,2023-10-29,19,3,Simulated Ward 19,2023-10-29,10–19
1717,1120,2025-05-06,15,3,Simulated Ward 22,2025-05-06,10–19
1719,1121,2025-06-03,51,3,Simulated Ward 03,2025-06-03,50–99
1720,1122,2026-05-10,30,3,Simulated Ward 03,2026-05-10,20–49
1721,1123,2024-09-20,16,3,Simulated Ward 11,2024-09-20,10–19
1722,1124,2024-10-30,47,3,Simulated Ward 05,2024-10-30,20–49
1724,1125,2025-05-30,46,3,Simulated Ward 18,2025-05-30,20–49
1725,1126,2024-09-13,10,3,Simulated Ward 17,2024-09-13,10–19
1727,1127,2026-03-03,57,3,Simulated Ward 25,2026-03-03,50–99
1728,1128,2024-11-15,61,1,Simulated Ward 18,2024-11-15,50–99
1729,1129,2024-07-31,286,3,Simulated Ward 06,2024-07-31,100+
1730,1130,2023-08-27,148,3,Simulated Ward 16,2023-08-27,100+
1731,1131,2026-06-10,16,3,Simulated Ward 03,2026-06-10,10–19
1733,1132,2025-09-30,52,3,Simulated Ward 13,2025-09-30,50–99
1734,1133,2026-06-24,48,3,Simulated Ward 17,2026-06-24,20–49
1736,1134,2026-09-15,307,3,Simulated Ward 19,2026-09-15,100+
1738,1135,2024-09-15,263,3,Simulated Ward 13,2024-09-15,100+
1740,1136,2026-05-14,89,3,Simulated Ward 01,2026-05-14,50–99
1741,1137,2025-03-20,10,3,Simulated Ward 19,2025-03-20,10–19
1743,1138,2026-02-08,95,2,Simulated Ward 08,2026-02-08,50–99
1745,1139,2025-11-25,12,3,Simulated Ward 16,2025-11-25,10–19
1746,1140,2024-09-12,91,3,Simulated Ward 13,2024-09-12,50–99
1747,1141,2023-08-12,270,3,Simulated Ward 13,2023-08-12,100+
1749,1142,2026-05-04,350,3,Simulated Ward 11,2026-05-04,100+
1751,1143,2024-11-01,11,0,Simulated Ward 09,2024-11-01,10–19
1753,1144,2025-01-09,28,3,Simulated Ward 11,2025-01-09,20–49
1754,1145,2025-06-29,345,3,Simulated Ward 12,2025-06-29,100+
1755,1146,2024-05-05,70,3,Simulated Ward 04,2024-05-05,50–99
1756,1147,2024-12-11,16,3,Simulated Ward 03,2024-12-11,10–19
1757,1148,2025-07-23,257,1,Simulated Ward 06,2025-07-23,100+
1760,1149,2026-08-05,16,3,Simulated Ward 02,2026-08-05,10–19
1762,1150,2025-12-31,175,3,Simulated Ward 12,2025-12-31,100+
1763,1151,2026-04-02,76,3,Simulated Ward 08,2026-04-02,50–99
1764,1152,2026-01-06,143,3,Simulated Ward 09,2026-01-06,100+
1766,1153,2024-04-11,14,3,Simulated Ward 23,2024-04-11,10–19
1768,1154,2025-05-29,203,3,Simulated Ward 04,2025-05-29,100+
1769,1155,2024-12-29,93,3,Simulated Ward 15,2024-12-29,50–99
1770,1156,2025-12-31,502,3,Simulated Ward 12,2025-12-31,100+
1771,1157,2024-08-13,28,3,Simulated Ward 10,2024-08-13,20–49
1772,1158,2026-03-06,14,3,Simulated Ward 10,2026-03-06,10–19
1773,1159,2023-11-09,155,3,Simulated Ward 09,2023-11-09,100+
1775,1160,2024-09-25,113,3,Simulated Ward 06,2024-09-25,100+
1776,1161,2024-01-12,20,3,Simulated Ward 05,2024-01-12,20–49
1777,1162,2024-12-12,11,3,Simulated Ward 08,2024-12-12,10–19
1778,1163,2024-01-26,30,3,Simulated Ward 19,2024-01-26,20–49
1779,1164,2026-08-15,88,3,Simulated Ward 05,2026-08-15,50–99
1781,1165,2025-03-13,20,3,Simulated Ward 10,2025-03-13,20–49
1783,1166,2026-07-15,85,3,Simulated Ward 15,2026-07-15,50–99
1785,1167,2026-03-14,52,3,Simulated Ward 04,2026-03-14,50–99
1787,1168,2024-05-11,59,3,Simulated Ward 14,2024-05-11,50–99
1788,1169,2026-02-23,320,3,Simulated Ward 25,2026-02-23,100+
1790,1170,2024-09-17,262,3,Simulated Ward 24,2024-09-17,100+
1791,1171,2025-12-23,24,3,Simulated Ward 17,2025-12-23,20–49
1792,1172,2024-01-31,51,3,Simulated Ward 17,2024-01-31,50–99
1793,1173,2026-07-01,84,3,Simulated Ward 13,2026-07-01,50–99
1796,1174,2025-03-06,12,3,Simulated Ward 16,2025-03-06,10–19
1798,1175,2025-12-06,73,0,Simulated Ward 08,2025-12-06,50–99
1800,1176,2025-09-16,166,1,Simulated Ward 18,2025-09-16,100+
1801,1177,2025-10-05,19,3,Simulated Ward 08,2025-10-05,10–19
1802,1178,2023-07-30,11,3,Simulated Ward 08,2023-07-30,10–19
1803,1179,2026-07-09,14,3,Simulated Ward 02,2026-07-09,10–19
1805,1180,2024-06-20,28,3,Simulated Ward 13,2024-06-20,20–49
1806,1181,2025-10-20,40,3,Simulated Ward 07,2025-10-20,20–49
1807,1182,2023-08-15,178,3,Simulated Ward 23,2023-08-15,100+
1809,1183,2026-08-05,90,3,Simulated Ward 22,2026-08-05,50–99
1811,1184,2026-02-16,45,3,Simulated Ward 19,2026-02-16,20–49
1813,1185,2026-07-10,86,3,Simulated Ward 15,2026-07-10,50–99
1815,1186,2025-11-09,84,3,Simulated Ward 06,2025-11-09,50–99
1816,1187,2023-11-22,28,3,Simulated Ward 21,2023-11-22,20–49
1817,1188,2026-06-12,24,3,Simulated Ward 14,2026-06-12,20–49
1818,1189,2025-01-24,27,3,Simulated Ward 15,2025-01-24,20–49
1819,1190,2026-06-20,99,3,Simulated Ward 05,2026-06-20,50–99
1820,1191,2023-09-28,36,3,Simulated Ward 12,2023-09-28,20–49
1821,1192,2026-09-12,22,3,Simulated Ward 09,2026-09-12,20–49
1824,1193,2026-05-30,39,3,Simulated Ward 18,2026-05-30,20–49
1827,1194,2025-08-22,112,3,Simulated Ward 24,2025-08-22,100+
1828,1195,2026-05-21,43,3,Simulated Ward 07,2026-05-21,20–49
1829,1196,2025-01-11,132,3,Simulated Ward 18,2025-01-11,100+
1831,1197,2025-02-15,148,3,Simulated Ward 20,2025-02-15,100+
1833,1198,2025-04-17,37,3,Simulated Ward 20,2025-04-17,20–49
1835,1199,2023-12-22,19,1,Simulated Ward 05,2023-12-22,10–19
1837,1200,2025-02-27,33,3,Simulated Ward 04,2025-02-27,20–49
1839,1201,2025-06-10,146,3,Simulated Ward 16,2025-06-10,100+
1840,1202,2024-04-16,29,1,Simulated Ward 09,2024-04-16,20–49
1842,1203,2025-09-11,43,1,Simulated Ward 12,2025-09-11,20–49
1844,1204,2026-06-10,71,3,Simulated Ward 22,2026-06-10,50–99
1846,1205,2024-05-07,379,3,Simulated Ward 25,2024-05-07,100+
1847,1206,2025-03-19,11,3,Simulated Ward 23,2025-03-19,10–19
1849,1207,2026-01-06,45,3,Simulated Ward 23,2026-01-06,20–49
1852,1208,2025-05-25,133,1,Simulated Ward 24,2025-05-25,100+
1853,1209,2026-03-24,53,3,Simulated Ward 02,2026-03-24,50–99
1855,1210,2026-07-20,30,3,Simulated Ward 24,2026-07-20,20–49
1856,1211,2026-04-02,19,3,Simulated Ward 01,2026-04-02,10–19
1858,1212,2025-03-24,34,3,Simulated Ward 11,2025-03-24,20–49
1860,1213,2023-12-18,217,3,Simulated Ward 15,2023-12-18,100+
1861,1214,2024-07-19,59,3,Simulated Ward 10,2024-07-19,50–99
1863,1215,2026-04-23,357,3,Simulated Ward 04,2026-04-23,100+
1864,1216,2023-09-13,137,3,Simulated Ward 04,2023-09-13,100+
1865,1217,2024-06-18,70,3,Simulated Ward 12,2024-06-18,50–99
1866,1218,2023-08-11,360,0,Simulated Ward 09,2023-08-11,100+
1868,1219,2025-08-23,131,3,Simulated Ward 01,2025-08-23,100+
1870,1220,2025-03-13,29,3,Simulated Ward 04,2025-03-13,20–49
1871,1221,2025-08-17,18,3,Simulated Ward 06,2025-08-17,10–19
1873,1222,2025-05-26,170,3,Simulated Ward 01,2025-05-26,100+
1874,1223,2026-07-20,54,3,Simulated Ward 05,2026-07-20,50–99
1876,1224,2026-09-09,29,3,Simulated Ward 02,2026-09-09,20–49
1878,1225,2025-11-15,130,3,Simulated Ward 16,2025-11-15,100+
1880,1226,2026-01-23,18,1,Simulated Ward 24,2026-01-23,10–19
1882,1227,2025-12-10,15,2,Simulated Ward 15,2025-12-10,10–19
1884,1228,2026-01-10,10,3,Simulated Ward 09,2026-01-10,10–19
1886,1229,2025-10-16,72,1,Simulated Ward 01,2025-10-16,50–99
1887,1230,2025-05-14,11,3,Simulated Ward 01,2025-05-14,10–19
1888,1231,2023-06-07,95,3,Simulated Ward 06,2023-06-07,50–99
1889,1232,2024-12-22,95,3,Simulated Ward 11,2024-12-22,50–99
1890,1233,2025-03-07,83,3,Simulated Ward 18,2025-03-07,50–99
1891,1234,2025-04-15,399,1,Simulated Ward 22,2025-04-15,100+
1893,1235,2026-01-19,42,3,Simulated Ward 12,2026-01-19,20–49
1894,1236,2023-11-04,10,3,Simulated Ward 09,2023-11-04,10–19
1896,1237,2025-07-05,35,3,Simulated Ward 25,2025-07-05,20–49
1897,1238,2025-02-06,69,3,Simulated Ward 14,2025-02-06,50–99
1898,1239,2023-10-09,276,3,Simulated Ward 10,2023-10-09,100+
1899,1240,2024-02-13,132,3,Simulated Ward 24,2024-02-13,100+
1900,1241,2026-07-23,16,3,Simulated Ward 05,2026-07-23,10–19
1902,1242,2025-12-28,309,1,Simulated Ward 03,2025-12-28,100+
1904,1243,2026-03-16,329,3,Simulated Ward 22,2026-03-16,100+
1905,1244,2025-12-08,282,3,Simulated Ward 16,2025-12-08,100+
1907,1245,2026-09-05,45,3,Simulated Ward 04,2026-09-05,20–49
1908,1246,2023-12-24,29,3,Simulated Ward 14,2023-12-24,20–49
1909,1247,2025-10-15,64,3,Simulated Ward 07,2025-10-15,50–99
1912,1248,2026-06-24,186,3,Simulated Ward 21,2026-06-24,100+
1915,1249,2025-08-23,91,3,Simulated Ward 25,2025-08-23,50–99
1917,1250,2025-12-20,36,3,Simulated Ward 09,2025-12-20,20–49
1919,1251,2025-10-26,36,3,Simulated Ward 07,2025-10-26,20–49
1920,1252,2026-03-12,45,3,Simulated Ward 20,2026-03-12,20–49
1922,1253,2024-11-12,28,3,Simulated Ward 24,2024-11-12,20–49
1923,1254,2023-09-02,287,3,Simulated Ward 24,2023-09-02,100+
1924,1255,2024-04-01,19,3,Simulated Ward 01,2024-04-01,10–19
1926,1256,2026-01-30,25,3,Simulated Ward 20,2026-01-30,20–49
1928,1257,2026-06-23,155,3,Simulated Ward 06,2026-06-23,100+
1930,1258,2025-01-29,277,3,Simulated Ward 20,2025-01-29,100+
1931,1259,2025-02-14,155,3,Simulated Ward 17,2025-02-14,100+
1932,1260,2026-08-02,23,3,Simulated Ward 17,2026-08-02,20–49
1933,1261,2026-05-15,60,3,Simulated Ward 24,2026-05-15,50–99
1934,1262,2023-08-06,159,3,Simulated Ward 15,2023-08-06,100+
1936,1263,2025-10-20,44,3,Simulated Ward 17,2025-10-20,20–49
1938,1264,2025-02-22,180,3,Simulated Ward 11,2025-02-22,100+
1939,1265,2026-07-04,82,3,Simulated Ward 16,2026-07-04,50–99
1941,1266,2025-08-03,36,3,Simulated Ward 14,2025-08-03,20–49
1943,1267,2026-04-15,18,3,Simulated Ward 07,2026-04-15,10–19
1944,1268,2025-02-04,49,3,Simulated Ward 17,2025-02-04,20–49
1945,1269,2024-02-09,10,3,Simulated Ward 18,2024-02-09,10–19
1946,1270,2024-09-15,103,3,Simulated Ward 14,2024-09-15,100+
1948,1271,2026-05-28,32,3,Simulated Ward 01,2026-05-28,20–49
1949,1272,2025-09-06,45,3,Simulated Ward 10,2025-09-06,20–49
1951,1273,2026-04-05,44,3,Simulated Ward 14,2026-04-05,20–49
1952,1274,2025-02-23,86,3,Simulated Ward 15,2025-02-23,50–99
1954,1275,2026-05-28,11,1,Simulated Ward 11,2026-05-28,10–19
1955,1276,2024-04-13,336,3,Simulated Ward 03,2024-04-13,100+
1956,1277,2025-03-06,392,3,Simulated Ward 22,2025-03-06,100+
1957,1278,2026-09-17,15,3,Simulated Ward 13,2026-09-17,10–19
1958,1279,2023-12-09,13,3,Simulated Ward 03,2023-12-09,10–19
1959,1280,2026-03-30,66,3,Simulated Ward 03,2026-03-30,50–99
1961,1281,2025-08-08,29,3,Simulated Ward 18,2025-08-08,20–49
1963,1282,2025-11-12,69,3,Simulated Ward 10,2025-11-12,50–99
1964,1283,2023-09-14,75,3,Simulated Ward 20,2023-09-14,50–99
1965,1284,2025-02-09,134,1,Simulated Ward 13,2025-02-09,100+
1967,1285,2026-08-15,31,3,Simulated Ward 03,2026-08-15,20–49
1969,1286,2025-11-05,21,3,Simulated Ward 09,2025-11-05,20–49
1971,1287,2025-08-29,78,3,Simulated Ward 18,2025-08-29,50–99
1972,1288,2025-07-14,32,3,Simulated Ward 04,2025-07-14,20–49
1973,1289,2023-11-24,135,3,Simulated Ward 12,2023-11-24,100+
1975,1290,2026-05-12,114,3,Simulated Ward 05,2026-05-12,100+
1976,1291,2025-01-29,140,2,Simulated Ward 16,2025-01-29,100+
1977,1292,2024-10-18,162,3,Simulated Ward 18,2024-10-18,100+
1978,1293,2024-08-25,10,3,Simulated Ward 11,2024-08-25,10–19
1979,1294,2025-03-19,67,3,Simulated Ward 07,2025-03-19,50–99
1981,1295,2025-03-05,18,3,Simulated Ward 15,2025-03-05,10–19
1982,1296,2024-09-06,131,3,Simulated Ward 13,2024-09-06,100+
1984,1297,2025-11-18,208,3,Simulated Ward 23,2025-11-18,100+
1985,1298,2024-05-26,281,3,Simulated Ward 08,2024-05-26,100+
1986,1299,2026-08-07,17,2,Simulated Ward 03,2026-08-07,10–19
1987,1300,2024-03-03,161,3,Simulated Ward 05,2024-03-03,100+
1989,1301,2024-11-26,58,3,Simulated Ward 21,2024-11-26,50–99
1990,1302,2023-08-10,80,3,Simulated Ward 16,2023-08-10,50–99
1992,1303,2025-11-14,227,3,Simulated Ward 04,2025-11-14,100+
1994,1304,2024-01-23,137,3,Simulated Ward 18,2024-01-23,100+
1995,1305,2025-07-01,333,3,Simulated Ward 22,2025-07-01,100+
1997,1306,2026-07-14,29,3,Simulated Ward 21,2026-07-14,20–49
1999,1307,2025-03-26,62,3,Simulated Ward 15,2025-03-26,50–99
2001,1308,2025-05-21,310,3,Simulated Ward 12,2025-05-21,100+
2002,1309,2025-07-20,69,3,Simulated Ward 23,2025-07-20,50–99
2003,1310,2024-10-26,12,3,Simulated Ward 19,2024-10-26,10–19
2004,1311,2026-07-17,42,3,Simulated Ward 03,2026-07-17,20–49
2007,1312,2026-05-02,30,3,Simulated Ward 22,2026-05-02,20–49
2008,1313,2024-08-02,14,3,Simulated Ward 10,2024-08-02,10–19
2010,1314,2026-08-09,283,3,Simulated Ward 14,2026-08-09,100+
2011,1315,2025-10-24,112,3,Simulated Ward 05,2025-10-24,100+
2013,1316,2026-04-02,218,3,Simulated Ward 06,2026-04-02,100+
2015,1317,2024-10-25,281,3,Simulated Ward 01,2024-10-25,100+
2016,1318,2023-08-26,176,3,Simulated Ward 20,2023-08-26,100+
2018,1319,2026-01-06,50,3,Simulated Ward 01,2026-01-06,50–99
2019,1320,2025-03-04,266,3,Simulated Ward 10,2025-03-04,100+
2020,1321,2024-09-23,172,0,Simulated Ward 12,2024-09-23,100+
2021,1322,2026-05-13,18,3,Simulated Ward 04,2026-05-13,10–19
2022,1323,2026-04-24,17,3,Simulated Ward 18,2026-04-24,10–19
2023,1324,2024-09-04,310,3,Simulated Ward 13,2024-09-04,100+
2024,1325,2023-08-29,376,3,Simulated Ward 07,2023-08-29,100+
2026,1326,2024-08-05,17,3,Simulated Ward 11,2024-08-05,10–19
2027,1327,2023-10-27,34,3,Simulated Ward 21,2023-10-27,20–49
2028,1328,2025-04-23,54,3,Simulated Ward 21,2025-04-23,50–99
2030,1329,2026-02-24,11,3,Simulated Ward 08,2026-02-24,10–19
2032,1330,2026-06-08,15,3,Simulated Ward 08,2026-06-08,10–19
2034,1331,2025-05-03,73,3,Simulated Ward 01,2025-05-03,50–99
2035,1332,2024-09-20,49,3,Simulated Ward 06,2024-09-20,20–49
2037,1333,2026-07-10,65,1,Simulated Ward 19,2026-07-10,50–99
2038,1334,2024-01-11,115,3,Simulated Ward 19,2024-01-11,100+
2040,1335,2025-06-11,250,3,Simulated Ward 25,2025-06-11,100+
2042,1336,2025-07-29,139,3,Simulated Ward 11,2025-07-29,100+
2043,1337,2024-12-20,38,3,Simulated Ward 14,2024-12-20,20–49
2045,1338,2024-10-04,87,3,Simulated Ward 23,2024-10-04,50–99
2047,1339,2026-04-09,132,3,Simulated Ward 11,2026-04-09,100+
2049,1340,2024-07-12,25,1,Simulated Ward 22,2024-07-12,20–49
2051,1341,2026-01-25,12,3,Simulated Ward 09,2026-01-25,10–19
2054,1342,2026-07-26,15,3,Simulated Ward 18,2026-07-26,10–19
2055,1343,2024-04-07,312,3,Simulated Ward 25,2024-04-07,100+
2057,1344,2026-09-12,18,3,Simulated Ward 15,2026-09-12,10–19
2058,1345,2024-02-05,44,1,Simulated Ward 08,2024-02-05,20–49
2060,1346,2024-08-14,22,3,Simulated Ward 20,2024-08-14,20–49
2061,1347,2026-06-11,43,3,Simulated Ward 13,2026-06-11,20–49
2063,1348,2026-06-17,110,3,Simulated Ward 04,2026-06-17,100+
2064,1349,2024-02-29,12,3,Simulated Ward 17,2024-02-29,10–19
2065,1350,2024-12-31,13,3,Simulated Ward 16,2024-12-31,10–19
2066,1351,2023-11-27,44,3,Simulated Ward 04,2023-11-27,20–49
2068,1352,2025-04-22,16,1,Simulated Ward 18,2025-04-22,10–19
2070,1353,2026-05-01,500,3,Simulated Ward 20,2026-05-01,100+
2071,1354,2024-02-13,13,3,Simulated Ward 02,2024-02-13,10–19
2072,1355,2025-07-11,65,1,Simulated Ward 07,2025-07-11,50–99
2073,1356,2025-12-16,234,3,Simulated Ward 03,2025-12-16,100+
2074,1357,2025-04-14,312,3,Simulated Ward 10,2025-04-14,100+
2076,1358,2024-12-09,35,3,Simulated Ward 22,2024-12-09,20–49
2077,1359,2025-01-15,214,1,Simulated Ward 20,2025-01-15,100+
2078,1360,2025-02-15,194,3,Simulated Ward 21,2025-02-15,100+
2080,1361,2026-09-01,156,3,Simulated Ward 11,2026-09-01,100+
2081,1362,2024-09-07,20,3,Simulated Ward 17,2024-09-07,20–49
2082,1363,2023-12-29,107,3,Simulated Ward 04,2023-12-29,100+
2084,1364,2024-06-11,350,3,Simulated Ward 01,2024-06-11,100+
2085,1365,2025-06-15,21,2,Simulated Ward 12,2025-06-15,20–49
2087,1366,2026-09-13,28,3,Simulated Ward 07,2026-09-13,20–49
2088,1367,2025-01-04,293,3,Simulated Ward 23,2025-01-04,100+
2089,1368,2024-03-31,349,3,Simulated Ward 25,2024-03-31,100+
2090,1369,2026-03-13,26,3,Simulated Ward 14,2026-03-13,20–49
2092,1370,2025-10-11,51,3,Simulated Ward 02,2025-10-11,50–99
2094,1371,2023-11-07,210,3,Simulated Ward 04,2023-11-07,100+
2095,1372,2023-06-07,43,3,Simulated Ward 22,2023-06-07,20–49
2096,1373,2024-08-09,188,3,Simulated Ward 06,2024-08-09,100+
2097,1374,2025-03-17,10,3,Simulated Ward 18,2025-03-17,10–19
2099,1375,2026-09-07,12,3,Simulated Ward 08,2026-09-07,10–19
2101,1376,2024-07-13,40,3,Simulated Ward 24,2024-07-13,20–49
2103,1377,2024-10-28,49,3,Simulated Ward 19,2024-10-28,20–49
2105,1378,2025-09-30,114,3,Simulated Ward 25,2025-09-30,100+
2106,1379,2024-04-24,234,3,Simulated Ward 06,2024-04-24,100+
2108,1380,2026-02-12,376,3,Simulated Ward 09,2026-02-12,100+
2109,1381,2023-06-13,11,3,Simulated Ward 07,2023-06-13,10–19
2110,1382,2025-04-12,51,3,Simulated Ward 22,2025-04-12,50–99
2112,1383,2026-03-29,18,3,Simulated Ward 11,2026-03-29,10–19
2114,1384,2025-02-27,56,3,Simulated Ward 06,2025-02-27,50–99
2116,1385,2025-12-22,162,3,Simulated Ward 05,2025-12-22,100+
2117,1386,2023-11-10,46,1,Simulated Ward 09,2023-11-10,20–49
2119,1387,2026-06-17,18,1,Simulated Ward 19,2026-06-17,10–19
2120,1388,2024-07-19,12,3,Simulated Ward 07,2024-07-19,10–19
2122,1389,2023-10-15,104,2,Simulated Ward 06,2023-10-15,100+
2123,1390,2025-03-17,341,3,Simulated Ward 06,2025-03-17,100+
2125,1391,2026-03-11,44,3,Simulated Ward 22,2026-03-11,20–49
2127,1392,2024-10-21,52,3,Simulated Ward 06,2024-10-21,50–99
2128,1393,2024-01-27,27,3,Simulated Ward 16,2024-01-27,20–49
2129,1394,2024-03-13,16,3,Simulated Ward 22,2024-03-13,10–19
2131,1395,2025-02-15,15,3,Simulated Ward 19,2025-02-15,10–19
2133,1396,2024-06-24,22,3,Simulated Ward 21,2024-06-24,20–49
2135,1397,2026-04-12,41,3,Simulated Ward 04,2026-04-12,20–49
2136,1398,2025-10-16,27,3,Simulated Ward 11,2025-10-16,20–49
2137,1399,2024-06-27,94,3,Simulated Ward 03,2024-06-27,50–99
2139,1400,2024-01-03,15,3,Simulated Ward 11,2024-01-03,10–19
2140,1401,2025-05-16,11,3,Simulated Ward 10,2025-05-16,10–19
2141,1402,2024-07-08,21,3,Simulated Ward 20,2024-07-08,20–49
2143,1403,2026-07-15,330,3,Simulated Ward 23,2026-07-15,100+
2145,1404,2026-01-26,13,3,Simulated Ward 01,2026-01-26,10–19
2146,1405,2024-08-28,49,3,Simulated Ward 18,2024-08-28,20–49
2147,1406,2025-03-24,111,3,Simulated Ward 20,2025-03-24,100+
2150,1407,2026-03-02,38,3,Simulated Ward 17,2026-03-02,20–49
2151,1408,2025-03-09,312,3,Simulated Ward 14,2025-03-09,100+
2152,1409,2024-02-14,61,1,Simulated Ward 15,2024-02-14,50–99
2154,1410,2024-08-01,66,3,Simulated Ward 16,2024-08-01,50–99
2155,1411,2026-06-08,221,3,Simulated Ward 12,2026-06-08,100+
2157,1412,2024-10-12,132,3,Simulated Ward 19,2024-10-12,100+
2158,1413,2024-06-30,29,3,Simulated Ward 19,2024-06-30,20–49
2159,1414,2024-11-18,151,1,Simulated Ward 10,2024-11-18,100+
2161,1415,2026-04-05,77,3,Simulated Ward 12,2026-04-05,50–99
2162,1416,2024-11-14,61,3,Simulated Ward 13,2024-11-14,50–99
2163,1417,2026-07-11,39,3,Simulated Ward 05,2026-07-11,20–49
2164,1418,2024-12-24,99,3,Simulated Ward 23,2024-12-24,50–99
2165,1419,2024-09-09,24,3,Simulated Ward 17,2024-09-09,20–49
2166,1420,2023-08-12,44,3,Simulated Ward 11,2023-08-12,20–49
2169,1421,2025-11-30,56,3,Simulated Ward 02,2025-11-30,50–99
2170,1422,2025-01-19,23,3,Simulated Ward 07,2025-01-19,20–49
2171,1423,2026-09-13,71,3,Simulated Ward 13,2026-09-13,50–99
2172,1424,2023-07-28,106,3,Simulated Ward 08,2023-07-28,100+
2173,1425,2026-07-30,45,3,Simulated Ward 01,2026-07-30,20–49
2175,1426,2026-08-05,21,3,Simulated Ward 01,2026-08-05,20–49
2177,1427,2026-07-07,80,3,Simulated Ward 18,2026-07-07,50–99
2178,1428,2024-11-21,81,3,Simulated Ward 13,2024-11-21,50–99
2179,1429,2026-04-04,41,3,Simulated Ward 06,2026-04-04,20–49
2180,1430,2026-05-09,21,1,Simulated Ward 01,2026-05-09,20–49
2181,1431,2026-09-10,101,3,Simulated Ward 09,2026-09-10,100+
2182,1432,2026-06-04,24,3,Simulated Ward 19,2026-06-04,20–49
2184,1433,2024-07-11,13,3,Simulated Ward 18,2024-07-11,10–19
2185,1434,2023-07-05,267,3,Simulated Ward 11,2023-07-05,100+
2186,1435,2026-02-01,15,3,Simulated Ward 25,2026-02-01,10–19
2187,1436,2026-08-25,149,3,Simulated Ward 17,2026-08-25,100+
2188,1437,2026-02-19,54,3,Simulated Ward 15,2026-02-19,50–99
2189,1438,2024-10-03,122,3,Simulated Ward 02,2024-10-03,100+
2191,1439,2025-12-19,145,3,Simulated Ward 02,2025-12-19,100+
2192,1440,2025-09-19,16,3,Simulated Ward 12,2025-09-19,10–19
2193,1441,2025-02-01,124,3,Simulated Ward 03,2025-02-01,100+
2194,1442,2024-05-21,39,3,Simulated Ward 07,2024-05-21,20–49
2195,1443,2026-03-19,118,3,Simulated Ward 19,2026-03-19,100+
2196,1444,2024-11-20,24,3,Simulated Ward 13,2024-11-20,20–49
2198,1445,2025-02-10,63,3,Simulated Ward 18,2025-02-10,50–99
2200,1446,2025-08-15,61,3,Simulated Ward 14,2025-08-15,50–99
2202,1447,2026-03-11,149,1,Simulated Ward 23,2026-03-11,100+
2204,1448,2025-10-18,21,3,Simulated Ward 21,2025-10-18,20–49
2205,1449,2024-03-12,17,3,Simulated Ward 25,2024-03-12,10–19
2206,1450,2025-07-15,62,3,Simulated Ward 19,2025-07-15,50–99
2208,1451,2025-05-21,160,3,Simulated Ward 13,2025-05-21,100+
2210,1452,2026-04-11,147,3,Simulated Ward 14,2026-04-11,100+
2211,1453,2023-06-06,135,3,Simulated Ward 21,2023-06-06,100+
2212,1454,2024-10-25,44,3,Simulated Ward 07,2024-10-25,20–49
2214,1455,2025-09-16,82,3,Simulated Ward 20,2025-09-16,50–99
2216,1456,2025-05-15,67,3,Simulated Ward 20,2025-05-15,50–99
2217,1457,2025-02-13,127,3,Simulated Ward 25,2025-02-13,100+
2219,1458,2023-12-24,47,3,Simulated Ward 11,2023-12-24,20–49
2221,1459,2026-04-01,29,3,Simulated Ward 13,2026-04-01,20–49
2222,1460,2024-09-29,113,3,Simulated Ward 24,2024-09-29,100+
2223,1461,2025-06-28,63,3,Simulated Ward 02,2025-06-28,50–99
2226,1462,2026-05-03,45,3,Simulated Ward 06,2026-05-03,20–49
2227,1463,2023-06-19,246,3,Simulated Ward 03,2023-06-19,100+
2229,1464,2025-05-13,12,3,Simulated Ward 02,2025-05-13,10–19
2230,1465,2023-12-28,17,3,Simulated Ward 11,2023-12-28,10–19
2232,1466,2025-08-06,41,3,Simulated Ward 21,2025-08-06,20–49
2233,1467,2025-01-23,66,3,Simulated Ward 22,2025-01-23,50–99
2234,1468,2024-08-02,354,3,Simulated Ward 02,2024-08-02,100+
2235,1469,2025-08-25,157,3,Simulated Ward 23,2025-08-25,100+
2236,1470,2025-02-25,88,3,Simulated Ward 25,2025-02-25,50–99
2237,1471,2026-08-24,88,3,Simulated Ward 02,2026-08-24,50–99
2238,1472,2025-12-26,17,2,Simulated Ward 07,2025-12-26,10–19
2240,1473,2025-05-31,307,3,Simulated Ward 02,2025-05-31,100+
2242,1474,2025-05-12,177,3,Simulated Ward 11,2025-05-12,100+
2244,1475,2026-02-05,46,3,Simulated Ward 09,2026-02-05,20–49
2246,1476,2025-10-19,13,3,Simulated Ward 09,2025-10-19,10–19
2248,1477,2026-06-09,146,3,Simulated Ward 23,2026-06-09,100+
2251,1478,2025-03-25,44,3,Simulated Ward 24,2025-03-25,20–49
2252,1479,2024-04-10,102,3,Simulated Ward 03,2024-04-10,100+
2253,1480,2026-04-24,60,3,Simulated Ward 07,2026-04-24,50–99
2254,1481,2025-03-24,18,3,Simulated Ward 10,2025-03-24,10–19
2255,1482,2026-05-30,137,3,Simulated Ward 23,2026-05-30,100+
2257,1483,2025-11-23,31,3,Simulated Ward 07,2025-11-23,20–49
2259,1484,2025-02-10,82,3,Simulated Ward 01,2025-02-10,50–99
2260,1485,2023-07-30,10,3,Simulated Ward 16,2023-07-30,10–19
2262,1486,2026-01-28,18,3,Simulated Ward 18,2026-01-28,10–19
2263,1487,2023-08-18,17,3,Simulated Ward 09,2023-08-18,10–19
2264,1488,2026-09-10,39,3,Simulated Ward 10,2026-09-10,20–49
2266,1489,2025-05-03,93,3,Simulated Ward 05,2025-05-03,50–99
2267,1490,2024-09-29,93,3,Simulated Ward 08,2024-09-29,50–99
2269,1491,2025-04-29,128,1,Simulated Ward 23,2025-04-29,100+
2270,1492,2026-01-19,305,3,Simulated Ward 01,2026-01-19,100+
2271,1493,2024-12-02,294,3,Simulated Ward 08,2024-12-02,100+
2272,1494,2026-05-27,231,3,Simulated Ward 13,2026-05-27,100+
2274,1495,2026-05-02,12,3,Simulated Ward 16,2026-05-02,10–19
2276,1496,2026-05-05,45,2,Simulated Ward 12,2026-05-05,20–49
2278,1497,2025-05-23,262,3,Simulated Ward 18,2025-05-23,100+
2279,1498,2023-08-05,38,3,Simulated Ward 25,2023-08-05,20–49
2280,1499,2025-01-31,103,3,Simulated Ward 04,2025-01-31,100+
2281,1500,2025-08-27,40,3,Simulated Ward 14,2025-08-27,20–49
2283,1501,2026-04-27,49,3,Simulated Ward 10,2026-04-27,20–49
2285,1502,2026-04-17,102,3,Simulated Ward 10,2026-04-17,100+
2286,1503,2024-09-07,288,3,Simulated Ward 02,2024-09-07,100+
2288,1504,2025-04-28,10,3,Simulated Ward 24,2025-04-28,10–19
2289,1505,2026-01-23,47,3,Simulated Ward 13,2026-01-23,20–49
2290,1506,2025-09-17,26,3,Simulated Ward 18,2025-09-17,20–49
2292,1507,2026-07-12,25,3,Simulated Ward 06,2026-07-12,20–49
2294,1508,2025-07-29,370,3,Simulated Ward 21,2025-07-29,100+
2296,1509,2024-06-11,26,3,Simulated Ward 10,2024-06-11,20–49
2297,1510,2026-03-24,43,3,Simulated Ward 19,2026-03-24,20–49
2299,1511,2025-11-20,15,3,Simulated Ward 10,2025-11-20,10–19
2300,1512,2025-09-21,39,3,Simulated Ward 17,2025-09-21,20–49
2301,1513,2023-07-31,22,1,Simulated Ward 24,2023-07-31,20–49
2302,1514,2024-07-16,37,1,Simulated Ward 17,2024-07-16,20–49
2303,1515,2024-06-01,47,3,Simulated Ward 09,2024-06-01,20–49
2304,1516,2025-08-11,196,3,Simulated Ward 21,2025-08-11,100+
2306,1517,2025-07-04,49,3,Simulated Ward 18,2025-07-04,20–49
2308,1518,2025-10-18,147,3,Simulated Ward 10,2025-10-18,100+
2309,1519,2026-05-19,39,3,Simulated Ward 20,2026-05-19,20–49
2310,1520,2026-08-04,24,3,Simulated Ward 15,2026-08-04,20–49
2311,1521,2025-10-27,180,1,Simulated Ward 25,2025-10-27,100+
2312,1522,2024-12-03,130,3,Simulated Ward 08,2024-12-03,100+
2313,1523,2024-10-08,43,3,Simulated Ward 22,2024-10-08,20–49
2315,1524,2024-11-08,206,3,Simulated Ward 22,2024-11-08,100+
2317,1525,2026-09-08,40,1,Simulated Ward 18,2026-09-08,20–49
2319,1526,2026-05-18,333,3,Simulated Ward 04,2026-05-18,100+
2320,1527,2025-02-26,22,3,Simulated Ward 25,2025-02-26,20–49
2321,1528,2025-07-07,41,3,Simulated Ward 19,2025-07-07,20–49
2323,1529,2026-03-09,22,3,Simulated Ward 03,2026-03-09,20–49
2325,1530,2024-09-23,361,1,Simulated Ward 11,2024-09-23,100+
2326,1531,2023-12-04,13,3,Simulated Ward 05,2023-12-04,10–19
2328,1532,2025-03-18,337,3,Simulated Ward 02,2025-03-18,100+
2330,1533,2026-08-01,12,3,Simulated Ward 05,2026-08-01,10–19
2331,1534,2025-12-25,23,3,Simulated Ward 25,2025-12-25,20–49
2333,1535,2026-02-27,92,3,Simulated Ward 22,2026-02-27,50–99
2334,1536,2026-02-12,40,3,Simulated Ward 03,2026-02-12,20–49
2335,1537,2025-07-16,66,1,Simulated Ward 08,2025-07-16,50–99
2336,1538,2023-10-13,99,3,Simulated Ward 12,2023-10-13,50–99
2339,1539,2026-01-17,99,3,Simulated Ward 08,2026-01-17,50–99
2340,1540,2025-09-15,255,3,Simulated Ward 15,2025-09-15,100+
2341,1541,2025-09-11,13,3,Simulated Ward 20,2025-09-11,10–19
2343,1542,2025-03-07,36,3,Simulated Ward 11,2025-03-07,20–49
2345,1543,2024-01-04,133,3,Simulated Ward 13,2024-01-04,100+
2347,1544,2025-05-31,38,3,Simulated Ward 12,2025-05-31,20–49
2348,1545,2025-06-25,396,3,Simulated Ward 18,2025-06-25,100+
2351,1546,2026-08-22,202,3,Simulated Ward 10,2026-08-22,100+
2353,1547,2025-09-24,189,3,Simulated Ward 08,2025-09-24,100+
2355,1548,2025-05-17,97,2,Simulated Ward 04,2025-05-17,50–99
2356,1549,2023-06-25,32,3,Simulated Ward 22,2023-06-25,20–49
2357,1550,2025-10-07,669,2,Simulated Ward 21,2025-10-07,100+
2359,1551,2026-09-05,397,3,Simulated Ward 14,2026-09-05,100+
2360,1552,2024-09-28,11,3,Simulated Ward 09,2024-09-28,10–19
2362,1553,2026-03-07,24,3,Simulated Ward 15,2026-03-07,20–49
2364,1554,2026-09-07,26,3,Simulated Ward 25,2026-09-07,20–49
2366,1555,2024-12-17,12,3,Simulated Ward 21,2024-12-17,10–19
2367,1556,2025-01-27,135,3,Simulated Ward 13,2025-01-27,100+
2368,1557,2026-02-18,37,3,Simulated Ward 08,2026-02-18,20–49
2370,1558,2025-07-02,50,3,Simulated Ward 08,2025-07-02,50–99
2371,1559,2024-02-18,192,3,Simulated Ward 24,2024-02-18,100+
2372,1560,2024-12-11,65,3,Simulated Ward 09,2024-12-11,50–99
2373,1561,2025-02-12,142,3,Simulated Ward 21,2025-02-12,100+
2375,1562,2026-05-15,67,3,Simulated Ward 02,2026-05-15,50–99
2377,1563,2025-12-29,14,3,Simulated Ward 03,2025-12-29,10–19
2378,1564,2023-10-06,157,3,Simulated Ward 14,2023-10-06,100+
2379,1565,2024-12-21,46,3,Simulated Ward 20,2024-12-21,20–49
2380,1566,2026-07-02,63,1,Simulated Ward 03,2026-07-02,50–99
2382,1567,2024-06-22,144,3,Simulated Ward 13,2024-06-22,100+
2383,1568,2024-04-10,44,3,Simulated Ward 01,2024-04-10,20–49
2384,1569,2025-11-08,286,3,Simulated Ward 07,2025-11-08,100+
2385,1570,2023-10-15,19,3,Simulated Ward 12,2023-10-15,10–19
2386,1571,2026-04-29,17,3,Simulated Ward 19,2026-04-29,10–19
2387,1572,2023-07-24,89,1,Simulated Ward 01,2023-07-24,50–99
2388,1573,2024-09-13,361,3,Simulated Ward 12,2024-09-13,100+
2390,1574,2025-03-29,74,3,Simulated Ward 21,2025-03-29,50–99
2392,1575,2025-10-29,47,3,Simulated Ward 08,2025-10-29,20–49
2393,1576,2026-02-09,27,3,Simulated Ward 22,2026-02-09,20–49
2395,1577,2026-03-26,16,3,Simulated Ward 12,2026-03-26,10–19
2397,1578,2026-04-26,380,1,Simulated Ward 03,2026-04-26,100+
2399,1579,2025-11-16,74,3,Simulated Ward 21,2025-11-16,50–99
2400,1580,2024-01-01,121,3,Simulated Ward 24,2024-01-01,100+
2402,1581,2026-07-21,379,1,Simulated Ward 02,2026-07-21,100+
2403,1582,2026-04-22,17,3,Simulated Ward 22,2026-04-22,10–19
2404,1583,2025-07-25,49,3,Simulated Ward 14,2025-07-25,20–49
2406,1584,2024-07-27,93,3,Simulated Ward 21,2024-07-27,50–99
2407,1585,2025-06-29,185,3,Simulated Ward 01,2025-06-29,100+
2408,1586,2025-06-05,382,0,Simulated Ward 11,2025-06-05,100+
2409,1587,2023-12-25,194,3,Simulated Ward 10,2023-12-25,100+
2411,1588,2025-02-01,42,3,Simulated Ward 06,2025-02-01,20–49
2412,1589,2024-06-05,16,3,Simulated Ward 08,2024-06-05,10–19
2413,1590,2024-10-29,16,3,Simulated Ward 09,2024-10-29,10–19
2415,1591,2026-04-16,13,3,Simulated Ward 16,2026-04-16,10–19
2416,1592,2026-03-02,185,3,Simulated Ward 20,2026-03-02,100+
2417,1593,2026-01-13,14,3,Simulated Ward 04,2026-01-13,10–19
2419,1594,2026-07-16,28,3,Simulated Ward 06,2026-07-16,20–49
2421,1595,2026-04-30,68,3,Simulated Ward 10,2026-04-30,50–99
2422,1596,2023-07-20,65,3,Simulated Ward 04,2023-07-20,50–99
2424,1597,2025-01-12,17,3,Simulated Ward 12,2025-01-12,10–19
2426,1598,2024-07-26,16,3,Simulated Ward 04,2024-07-26,10–19
2428,1599,2026-08-03,203,3,Simulated Ward 05,2026-08-03,100+
2430,1600,2026-01-15,38,3,Simulated Ward 19,2026-01-15,20–49
2431,1601,2026-02-25,23,3,Simulated Ward 21,2026-02-25,20–49
2432,1602,2024-08-19,33,3,Simulated Ward 17,2024-08-19,20–49
2433,1603,2025-11-23,336,3,Simulated Ward 14,2025-11-23,100+
2434,1604,2025-03-17,290,3,Simulated Ward 23,2025-03-17,100+
2435,1605,2023-11-08,35,3,Simulated Ward 01,2023-11-08,20–49
2436,1606,2026-04-04,34,3,Simulated Ward 12,2026-04-04,20–49
2437,1607,2024-08-16,17,3,Simulated Ward 11,2024-08-16,10–19
2439,1608,2026-06-11,18,3,Simulated Ward 11,2026-06-11,10–19
2440,1609,2026-08-13,310,3,Simulated Ward 14,2026-08-13,100+
2441,1610,2023-11-24,31,3,Simulated Ward 19,2023-11-24,20–49
2442,1611,2026-02-28,49,3,Simulated Ward 22,2026-02-28,20–49
2443,1612,2026-04-11,10,3,Simulated Ward 21,2026-04-11,10–19
2445,1613,2025-06-06,45,3,Simulated Ward 08,2025-06-06,20–49
2446,1614,2024-11-15,41,3,Simulated Ward 02,2024-11-15,20–49
2447,1615,2024-07-04,261,3,Simulated Ward 07,2024-07-04,100+
2448,1616,2023-06-26,143,3,Simulated Ward 11,2023-06-26,100+
2450,1617,2026-07-19,41,3,Simulated Ward 16,2026-07-19,20–49
2452,1618,2026-04-06,30,3,Simulated Ward 11,2026-04-06,20–49
2453,1619,2024-10-20,334,3,Simulated Ward 13,2024-10-20,100+
2455,1620,2025-02-18,56,3,Simulated Ward 03,2025-02-18,50–99
2457,1621,2026-08-05,19,3,Simulated Ward 08,2026-08-05,10–19
2459,1622,2026-07-18,144,3,Simulated Ward 03,2026-07-18,100+
2460,1623,2024-12-24,34,3,Simulated Ward 11,2024-12-24,20–49
2461,1624,2024-04-19,370,1,Simulated Ward 17,2024-04-19,100+
2462,1625,2026-01-30,28,1,Simulated Ward 07,2026-01-30,20–49
2463,1626,2025-05-21,40,0,Simulated Ward 24,2025-05-21,20–49
2465,1627,2025-05-20,37,3,Simulated Ward 22,2025-05-20,20–49
2466,1628,2024-03-21,98,3,Simulated Ward 16,2024-03-21,50–99
2467,1629,2025-05-29,59,3,Simulated Ward 07,2025-05-29,50–99
2469,1630,2025-02-27,129,3,Simulated Ward 08,2025-02-27,100+
2471,1631,2024-09-27,325,3,Simulated Ward 21,2024-09-27,100+
2473,1632,2023-12-06,127,3,Simulated Ward 17,2023-12-06,100+
2475,1633,2025-11-11,93,3,Simulated Ward 02,2025-11-11,50–99
2476,1634,2026-07-15,44,1,Simulated Ward 23,2026-07-15,20–49
2477,1635,2023-09-12,235,3,Simulated Ward 20,2023-09-12,100+
2479,1636,2026-05-22,196,3,Simulated Ward 08,2026-05-22,100+
2481,1637,2026-01-28,125,3,Simulated Ward 09,2026-01-28,100+
2482,1638,2026-03-17,60,3,Simulated Ward 24,2026-03-17,50–99
2484,1639,2024-07-31,338,3,Simulated Ward 09,2024-07-31,100+
2486,1640,2025-03-22,40,3,Simulated Ward 06,2025-03-22,20–49
2487,1641,2025-05-13,185,1,Simulated Ward 21,2025-05-13,100+
2488,1642,2025-04-15,160,3,Simulated Ward 19,2025-04-15,100+
2489,1643,2025-06-29,16,3,Simulated Ward 07,2025-06-29,10–19
2490,1644,2025-03-26,35,3,Simulated Ward 16,2025-03-26,20–49
2491,1645,2024-10-04,54,3,Simulated Ward 13,2024-10-04,50–99
2493,1646,2025-07-03,25,1,Simulated Ward 23,2025-07-03,20–49
2495,1647,2026-05-29,162,3,Simulated Ward 19,2026-05-29,100+
2497,1648,2025-09-22,202,3,Simulated Ward 24,2025-09-22,100+
2498,1649,2024-09-08,21,3,Simulated Ward 24,2024-09-08,20–49
2499,1650,2024-08-11,81,3,Simulated Ward 15,2024-08-11,50–99
2501,1651,2025-09-25,10,3,Simulated Ward 06,2025-09-25,10–19
2502,1652,2024-12-23,43,3,Simulated Ward 25,2024-12-23,20–49
2503,1653,2026-04-05,348,3,Simulated Ward 19,2026-04-05,100+
2505,1654,2024-11-27,106,3,Simulated Ward 03,2024-11-27,100+
2506,1655,2024-05-15,31,3,Simulated Ward 07,2024-05-15,20–49
2508,1656,2025-11-08,53,3,Simulated Ward 22,2025-11-08,50–99
2510,1657,2025-11-02,19,3,Simulated Ward 11,2025-11-02,10–19
2511,1658,2025-05-03,46,1,Simulated Ward 18,2025-05-03,20–49
2512,1659,2024-05-23,75,1,Simulated Ward 08,2024-05-23,50–99
2513,1660,2024-03-18,23,1,Simulated Ward 24,2024-03-18,20–49
2515,1661,2024-08-27,172,3,Simulated Ward 15,2024-08-27,100+
2517,1662,2026-04-14,97,3,Simulated Ward 19,2026-04-14,50–99
2519,1663,2024-12-03,13,3,Simulated Ward 17,2024-12-03,10–19
2520,1664,2024-06-16,14,3,Simulated Ward 17,2024-06-16,10–19
2521,1665,2026-04-24,40,3,Simulated Ward 13,2026-04-24,20–49
2524,1666,2026-08-23,17,3,Simulated Ward 14,2026-08-23,10–19
2526,1667,2025-07-19,192,1,Simulated Ward 24,2025-07-19,100+
2527,1668,2025-01-15,60,3,Simulated Ward 02,2025-01-15,50–99
2528,1669,2025-06-28,285,3,Simulated Ward 05,2025-06-28,100+
2530,1670,2026-06-26,17,3,Simulated Ward 08,2026-06-26,10–19
2531,1671,2026-04-07,11,3,Simulated Ward 23,2026-04-07,10–19
2534,1672,2026-01-18,17,1,Simulated Ward 20,2026-01-18,10–19
2536,1673,2025-12-09,104,3,Simulated Ward 02,2025-12-09,100+
2538,1674,2026-03-19,29,3,Simulated Ward 25,2026-03-19,20–49
2539,1675,2025-11-01,28,3,Simulated Ward 17,2025-11-01,20–49
2541,1676,2026-07-26,80,3,Simulated Ward 11,2026-07-26,50–99
2543,1677,2025-04-19,16,2,Simulated Ward 22,2025-04-19,10–19
2544,1678,2024-09-01,32,3,Simulated Ward 08,2024-09-01,20–49
2545,1679,2025-05-19,190,3,Simulated Ward 21,2025-05-19,100+
2547,1680,2025-08-21,16,3,Simulated Ward 08,2025-08-21,10–19
2549,1681,2026-07-07,24,3,Simulated Ward 08,2026-07-07,20–49
2550,1682,2026-03-30,18,3,Simulated Ward 21,2026-03-30,10–19
2551,1683,2024-10-03,347,1,Simulated Ward 07,2024-10-03,100+
2552,1684,2026-05-21,18,3,Simulated Ward 22,2026-05-21,10–19
2554,1685,2025-12-14,31,3,Simulated Ward 03,2025-12-14,20–49
2556,1686,2024-11-26,46,3,Simulated Ward 11,2024-11-26,20–49
2558,1687,2025-09-30,73,3,Simulated Ward 21,2025-09-30,50–99
2559,1688,2026-06-30,56,3,Simulated Ward 20,2026-06-30,50–99
2561,1689,2025-04-03,93,3,Simulated Ward 16,2025-04-03,50–99
2562,1690,2026-01-10,60,1,Simulated Ward 08,2026-01-10,50–99
2564,1691,2026-01-05,20,3,Simulated Ward 12,2026-01-05,20–49
2566,1692,2026-04-19,10,3,Simulated Ward 21,2026-04-19,10–19
2568,1693,2023-12-09,12,3,Simulated Ward 16,2023-12-09,10–19
2570,1694,2026-05-03,63,2,Simulated Ward 02,2026-05-03,50–99
2571,1695,2024-09-24,58,3,Simulated Ward 03,2024-09-24,50–99
2572,1696,2025-08-21,13,3,Simulated Ward 19,2025-08-21,10–19
2573,1697,2025-06-15,155,3,Simulated Ward 01,2025-06-15,100+
2574,1698,2023-06-17,271,3,Simulated Ward 06,2023-06-17,100+
2576,1699,2024-03-23,18,3,Simulated Ward 04,2024-03-23,10–19
2577,1700,2025-04-25,18,1,Simulated Ward 04,2025-04-25,10–19
2578,1701,2024-01-23,312,3,Simulated Ward 24,2024-01-23,100+
2579,1702,2026-07-30,82,3,Simulated Ward 01,2026-07-30,50–99
2580,1703,2026-08-01,184,3,Simulated Ward 04,2026-08-01,100+
2582,1704,2026-03-19,33,3,Simulated Ward 22,2026-03-19,20–49
2583,1705,2025-02-03,16,3,Simulated Ward 05,2025-02-03,10–19
2585,1706,2023-09-09,232,3,Simulated Ward 13,2023-09-09,100+
2586,1707,2024-04-02,368,2,Simulated Ward 07,2024-04-02,100+
2587,1708,2025-05-21,29,0,Simulated Ward 08,2025-05-21,20–49
2588,1709,2025-03-25,41,3,Simulated Ward 23,2025-03-25,20–49
2589,1710,2024-01-25,46,3,Simulated Ward 20,2024-01-25,20–49
2590,1711,2026-02-14,78,3,Simulated Ward 21,2026-02-14,50–99
2592,1712,2024-03-18,268,3,Simulated Ward 17,2024-03-18,100+
2593,1713,2025-05-20,25,3,Simulated Ward 02,2025-05-20,20–49
2595,1714,2025-09-14,26,3,Simulated Ward 14,2025-09-14,20–49
2597,1715,2025-01-08,289,3,Simulated Ward 05,2025-01-08,100+
2599,1716,2024-11-29,73,3,Simulated Ward 24,2024-11-29,50–99
2601,1717,2026-04-10,126,2,Simulated Ward 08,2026-04-10,100+
2603,1718,2025-07-14,45,3,Simulated Ward 09,2025-07-14,20–49
2605,1719,2026-05-05,10,3,Simulated Ward 20,2026-05-05,10–19
2606,1720,2025-03-25,14,3,Simulated Ward 16,2025-03-25,10–19
2608,1721,2025-10-22,131,3,Simulated Ward 01,2025-10-22,100+
2610,1722,2026-04-20,118,3,Simulated Ward 07,2026-04-20,100+
2611,1723,2025-08-01,74,3,Simulated Ward 10,2025-08-01,50–99
2612,1724,2025-10-05,166,3,Simulated Ward 14,2025-10-05,100+
2613,1725,2024-03-08,128,3,Simulated Ward 09,2024-03-08,100+
2615,1726,2024-08-05,32,3,Simulated Ward 03,2024-08-05,20–49
2617,1727,2025-11-07,80,3,Simulated Ward 06,2025-11-07,50–99
2619,1728,2026-01-11,33,3,Simulated Ward 13,2026-01-11,20–49
2621,1729,2025-12-14,19,3,Simulated Ward 11,2025-12-14,10–19
2623,1730,2026-06-25,17,1,Simulated Ward 21,2026-06-25,10–19
2626,1731,2025-10-12,10,3,Simulated Ward 05,2025-10-12,10–19
2629,1732,2024-06-24,37,3,Simulated Ward 19,2024-06-24,20–49
2631,1733,2025-08-24,22,3,Simulated Ward 12,2025-08-24,20–49
2632,1734,2025-11-10,140,3,Simulated Ward 05,2025-11-10,100+
2634,1735,2025-04-06,66,3,Simulated Ward 19,2025-04-06,50–99
2635,1736,2024-03-29,92,3,Simulated Ward 22,2024-03-29,50–99
2636,1737,2026-09-03,36,3,Simulated Ward 16,2026-09-03,20–49
2637,1738,2023-10-16,28,3,Simulated Ward 22,2023-10-16,20–49
2639,1739,2026-03-16,16,3,Simulated Ward 06,2026-03-16,10–19
2640,1740,2025-07-21,21,3,Simulated Ward 14,2025-07-21,20–49
2642,1741,2026-06-23,129,3,Simulated Ward 14,2026-06-23,100+
2644,1742,2025-02-02,29,3,Simulated Ward 07,2025-02-02,20–49
2646,1743,2025-11-04,169,3,Simulated Ward 03,2025-11-04,100+
2648,1744,2024-07-03,47,3,Simulated Ward 08,2024-07-03,20–49
2650,1745,2026-01-17,96,3,Simulated Ward 16,2026-01-17,50–99
2651,1746,2024-05-17,111,3,Simulated Ward 08,2024-05-17,100+
2653,1747,2025-09-16,11,3,Simulated Ward 19,2025-09-16,10–19
2655,1748,2026-09-22,82,3,Simulated Ward 17,2026-09-22,50–99
2656,1749,2025-06-17,40,3,Simulated Ward 22,2025-06-17,20–49
2658,1750,2026-01-25,130,3,Simulated Ward 13,2026-01-25,100+
2660,1751,2024-09-22,295,3,Simulated Ward 05,2024-09-22,100+
2662,1752,2026-08-18,43,1,Simulated Ward 18,2026-08-18,20–49
2663,1753,2024-01-31,16,3,Simulated Ward 20,2024-01-31,10–19
2666,1754,2026-01-21,73,3,Simulated Ward 04,2026-01-21,50–99
2667,1755,2024-11-06,41,3,Simulated Ward 07,2024-11-06,20–49
2668,1756,2026-01-05,49,2,Simulated Ward 19,2026-01-05,20–49
2669,1757,2024-12-16,36,1,Simulated Ward 03,2024-12-16,20–49
2670,1758,2025-09-25,13,3,Simulated Ward 14,2025-09-25,10–19
2672,1759,2025-12-07,332,3,Simulated Ward 07,2025-12-07,100+
2674,1760,2026-01-18,232,3,Simulated Ward 10,2026-01-18,100+
2675,1761,2025-04-17,60,2,Simulated Ward 25,2025-04-17,50–99
2676,1762,2026-07-13,27,3,Simulated Ward 05,2026-07-13,20–49
2677,1763,2025-09-17,32,1,Simulated Ward 20,2025-09-17,20–49
2678,1764,2025-11-21,53,3,Simulated Ward 24,2025-11-21,50–99
2679,1765,2024-09-26,17,3,Simulated Ward 17,2024-09-26,10–19
2680,1766,2024-10-19,71,3,Simulated Ward 13,2024-10-19,50–99
2681,1767,2023-06-12,91,3,Simulated Ward 07,2023-06-12,50–99
2682,1768,2023-11-30,12,3,Simulated Ward 09,2023-11-30,10–19
2684,1769,2026-05-28,45,1,Simulated Ward 08,2026-05-28,20–49
2686,1770,2026-08-10,378,3,Simulated Ward 18,2026-08-10,100+
2688,1771,2025-09-14,73,3,Simulated Ward 06,2025-09-14,50–99
2689,1772,2026-09-12,82,1,Simulated Ward 22,2026-09-12,50–99
2690,1773,2024-11-26,15,3,Simulated Ward 25,2024-11-26,10–19
2693,1774,2025-03-10,38,3,Simulated Ward 22,2025-03-10,20–49
2695,1775,2026-04-15,201,3,Simulated Ward 24,2026-04-15,100+
2697,1776,2025-01-14,23,3,Simulated Ward 02,2025-01-14,20–49
2699,1777,2025-08-21,34,3,Simulated Ward 02,2025-08-21,20–49
2700,1778,2025-01-07,189,3,Simulated Ward 07,2025-01-07,100+
2702,1779,2026-09-22,352,3,Simulated Ward 08,2026-09-22,100+
2704,1780,2026-06-10,70,3,Simulated Ward 20,2026-06-10,50–99
2705,1781,2025-05-09,27,3,Simulated Ward 10,2025-05-09,20–49
2706,1782,2024-10-29,10,3,Simulated Ward 15,2024-10-29,10–19
2707,1783,2025-11-24,229,3,Simulated Ward 14,2025-11-24,100+
2709,1784,2026-07-04,55,3,Simulated Ward 09,2026-07-04,50–99
2710,1785,2026-04-06,136,3,Simulated Ward 02,2026-04-06,100+
2711,1786,2025-06-07,368,3,Simulated Ward 20,2025-06-07,100+
2712,1787,2024-01-11,65,3,Simulated Ward 06,2024-01-11,50–99
2713,1788,2026-07-21,71,3,Simulated Ward 10,2026-07-21,50–99
2715,1789,2025-07-02,56,3,Simulated Ward 01,2025-07-02,50–99
2716,1790,2024-10-28,12,1,Simulated Ward 02,2024-10-28,10–19
2718,1791,2025-09-17,10,3,Simulated Ward 13,2025-09-17,10–19
2720,1792,2026-03-22,67,3,Simulated Ward 22,2026-03-22,50–99
2722,1793,2025-11-11,229,3,Simulated Ward 08,2025-11-11,100+
2723,1794,2026-08-29,261,3,Simulated Ward 03,2026-08-29,100+
2724,1795,2023-06-17,102,3,Simulated Ward 21,2023-06-17,100+
2725,1796,2025-03-07,21,3,Simulated Ward 21,2025-03-07,20–49
2727,1797,2025-09-20,99,3,Simulated Ward 05,2025-09-20,50–99
2728,1798,2024-05-11,49,3,Simulated Ward 22,2024-05-11,20–49
2730,1799,2025-12-03,748,3,Simulated Ward 16,2025-12-03,100+
2732,1800,2026-03-19,163,3,Simulated Ward 16,2026-03-19,100+
2733,1801,2026-08-25,11,3,Simulated Ward 11,2026-08-25,10–19
2735,1802,2026-06-16,54,3,Simulated Ward 22,2026-06-16,50–99
2736,1803,2026-06-05,10,3,Simulated Ward 22,2026-06-05,10–19
2737,1804,2023-11-05,14,3,Simulated Ward 16,2023-11-05,10–19
2738,1805,2024-01-19,15,3,Simulated Ward 11,2024-01-19,10–19
2740,1806,2024-01-14,11,1,Simulated Ward 02,2024-01-14,10–19
2742,1807,2025-06-04,40,3,Simulated Ward 23,2025-06-04,20–49
2744,1808,2026-05-05,37,3,Simulated Ward 22,2026-05-05,20–49
2745,1809,2024-08-10,190,3,Simulated Ward 01,2024-08-10,100+
2746,1810,2024-11-14,54,3,Simulated Ward 18,2024-11-14,50–99
2747,1811,2025-05-07,77,3,Simulated Ward 10,2025-05-07,50–99
2748,1812,2026-05-22,197,3,Simulated Ward 17,2026-05-22,100+
2750,1813,2025-06-05,22,3,Simulated Ward 13,2025-06-05,20–49
2751,1814,2024-07-21,33,1,Simulated Ward 04,2024-07-21,20–49
2753,1815,2025-10-13,33,3,Simulated Ward 04,2025-10-13,20–49
2754,1816,2023-12-10,75,3,Simulated Ward 18,2023-12-10,50–99
2756,1817,2026-03-10,94,3,Simulated Ward 01,2026-03-10,50–99
2757,1818,2026-09-15,227,3,Simulated Ward 19,2026-09-15,100+
2758,1819,2023-08-27,167,3,Simulated Ward 24,2023-08-27,100+
2759,1820,2024-01-04,178,3,Simulated Ward 02,2024-01-04,100+
2761,1821,2026-01-26,36,3,Simulated Ward 25,2026-01-26,20–49
2762,1822,2024-11-08,30,3,Simulated Ward 22,2024-11-08,20–49
2763,1823,2026-03-17,17,3,Simulated Ward 12,2026-03-17,10–19
2765,1824,2024-11-09,19,3,Simulated Ward 07,2024-11-09,10–19
2766,1825,2023-11-26,761,3,Simulated Ward 13,2023-11-26,100+
2768,1826,2025-12-11,11,3,Simulated Ward 02,2025-12-11,10–19
2770,1827,2025-01-14,29,3,Simulated Ward 15,2025-01-14,20–49
2772,1828,2024-11-14,86,3,Simulated Ward 02,2024-11-14,50–99
2773,1829,2025-10-15,72,3,Simulated Ward 21,2025-10-15,50–99
2775,1830,2024-12-14,75,3,Simulated Ward 10,2024-12-14,50–99
2777,1831,2024-02-27,24,3,Simulated Ward 18,2024-02-27,20–49
2778,1832,2026-03-20,23,3,Simulated Ward 11,2026-03-20,20–49
2780,1833,2026-04-03,47,3,Simulated Ward 04,2026-04-03,20–49
2782,1834,2025-06-09,45,3,Simulated Ward 01,2025-06-09,20–49
2784,1835,2025-08-03,27,1,Simulated Ward 22,2025-08-03,20–49
2785,1836,2023-12-12,94,3,Simulated Ward 22,2023-12-12,50–99
2788,1837,2024-11-26,77,3,Simulated Ward 13,2024-11-26,50–99
2789,1838,2024-01-04,146,3,Simulated Ward 16,2024-01-04,100+
2790,1839,2026-01-29,35,3,Simulated Ward 15,2026-01-29,20–49
2792,1840,2026-07-22,62,1,Simulated Ward 03,2026-07-22,50–99
2794,1841,2025-08-25,46,3,Simulated Ward 16,2025-08-25,20–49
2795,1842,2026-03-22,391,3,Simulated Ward 11,2026-03-22,100+
2797,1843,2024-04-24,46,3,Simulated Ward 18,2024-04-24,20–49
2798,1844,2026-06-02,268,3,Simulated Ward 12,2026-06-02,100+
2800,1845,2024-06-26,66,3,Simulated Ward 02,2024-06-26,50–99
2802,1846,2025-12-17,26,3,Simulated Ward 18,2025-12-17,20–49
2804,1847,2024-11-26,37,1,Simulated Ward 08,2024-11-26,20–49
2806,1848,2026-03-25,130,3,Simulated Ward 09,2026-03-25,100+
2808,1849,2025-05-20,225,3,Simulated Ward 05,2025-05-20,100+
2810,1850,2026-01-12,13,3,Simulated Ward 12,2026-01-12,10–19
2812,1851,2024-06-17,23,1,Simulated Ward 19,2024-06-17,20–49
2814,1852,2024-09-23,48,3,Simulated Ward 09,2024-09-23,20–49
2816,1853,2026-09-10,304,3,Simulated Ward 22,2026-09-10,100+
2817,1854,2024-05-03,36,3,Simulated Ward 18,2024-05-03,20–49
2819,1855,2024-08-25,278,3,Simulated Ward 23,2024-08-25,100+
2820,1856,2025-11-14,59,3,Simulated Ward 11,2025-11-14,50–99
2822,1857,2026-03-20,127,3,Simulated Ward 02,2026-03-20,100+
2824,1858,2025-10-18,11,3,Simulated Ward 08,2025-10-18,10–19
2826,1859,2026-04-03,12,3,Simulated Ward 12,2026-04-03,10–19
2827,1860,2025-03-15,148,3,Simulated Ward 22,2025-03-15,100+
2829,1861,2026-09-11,68,1,Simulated Ward 17,2026-09-11,50–99
2831,1862,2026-04-04,87,3,Simulated Ward 07,2026-04-04,50–99
2833,1863,2024-11-10,134,3,Simulated Ward 08,2024-11-10,100+
2835,1864,2026-05-10,19,2,Simulated Ward 14,2026-05-10,10–19
2836,1865,2023-09-30,183,3,Simulated Ward 18,2023-09-30,100+
2838,1866,2026-08-16,125,1,Simulated Ward 03,2026-08-16,100+
2839,1867,2025-10-09,34,1,Simulated Ward 16,2025-10-09,20–49
2841,1868,2026-02-13,39,3,Simulated Ward 22,2026-02-13,20–49
2843,1869,2024-10-25,39,3,Simulated Ward 22,2024-10-25,20–49
2846,1870,2024-03-22,155,3,Simulated Ward 13,2024-03-22,100+
2847,1871,2026-07-08,322,3,Simulated Ward 22,2026-07-08,100+
2848,1872,2024-02-03,15,3,Simulated Ward 08,2024-02-03,10–19
2850,1873,2025-09-25,17,3,Simulated Ward 04,2025-09-25,10–19
2852,1874,2026-02-25,154,3,Simulated Ward 02,2026-02-25,100+
2853,1875,2025-11-28,88,3,Simulated Ward 15,2025-11-28,50–99
2854,1876,2025-09-20,31,3,Simulated Ward 09,2025-09-20,20–49
2856,1877,2026-08-20,67,3,Simulated Ward 11,2026-08-20,50–99
2858,1878,2025-10-30,82,3,Simulated Ward 20,2025-10-30,50–99
2859,1879,2025-07-29,97,3,Simulated Ward 07,2025-07-29,50–99
2860,1880,2025-09-20,35,3,Simulated Ward 07,2025-09-20,20–49
2863,1881,2026-08-08,99,1,Simulated Ward 10,2026-08-08,50–99
2865,1882,2025-10-07,129,1,Simulated Ward 02,2025-10-07,100+
2866,1883,2026-05-30,48,3,Simulated Ward 13,2026-05-30,20–49
2868,1884,2025-04-22,116,3,Simulated Ward 11,2025-04-22,100+
2869,1885,2023-12-24,376,3,Simulated Ward 20,2023-12-24,100+
2870,1886,2024-12-06,13,3,Simulated Ward 17,2024-12-06,10–19
2871,1887,2026-01-08,15,3,Simulated Ward 06,2026-01-08,10–19
2873,1888,2025-02-01,34,3,Simulated Ward 16,2025-02-01,20–49
2874,1889,2023-11-19,15,3,Simulated Ward 07,2023-11-19,10–19
2876,1890,2025-03-26,44,0,Simulated Ward 04,2025-03-26,20–49
2878,1891,2026-07-03,193,3,Simulated Ward 24,2026-07-03,100+
2879,1892,2025-10-22,62,0,Simulated Ward 03,2025-10-22,50–99
2881,1893,2026-01-15,92,3,Simulated Ward 17,2026-01-15,50–99
2883,1894,2023-12-12,43,3,Simulated Ward 08,2023-12-12,20–49
2884,1895,2026-07-05,116,3,Simulated Ward 05,2026-07-05,100+
2885,1896,2025-01-27,15,3,Simulated Ward 21,2025-01-27,10–19
2887,1897,2025-02-16,242,3,Simulated Ward 24,2025-02-16,100+
2889,1898,2026-08-24,377,3,Simulated Ward 17,2026-08-24,100+
2891,1899,2024-12-25,19,3,Simulated Ward 14,2024-12-25,10–19
2893,1900,2024-12-22,336,3,Simulated Ward 25,2024-12-22,100+
2895,1901,2026-03-29,183,3,Simulated Ward 08,2026-03-29,100+
2897,1902,2025-07-07,46,3,Simulated Ward 11,2025-07-07,20–49
2899,1903,2025-10-23,71,3,Simulated Ward 20,2025-10-23,50–99
2900,1904,2025-03-05,83,3,Simulated Ward 18,2025-03-05,50–99
2901,1905,2024-02-09,17,3,Simulated Ward 11,2024-02-09,10–19
2903,1906,2026-04-05,323,3,Simulated Ward 15,2026-04-05,100+
2904,1907,2025-10-15,14,3,Simulated Ward 09,2025-10-15,10–19
2906,1908,2026-05-04,27,3,Simulated Ward 23,2026-05-04,20–49
2907,1909,2025-03-08,297,3,Simulated Ward 05,2025-03-08,100+
2909,1910,2026-09-03,19,3,Simulated Ward 15,2026-09-03,10–19
2910,1911,2023-09-08,30,0,Simulated Ward 04,2023-09-08,20–49
2912,1912,2026-07-07,46,1,Simulated Ward 01,2026-07-07,20–49
2913,1913,2025-02-18,85,2,Simulated Ward 20,2025-02-18,50–99
2914,1914,2026-04-29,10,3,Simulated Ward 15,2026-04-29,10–19
2915,1915,2024-12-16,89,3,Simulated Ward 01,2024-12-16,50–99
2916,1916,2024-07-24,65,3,Simulated Ward 23,2024-07-24,50–99
2917,1917,2024-08-30,51,3,Simulated Ward 13,2024-08-30,50–99
2919,1918,2025-12-19,153,3,Simulated Ward 24,2025-12-19,100+
2920,1919,2025-03-03,11,3,Simulated Ward 08,2025-03-03,10–19
2922,1920,2026-07-11,258,3,Simulated Ward 15,2026-07-11,100+
2924,1921,2026-05-26,12,3,Simulated Ward 11,2026-05-26,10–19
2926,1922,2026-04-21,59,3,Simulated Ward 20,2026-04-21,50–99
2927,1923,2024-05-10,44,3,Simulated Ward 24,2024-05-10,20–49
2929,1924,2024-12-30,209,3,Simulated Ward 14,2024-12-30,100+
2931,1925,2026-01-28,38,3,Simulated Ward 06,2026-01-28,20–49
2932,1926,2025-11-10,88,2,Simulated Ward 25,2025-11-10,50–99
2933,1927,2025-06-21,65,3,Simulated Ward 08,2025-06-21,50–99
2934,1928,2025-08-18,38,3,Simulated Ward 02,2025-08-18,20–49
2936,1929,2025-12-16,15,3,Simulated Ward 20,2025-12-16,10–19
2938,1930,2024-01-27,159,0,Simulated Ward 12,2024-01-27,100+
2939,1931,2025-07-01,39,3,Simulated Ward 23,2025-07-01,20–49
2940,1932,2023-08-27,20,3,Simulated Ward 02,2023-08-27,20–49
2942,1933,2024-07-24,57,3,Simulated Ward 20,2024-07-24,50–99
2943,1934,2025-06-04,268,3,Simulated Ward 18,2025-06-04,100+
2944,1935,2025-09-20,18,3,Simulated Ward 04,2025-09-20,10–19
2945,1936,2026-05-05,49,3,Simulated Ward 23,2026-05-05,20–49
2946,1937,2024-04-13,58,1,Simulated Ward 19,2024-04-13,50–99
2947,1938,2023-12-15,46,3,Simulated Ward 03,2023-12-15,20–49
2948,1939,2023-07-28,23,0,Simulated Ward 07,2023-07-28,20–49
2950,1940,2026-07-08,47,3,Simulated Ward 08,2026-07-08,20–49
2951,1941,2025-11-11,22,3,Simulated Ward 09,2025-11-11,20–49
2953,1942,2023-11-10,349,3,Simulated Ward 02,2023-11-10,100+
2954,1943,2026-07-14,167,3,Simulated Ward 14,2026-07-14,100+
2955,1944,2026-03-20,16,3,Simulated Ward 18,2026-03-20,10–19
2956,1945,2026-01-03,15,3,Simulated Ward 20,2026-01-03,10–19
2957,1946,2023-08-02,50,3,Simulated Ward 11,2023-08-02,50–99
2959,1947,2024-09-30,16,3,Simulated Ward 02,2024-09-30,10–19
2961,1948,2024-09-29,58,3,Simulated Ward 12,2024-09-29,50–99
2962,1949,2024-10-05,30,3,Simulated Ward 05,2024-10-05,20–49
2964,1950,2024-06-27,16,3,Simulated Ward 19,2024-06-27,10–19
2966,1951,2024-11-23,18,1,Simulated Ward 18,2024-11-23,10–19
2968,1952,2026-08-10,14,1,Simulated Ward 13,2026-08-10,10–19
2970,1953,2025-09-19,52,3,Simulated Ward 09,2025-09-19,50–99
2971,1954,2024-08-29,157,3,Simulated Ward 16,2024-08-29,100+
2973,1955,2025-10-22,318,1,Simulated Ward 25,2025-10-22,100+
2974,1956,2025-09-01,333,3,Simulated Ward 21,2025-09-01,100+
2976,1957,2024-12-05,33,3,Simulated Ward 02,2024-12-05,20–49
2977,1958,2026-01-30,130,3,Simulated Ward 14,2026-01-30,100+
2979,1959,2024-04-06,15,3,Simulated Ward 07,2024-04-06,10–19
2980,1960,2024-07-01,40,3,Simulated Ward 03,2024-07-01,20–49
2981,1961,2023-11-25,37,3,Simulated Ward 17,2023-11-25,20–49
2983,1962,2026-01-10,61,3,Simulated Ward 04,2026-01-10,50–99
2985,1963,2024-12-15,23,3,Simulated Ward 19,2024-12-15,20–49
2987,1964,2025-07-16,168,3,Simulated Ward 14,2025-07-16,100+
2988,1965,2024-10-29,16,3,Simulated Ward 14,2024-10-29,10–19
2990,1966,2026-06-23,29,3,Simulated Ward 11,2026-06-23,20–49
2991,1967,2023-12-19,77,3,Simulated Ward 03,2023-12-19,50–99
2993,1968,2025-12-17,302,3,Simulated Ward 19,2025-12-17,100+
2995,1969,2024-04-18,88,3,Simulated Ward 04,2024-04-18,50–99
2997,1970,2025-03-04,70,3,Simulated Ward 20,2025-03-04,50–99
2999,1971,2026-02-11,10,3,Simulated Ward 15,2026-02-11,10–19
3000,1972,2025-09-15,11,3,Simulated Ward 06,2025-09-15,10–19
3002,1973,2026-06-05,227,3,Simulated Ward 15,2026-06-05,100+
3003,1974,2025-02-27,41,3,Simulated Ward 03,2025-02-27,20–49
3004,1975,2026-06-13,27,3,Simulated Ward 05,2026-06-13,20–49
3006,1976,2025-03-20,43,3,Simulated Ward 20,2025-03-20,20–49
3007,1977,2026-07-18,16,1,Simulated Ward 20,2026-07-18,10–19
3008,1978,2023-07-05,18,3,Simulated Ward 12,2023-07-05,10–19
3010,1979,2025-03-12,34,1,Simulated Ward 21,2025-03-12,20–49
3011,1980,2024-03-12,64,3,Simulated Ward 16,2024-03-12,50–99
3013,1981,2025-04-14,21,3,Simulated Ward 10,2025-04-14,20–49
3014,1982,2024-01-26,151,3,Simulated Ward 03,2024-01-26,100+
3015,1983,2024-03-25,66,3,Simulated Ward 25,2024-03-25,50–99
3016,1984,2026-06-10,47,3,Simulated Ward 10,2026-06-10,20–49
3017,1985,2024-05-04,66,3,Simulated Ward 01,2024-05-04,50–99
3019,1986,2025-03-05,11,3,Simulated Ward 02,2025-03-05,10–19
3020,1987,2025-04-02,73,3,Simulated Ward 01,2025-04-02,50–99
3023,1988,2026-04-01,380,3,Simulated Ward 02,2026-04-01,100+
3024,1989,2024-03-23,69,3,Simulated Ward 11,2024-03-23,50–99
3025,1990,2025-07-21,132,3,Simulated Ward 12,2025-07-21,100+
3026,1991,2023-06-10,53,3,Simulated Ward 02,2023-06-10,50–99
3028,1992,2025-07-18,342,3,Simulated Ward 16,2025-07-18,100+
3029,1993,2024-06-26,125,3,Simulated Ward 16,2024-06-26,100+
3031,1994,2024-04-13,12,3,Simulated Ward 02,2024-04-13,10–19
3033,1995,2025-01-12,24,3,Simulated Ward 19,2025-01-12,20–49
3035,1996,2024-07-21,66,1,Simulated Ward 11,2024-07-21,50–99
3036,1997,2026-07-25,18,1,Simulated Ward 24,2026-07-25,10–19
3038,1998,2025-06-12,14,3,Simulated Ward 01,2025-06-12,10–19
3041,1999,2026-07-14,284,3,Simulated Ward 03,2026-07-14,100+
3042,2000,2025-08-26,18,3,Simulated Ward 18,2025-08-26,10–19
3044,2001,2025-10-28,236,3,Simulated Ward 18,2025-10-28,100+
3045,2002,2024-03-04,186,3,Simulated Ward 05,2024-03-04,100+
3046,2003,2024-10-21,75,3,Simulated Ward 10,2024-10-21,50–99
3048,2004,2025-12-30,48,3,Simulated Ward 25,2025-12-30,20–49
3050,2005,2025-03-18,126,3,Simulated Ward 03,2025-03-18,100+
3052,2006,2023-07-25,54,3,Simulated Ward 09,2023-07-25,50–99
3053,2007,2025-06-25,82,3,Simulated Ward 03,2025-06-25,50–99
3055,2008,2025-11-07,154,1,Simulated Ward 13,2025-11-07,100+
3056,2009,2025-06-30,281,3,Simulated Ward 25,2025-06-30,100+
3058,2010,2025-11-24,260,3,Simulated Ward 24,2025-11-24,100+
3060,2011,2026-04-24,34,3,Simulated Ward 17,2026-04-24,20–49
3061,2012,2026-09-13,74,1,Simulated Ward 20,2026-09-13,50–99
3063,2013,2026-06-23,333,3,Simulated Ward 21,2026-06-23,100+
3065,2014,2024-06-27,118,3,Simulated Ward 11,2024-06-27,100+
3066,2015,2024-01-02,18,3,Simulated Ward 02,2024-01-02,10–19
3067,2016,2025-06-05,195,3,Simulated Ward 13,2025-06-05,100+
3068,2017,2023-09-18,46,3,Simulated Ward 22,2023-09-18,20–49
3070,2018,2025-05-31,43,3,Simulated Ward 09,2025-05-31,20–49
3072,2019,2025-05-03,43,1,Simulated Ward 04,2025-05-03,20–49
3073,2020,2024-03-20,165,3,Simulated Ward 15,2024-03-20,100+
3074,2021,2023-12-04,47,3,Simulated Ward 06,2023-12-04,20–49
3075,2022,2025-08-19,120,3,Simulated Ward 14,2025-08-19,100+
3076,2023,2026-02-18,76,2,Simulated Ward 10,2026-02-18,50–99
3078,2024,2026-01-12,24,3,Simulated Ward 05,2026-01-12,20–49
3081,2025,2026-04-24,64,0,Simulated Ward 05,2026-04-24,50–99
3083,2026,2025-11-09,95,3,Simulated Ward 22,2025-11-09,50–99
3084,2027,2023-06-22,21,3,Simulated Ward 08,2023-06-22,20–49
3086,2028,2026-04-24,14,1,Simulated Ward 14,2026-04-24,10–19
3088,2029,2024-05-14,78,3,Simulated Ward 20,2024-05-14,50–99
3090,2030,2025-09-09,28,3,Simulated Ward 05,2025-09-09,20–49
3092,2031,2026-01-08,194,3,Simulated Ward 17,2026-01-08,100+
3094,2032,2024-02-15,53,3,Simulated Ward 01,2024-02-15,50–99
3095,2033,2024-12-09,16,3,Simulated Ward 11,2024-12-09,10–19
3097,2034,2026-04-08,32,3,Simulated Ward 12,2026-04-08,20–49
3098,2035,2023-06-09,40,3,Simulated Ward 10,2023-06-09,20–49
3100,2036,2025-09-10,27,3,Simulated Ward 10,2025-09-10,20–49
3101,2037,2023-12-31,10,3,Simulated Ward 03,2023-12-31,10–19
3103,2038,2025-02-20,10,3,Simulated Ward 17,2025-02-20,10–19
3104,2039,2025-11-10,13,3,Simulated Ward 21,2025-11-10,10–19
3106,2040,2025-11-03,97,3,Simulated Ward 22,2025-11-03,50–99
3108,2041,2024-06-02,19,3,Simulated Ward 07,2024-06-02,10–19
3109,2042,2026-03-14,18,3,Simulated Ward 24,2026-03-14,10–19
3111,2043,2026-07-15,34,3,Simulated Ward 05,2026-07-15,20–49
3112,2044,2023-09-02,91,3,Simulated Ward 11,2023-09-02,50–99
3114,2045,2025-09-22,66,3,Simulated Ward 17,2025-09-22,50–99
3115,2046,2026-01-26,600,3,Simulated Ward 12,2026-01-26,100+
3117,2047,2025-01-05,45,3,Simulated Ward 07,2025-01-05,20–49
3118,2048,2024-09-12,18,3,Simulated Ward 13,2024-09-12,10–19
3119,2049,2025-04-28,783,3,Simulated Ward 07,2025-04-28,100+
3120,2050,2024-12-22,77,3,Simulated Ward 09,2024-12-22,50–99
3121,2051,2026-05-21,357,3,Simulated Ward 14,2026-05-21,100+
3122,2052,2026-02-11,17,3,Simulated Ward 23,2026-02-11,10–19
3123,2053,2025-11-15,33,3,Simulated Ward 02,2025-11-15,20–49
3125,2054,2026-09-07,17,3,Simulated Ward 23,2026-09-07,10–19
3127,2055,2026-09-02,164,1,Simulated Ward 05,2026-09-02,100+
3129,2056,2026-09-24,106,3,Simulated Ward 11,2026-09-24,100+
3131,2057,2025-11-15,51,3,Simulated Ward 08,2025-11-15,50–99
3132,2058,2025-05-19,32,3,Simulated Ward 02,2025-05-19,20–49
3133,2059,2026-07-30,40,3,Simulated Ward 06,2026-07-30,20–49
3135,2060,2025-06-01,139,3,Simulated Ward 04,2025-06-01,100+
3136,2061,2023-07-04,118,3,Simulated Ward 02,2023-07-04,100+
3138,2062,2025-08-15,344,0,Simulated Ward 20,2025-08-15,100+
3140,2063,2026-08-11,114,3,Simulated Ward 05,2026-08-11,100+
3142,2064,2024-04-28,11,3,Simulated Ward 07,2024-04-28,10–19
3143,2065,2024-06-11,94,3,Simulated Ward 21,2024-06-11,50–99
3144,2066,2025-12-02,282,3,Simulated Ward 13,2025-12-02,100+
3146,2067,2025-08-18,129,3,Simulated Ward 20,2025-08-18,100+
3147,2068,2025-02-24,26,3,Simulated Ward 16,2025-02-24,20–49
3148,2069,2024-09-22,11,3,Simulated Ward 20,2024-09-22,10–19
3149,2070,2026-05-28,179,3,Simulated Ward 06,2026-05-28,100+
3151,2071,2026-05-03,39,3,Simulated Ward 18,2026-05-03,20–49
3153,2072,2024-04-11,48,1,Simulated Ward 21,2024-04-11,20–49
3154,2073,2023-08-19,10,3,Simulated Ward 13,2023-08-19,10–19
3156,2074,2026-06-20,10,0,Simulated Ward 01,2026-06-20,10–19
3157,2075,2024-10-30,228,3,Simulated Ward 11,2024-10-30,100+
3159,2076,2025-02-10,122,3,Simulated Ward 08,2025-02-10,100+
3161,2077,2023-12-23,34,3,Simulated Ward 05,2023-12-23,20–49
3162,2078,2023-11-16,342,3,Simulated Ward 17,2023-11-16,100+
3163,2079,2023-07-30,106,3,Simulated Ward 21,2023-07-30,100+
3164,2080,2025-01-14,36,3,Simulated Ward 16,2025-01-14,20–49
3165,2081,2025-07-18,50,3,Simulated Ward 12,2025-07-18,50–99
3167,2082,2026-07-27,249,3,Simulated Ward 12,2026-07-27,100+
3169,2083,2025-10-23,135,3,Simulated Ward 17,2025-10-23,100+
3170,2084,2025-11-05,112,3,Simulated Ward 08,2025-11-05,100+
3172,2085,2025-12-28,315,3,Simulated Ward 01,2025-12-28,100+
3174,2086,2025-05-07,285,3,Simulated Ward 12,2025-05-07,100+
3176,2087,2025-07-30,28,3,Simulated Ward 24,2025-07-30,20–49
3177,2088,2024-11-03,62,1,Simulated Ward 11,2024-11-03,50–99
3178,2089,2026-08-17,120,3,Simulated Ward 03,2026-08-17,100+
3179,2090,2025-01-15,103,3,Simulated Ward 03,2025-01-15,100+
3180,2091,2025-03-17,87,3,Simulated Ward 01,2025-03-17,50–99
3183,2092,2026-07-04,79,2,Simulated Ward 25,2026-07-04,50–99
3184,2093,2023-08-18,338,3,Simulated Ward 19,2023-08-18,100+
3185,2094,2023-10-14,93,3,Simulated Ward 07,2023-10-14,50–99
3186,2095,2025-10-15,24,3,Simulated Ward 08,2025-10-15,20–49
3188,2096,2026-08-14,333,1,Simulated Ward 23,2026-08-14,100+
3189,2097,2025-03-06,15,1,Simulated Ward 03,2025-03-06,10–19
3191,2098,2025-12-10,38,1,Simulated Ward 12,2025-12-10,20–49
3193,2099,2025-10-20,119,3,Simulated Ward 01,2025-10-20,100+
3194,2100,2023-11-09,370,0,Simulated Ward 22,2023-11-09,100+
3195,2101,2024-06-04,39,3,Simulated Ward 23,2024-06-04,20–49
3197,2102,2024-04-17,24,3,Simulated Ward 02,2024-04-17,20–49
3198,2103,2026-05-24,199,3,Simulated Ward 11,2026-05-24,100+
3199,2104,2024-11-11,19,3,Simulated Ward 07,2024-11-11,10–19
3200,2105,2024-08-09,324,3,Simulated Ward 20,2024-08-09,100+
3202,2106,2026-02-28,67,3,Simulated Ward 01,2026-02-28,50–99
3203,2107,2024-10-16,45,3,Simulated Ward 02,2024-10-16,20–49
3204,2108,2024-03-06,13,3,Simulated Ward 24,2024-03-06,10–19
3205,2109,2026-07-01,313,3,Simulated Ward 17,2026-07-01,100+
3206,2110,2024-12-06,12,3,Simulated Ward 17,2024-12-06,10–19
3207,2111,2025-12-24,57,3,Simulated Ward 20,2025-12-24,50–99
3208,2112,2025-01-21,36,3,Simulated Ward 12,2025-01-21,20–49
3210,2113,2026-05-17,72,3,Simulated Ward 06,2026-05-17,50–99
3211,2114,2023-11-25,15,3,Simulated Ward 15,2023-11-25,10–19
3212,2115,2024-07-08,124,3,Simulated Ward 09,2024-07-08,100+
3213,2116,2024-02-14,66,1,Simulated Ward 22,2024-02-14,50–99
3214,2117,2024-01-16,131,3,Simulated Ward 02,2024-01-16,100+
3217,2118,2026-05-30,33,3,Simulated Ward 10,2026-05-30,20–49
3218,2119,2024-05-02,18,3,Simulated Ward 20,2024-05-02,10–19
3221,2120,2026-03-28,30,3,Simulated Ward 12,2026-03-28,20–49
3223,2121,2023-10-24,67,3,Simulated Ward 12,2023-10-24,50–99
3225,2122,2024-10-03,80,3,Simulated Ward 15,2024-10-03,50–99
3227,2123,2024-08-12,97,3,Simulated Ward 22,2024-08-12,50–99
3228,2124,2026-01-07,155,3,Simulated Ward 18,2026-01-07,100+
3229,2125,2026-09-01,67,3,Simulated Ward 15,2026-09-01,50–99
3230,2126,2023-07-03,40,3,Simulated Ward 18,2023-07-03,20–49
3231,2127,2024-11-28,119,3,Simulated Ward 20,2024-11-28,100+
3232,2128,2024-07-31,371,3,Simulated Ward 25,2024-07-31,100+
3234,2129,2025-10-25,83,3,Simulated Ward 03,2025-10-25,50–99
3235,2130,2023-06-16,380,3,Simulated Ward 22,2023-06-16,100+
3236,2131,2025-01-14,28,3,Simulated Ward 11,2025-01-14,20–49
3238,2132,2024-07-19,30,2,Simulated Ward 17,2024-07-19,20–49
3240,2133,2024-10-01,26,3,Simulated Ward 08,2024-10-01,20–49
3242,2134,2026-07-18,11,3,Simulated Ward 13,2026-07-18,10–19
3244,2135,2024-04-04,28,3,Simulated Ward 24,2024-04-04,20–49
3245,2136,2025-10-01,140,3,Simulated Ward 10,2025-10-01,100+
3246,2137,2026-09-07,19,3,Simulated Ward 12,2026-09-07,10–19
3248,2138,2025-12-13,120,3,Simulated Ward 05,2025-12-13,100+
3250,2139,2026-08-28,147,3,Simulated Ward 19,2026-08-28,100+
3251,2140,2026-06-15,357,3,Simulated Ward 04,2026-06-15,100+
3252,2141,2024-05-05,229,3,Simulated Ward 19,2024-05-05,100+
3253,2142,2026-09-18,47,3,Simulated Ward 10,2026-09-18,20–49
3254,2143,2025-02-15,35,3,Simulated Ward 17,2025-02-15,20–49
3255,2144,2023-10-12,25,3,Simulated Ward 10,2023-10-12,20–49
3257,2145,2025-09-20,10,3,Simulated Ward 22,2025-09-20,10–19
3258,2146,2025-10-11,60,3,Simulated Ward 16,2025-10-11,50–99
3260,2147,2025-07-24,19,3,Simulated Ward 25,2025-07-24,10–19
3261,2148,2026-04-24,261,3,Simulated Ward 04,2026-04-24,100+
3262,2149,2025-11-20,28,3,Simulated Ward 13,2025-11-20,20–49
3264,2150,2024-10-24,188,3,Simulated Ward 16,2024-10-24,100+
3266,2151,2024-11-04,17,3,Simulated Ward 21,2024-11-04,10–19
3268,2152,2025-04-09,202,3,Simulated Ward 03,2025-04-09,100+
3270,2153,2025-09-04,91,3,Simulated Ward 10,2025-09-04,50–99
3272,2154,2025-11-08,55,3,Simulated Ward 16,2025-11-08,50–99
3274,2155,2024-09-20,86,3,Simulated Ward 07,2024-09-20,50–99
3276,2156,2024-11-03,42,3,Simulated Ward 02,2024-11-03,20–49
3278,2157,2026-08-30,33,3,Simulated Ward 06,2026-08-30,20–49
3280,2158,2026-09-04,23,0,Simulated Ward 15,2026-09-04,20–49
3281,2159,2024-02-07,15,3,Simulated Ward 25,2024-02-07,10–19
3282,2160,2024-01-23,13,3,Simulated Ward 07,2024-01-23,10–19
3283,2161,2025-09-08,70,1,Simulated Ward 08,2025-09-08,50–99
3284,2162,2023-11-05,51,3,Simulated Ward 17,2023-11-05,50–99
3285,2163,2025-10-05,11,3,Simulated Ward 03,2025-10-05,10–19
3287,2164,2026-06-07,306,3,Simulated Ward 10,2026-06-07,100+
3288,2165,2025-12-31,39,3,Simulated Ward 17,2025-12-31,20–49
3290,2166,2025-11-06,133,3,Simulated Ward 12,2025-11-06,100+
3292,2167,2026-07-28,33,3,Simulated Ward 02,2026-07-28,20–49
3293,2168,2023-12-02,19,3,Simulated Ward 02,2023-12-02,10–19
3295,2169,2024-11-30,13,3,Simulated Ward 04,2024-11-30,10–19
3297,2170,2026-05-18,63,3,Simulated Ward 02,2026-05-18,50–99
3299,2171,2024-06-15,49,3,Simulated Ward 15,2024-06-15,20–49
3301,2172,2024-07-10,20,3,Simulated Ward 14,2024-07-10,20–49
3303,2173,2025-06-10,33,3,Simulated Ward 01,2025-06-10,20–49
3304,2174,2023-07-01,41,3,Simulated Ward 25,2023-07-01,20–49
3305,2175,2025-10-30,40,3,Simulated Ward 02,2025-10-30,20–49
3307,2176,2025-04-07,48,1,Simulated Ward 08,2025-04-07,20–49
3309,2177,2024-10-21,66,3,Simulated Ward 21,2024-10-21,50–99
3311,2178,2026-08-05,31,3,Simulated Ward 14,2026-08-05,20–49
3312,2179,2025-10-18,22,3,Simulated Ward 09,2025-10-18,20–49
3313,2180,2023-11-05,64,3,Simulated Ward 20,2023-11-05,50–99
3315,2181,2026-02-06,17,3,Simulated Ward 14,2026-02-06,10–19
3317,2182,2026-01-28,78,3,Simulated Ward 01,2026-01-28,50–99
3318,2183,2024-05-29,141,3,Simulated Ward 11,2024-05-29,100+
3320,2184,2024-04-18,52,1,Simulated Ward 19,2024-04-18,50–99
3321,2185,2024-08-02,357,3,Simulated Ward 21,2024-08-02,100+
3323,2186,2026-07-01,15,3,Simulated Ward 13,2026-07-01,10–19
3325,2187,2026-04-08,81,1,Simulated Ward 14,2026-04-08,50–99
3327,2188,2025-11-16,154,3,Simulated Ward 07,2025-11-16,100+
3329,2189,2026-01-21,48,3,Simulated Ward 13,2026-01-21,20–49
3330,2190,2025-11-03,337,3,Simulated Ward 07,2025-11-03,100+
3332,2191,2026-08-13,19,0,Simulated Ward 08,2026-08-13,10–19
3334,2192,2023-09-21,76,1,Simulated Ward 14,2023-09-21,50–99
3335,2193,2025-03-29,369,3,Simulated Ward 25,2025-03-29,100+
3336,2194,2023-07-15,12,3,Simulated Ward 03,2023-07-15,10–19
3337,2195,2025-07-24,12,3,Simulated Ward 12,2025-07-24,10–19
3338,2196,2025-02-23,260,3,Simulated Ward 19,2025-02-23,100+
3340,2197,2025-03-21,80,3,Simulated Ward 13,2025-03-21,50–99
3342,2198,2024-01-30,37,3,Simulated Ward 09,2024-01-30,20–49
3344,2199,2026-08-05,338,3,Simulated Ward 12,2026-08-05,100+
3345,2200,2024-07-18,11,3,Simulated Ward 20,2024-07-18,10–19
3346,2201,2024-03-11,349,1,Simulated Ward 21,2024-03-11,100+
3347,2202,2024-06-30,20,3,Simulated Ward 13,2024-06-30,20–49
3349,2203,2026-01-16,33,3,Simulated Ward 22,2026-01-16,20–49
3351,2204,2026-09-12,104,3,Simulated Ward 06,2026-09-12,100+
3352,2205,2023-06-28,19,3,Simulated Ward 16,2023-06-28,10–19
3353,2206,2025-11-29,276,2,Simulated Ward 15,2025-11-29,100+
3354,2207,2023-11-19,38,3,Simulated Ward 19,2023-11-19,20–49
3355,2208,2026-01-12,29,3,Simulated Ward 02,2026-01-12,20–49
3356,2209,2025-03-08,67,3,Simulated Ward 16,2025-03-08,50–99
3358,2210,2024-02-28,16,3,Simulated Ward 03,2024-02-28,10–19
3360,2211,2026-08-14,122,3,Simulated Ward 06,2026-08-14,100+
3362,2212,2024-05-06,20,3,Simulated Ward 17,2024-05-06,20–49
3363,2213,2026-08-16,24,3,Simulated Ward 09,2026-08-16,20–49
3364,2214,2023-11-16,47,1,Simulated Ward 09,2023-11-16,20–49
3366,2215,2026-08-27,17,3,Simulated Ward 10,2026-08-27,10–19
3367,2216,2023-06-14,128,3,Simulated Ward 09,2023-06-14,100+
3368,2217,2025-09-05,10,3,Simulated Ward 17,2025-09-05,10–19
3370,2218,2025-12-02,84,3,Simulated Ward 03,2025-12-02,50–99
3372,2219,2025-05-28,63,3,Simulated Ward 09,2025-05-28,50–99
3373,2220,2025-07-05,14,3,Simulated Ward 10,2025-07-05,10–19
3374,2221,2023-10-05,104,3,Simulated Ward 15,2023-10-05,100+
3375,2222,2025-11-06,306,1,Simulated Ward 23,2025-11-06,100+
3376,2223,2025-05-28,72,3,Simulated Ward 09,2025-05-28,50–99
3377,2224,2026-03-10,164,3,Simulated Ward 23,2026-03-10,100+
3379,2225,2026-03-30,259,3,Simulated Ward 03,2026-03-30,100+
3381,2226,2025-11-11,168,3,Simulated Ward 07,2025-11-11,100+
3382,2227,2024-07-25,256,3,Simulated Ward 05,2024-07-25,100+
3384,2228,2026-03-07,10,3,Simulated Ward 23,2026-03-07,10–19
3386,2229,2024-12-27,305,3,Simulated Ward 18,2024-12-27,100+
3388,2230,2024-12-23,13,3,Simulated Ward 04,2024-12-23,10–19
3389,2231,2025-11-21,17,3,Simulated Ward 18,2025-11-21,10–19
3390,2232,2024-03-30,31,3,Simulated Ward 10,2024-03-30,20–49
3391,2233,2023-09-30,31,3,Simulated Ward 14,2023-09-30,20–49
3392,2234,2024-11-28,54,3,Simulated Ward 14,2024-11-28,50–99
3394,2235,2024-12-25,41,3,Simulated Ward 07,2024-12-25,20–49
3396,2236,2025-01-07,16,3,Simulated Ward 08,2025-01-07,10–19
3397,2237,2025-04-02,43,3,Simulated Ward 21,2025-04-02,20–49
3398,2238,2023-08-28,38,1,Simulated Ward 01,2023-08-28,20–49
3400,2239,2026-04-27,11,3,Simulated Ward 04,2026-04-27,10–19
3402,2240,2023-12-02,125,3,Simulated Ward 09,2023-12-02,100+
3403,2241,2026-07-25,159,3,Simulated Ward 06,2026-07-25,100+
3404,2242,2026-04-24,184,3,Simulated Ward 05,2026-04-24,100+
3405,2243,2024-07-01,13,3,Simulated Ward 20,2024-07-01,10–19
3406,2244,2024-08-03,14,3,Simulated Ward 12,2024-08-03,10–19
3408,2245,2024-07-05,303,3,Simulated Ward 20,2024-07-05,100+
3410,2246,2026-03-01,65,3,Simulated Ward 09,2026-03-01,50–99
3411,2247,2025-10-03,30,3,Simulated Ward 20,2025-10-03,20–49
3413,2248,2025-06-18,118,3,Simulated Ward 17,2025-06-18,100+
3414,2249,2025-08-26,27,3,Simulated Ward 21,2025-08-26,20–49
3415,2250,2025-12-19,18,3,Simulated Ward 05,2025-12-19,10–19
3417,2251,2025-12-12,319,3,Simulated Ward 11,2025-12-12,100+
3419,2252,2025-04-06,10,3,Simulated Ward 14,2025-04-06,10–19
3420,2253,2026-09-15,21,3,Simulated Ward 04,2026-09-15,20–49
3421,2254,2025-01-07,18,1,Simulated Ward 05,2025-01-07,10–19
3423,2255,2024-02-21,15,3,Simulated Ward 23,2024-02-21,10–19
3424,2256,2024-03-14,30,3,Simulated Ward 11,2024-03-14,20–49
3425,2257,2025-07-02,30,1,Simulated Ward 25,2025-07-02,20–49
3426,2258,2024-05-27,91,3,Simulated Ward 12,2024-05-27,50–99
3428,2259,2026-08-29,26,1,Simulated Ward 07,2026-08-29,20–49
3430,2260,2024-06-20,66,3,Simulated Ward 07,2024-06-20,50–99
3432,2261,2026-05-23,37,3,Simulated Ward 16,2026-05-23,20–49
3434,2262,2025-10-16,119,3,Simulated Ward 08,2025-10-16,100+
3435,2263,2023-10-31,258,3,Simulated Ward 01,2023-10-31,100+
3436,2264,2024-02-28,190,3,Simulated Ward 24,2024-02-28,100+
3438,2265,2025-11-22,11,3,Simulated Ward 12,2025-11-22,10–19
3440,2266,2025-08-03,166,3,Simulated Ward 13,2025-08-03,100+
3441,2267,2023-12-31,96,3,Simulated Ward 01,2023-12-31,50–99
3442,2268,2024-12-18,18,3,Simulated Ward 16,2024-12-18,10–19
3444,2269,2025-09-27,37,3,Simulated Ward 21,2025-09-27,20–49
3445,2270,2025-12-29,163,3,Simulated Ward 14,2025-12-29,100+
3446,2271,2024-02-17,35,3,Simulated Ward 23,2024-02-17,20–49
3448,2272,2025-03-05,47,3,Simulated Ward 08,2025-03-05,20–49
3450,2273,2025-02-04,147,3,Simulated Ward 09,2025-02-04,100+
3452,2274,2026-04-18,85,1,Simulated Ward 11,2026-04-18,50–99
3454,2275,2025-08-03,20,3,Simulated Ward 23,2025-08-03,20–49
3455,2276,2025-05-06,352,3,Simulated Ward 17,2025-05-06,100+
3456,2277,2025-06-07,34,1,Simulated Ward 18,2025-06-07,20–49
3458,2278,2025-09-10,84,1,Simulated Ward 18,2025-09-10,50–99
3459,2279,2023-07-24,426,3,Simulated Ward 21,2023-07-24,100+
3461,2280,2025-06-05,92,1,Simulated Ward 01,2025-06-05,50–99
3463,2281,2025-04-28,11,3,Simulated Ward 13,2025-04-28,10–19
3464,2282,2026-08-11,10,1,Simulated Ward 01,2026-08-11,10–19
3465,2283,2024-02-04,46,3,Simulated Ward 01,2024-02-04,20–49
3466,2284,2025-05-19,86,3,Simulated Ward 17,2025-05-19,50–99
3467,2285,2025-10-29,369,3,Simulated Ward 24,2025-10-29,100+
3468,2286,2026-01-27,149,3,Simulated Ward 24,2026-01-27,100+
3469,2287,2024-09-10,53,3,Simulated Ward 13,2024-09-10,50–99
3470,2288,2025-10-17,145,3,Simulated Ward 17,2025-10-17,100+
3471,2289,2023-11-28,42,3,Simulated Ward 06,2023-11-28,20–49
3473,2290,2026-03-08,14,3,Simulated Ward 24,2026-03-08,10–19
3475,2291,2025-10-27,38,3,Simulated Ward 14,2025-10-27,20–49
3476,2292,2025-06-27,130,1,Simulated Ward 01,2025-06-27,100+
3478,2293,2026-09-02,38,3,Simulated Ward 01,2026-09-02,20–49
3480,2294,2025-06-13,21,1,Simulated Ward 12,2025-06-13,20–49
3482,2295,2024-09-23,42,3,Simulated Ward 09,2024-09-23,20–49
3484,2296,2026-02-12,231,1,Simulated Ward 23,2026-02-12,100+
3485,2297,2026-03-10,35,3,Simulated Ward 23,2026-03-10,20–49
3486,2298,2025-01-05,47,3,Simulated Ward 25,2025-01-05,20–49
3488,2299,2025-11-20,103,3,Simulated Ward 13,2025-11-20,100+
3489,2300,2025-07-20,247,3,Simulated Ward 07,2025-07-20,100+
3490,2301,2023-08-10,57,3,Simulated Ward 02,2023-08-10,50–99
3492,2302,2026-04-04,22,3,Simulated Ward 13,2026-04-04,20–49
3493,2303,2024-05-23,381,3,Simulated Ward 02,2024-05-23,100+
3495,2304,2025-11-02,32,3,Simulated Ward 22,2025-11-02,20–49
3496,2305,2025-11-04,49,3,Simulated Ward 16,2025-11-04,20–49
3497,2306,2025-06-16,15,3,Simulated Ward 03,2025-06-16,10–19
3499,2307,2025-06-09,146,3,Simulated Ward 15,2025-06-09,100+
3501,2308,2024-05-24,60,3,Simulated Ward 09,2024-05-24,50–99
3503,2309,2025-05-28,198,3,Simulated Ward 22,2025-05-28,100+
3504,2310,2026-05-20,43,3,Simulated Ward 20,2026-05-20,20–49
3505,2311,2024-02-22,19,3,Simulated Ward 25,2024-02-22,10–19
3507,2312,2026-05-13,242,3,Simulated Ward 07,2026-05-13,100+
3509,2313,2024-02-13,42,3,Simulated Ward 03,2024-02-13,20–49
3511,2314,2024-11-08,172,1,Simulated Ward 12,2024-11-08,100+
3513,2315,2024-07-14,135,3,Simulated Ward 20,2024-07-14,100+
3515,2316,2025-04-01,23,1,Simulated Ward 09,2025-04-01,20–49
3516,2317,2024-08-26,84,3,Simulated Ward 01,2024-08-26,50–99
3517,2318,2024-10-19,153,3,Simulated Ward 21,2024-10-19,100+
3520,2319,2026-05-19,297,0,Simulated Ward 24,2026-05-19,100+
3522,2320,2026-08-15,703,3,Simulated Ward 06,2026-08-15,100+
3523,2321,2025-08-07,13,3,Simulated Ward 06,2025-08-07,10–19
3524,2322,2026-04-04,506,3,Simulated Ward 12,2026-04-04,100+
3525,2323,2025-07-28,17,1,Simulated Ward 09,2025-07-28,10–19
3526,2324,2025-09-05,15,3,Simulated Ward 15,2025-09-05,10–19
3528,2325,2025-08-08,18,3,Simulated Ward 20,2025-08-08,10–19
3530,2326,2026-02-05,518,3,Simulated Ward 25,2026-02-05,100+
3531,2327,2023-07-27,177,3,Simulated Ward 06,2023-07-27,100+
3532,2328,2025-05-25,105,3,Simulated Ward 18,2025-05-25,100+
3534,2329,2024-02-16,75,3,Simulated Ward 25,2024-02-16,50–99
3535,2330,2023-11-21,38,3,Simulated Ward 22,2023-11-21,20–49
3537,2331,2024-06-01,265,3,Simulated Ward 19,2024-06-01,100+
3539,2332,2025-01-13,232,3,Simulated Ward 03,2025-01-13,100+
3541,2333,2025-06-10,166,3,Simulated Ward 17,2025-06-10,100+
3542,2334,2023-11-12,85,3,Simulated Ward 20,2023-11-12,50–99
3544,2335,2026-06-11,31,3,Simulated Ward 13,2026-06-11,20–49
3545,2336,2025-11-21,87,3,Simulated Ward 22,2025-11-21,50–99
3546,2337,2026-01-26,54,3,Simulated Ward 05,2026-01-26,50–99
3547,2338,2026-01-19,249,3,Simulated Ward 02,2026-01-19,100+
3548,2339,2025-03-15,36,3,Simulated Ward 22,2025-03-15,20–49
3550,2340,2026-05-31,49,3,Simulated Ward 14,2026-05-31,20–49
3551,2341,2025-11-19,18,1,Simulated Ward 21,2025-11-19,10–19
3553,2342,2023-12-29,74,3,Simulated Ward 05,2023-12-29,50–99
3555,2343,2026-05-23,137,3,Simulated Ward 12,2026-05-23,100+
3556,2344,2023-06-15,45,1,Simulated Ward 12,2023-06-15,20–49
3557,2345,2024-10-03,30,3,Simulated Ward 18,2024-10-03,20–49
3558,2346,2025-06-28,27,3,Simulated Ward 18,2025-06-28,20–49
3560,2347,2025-04-19,72,3,Simulated Ward 03,2025-04-19,50–99
3562,2348,2026-09-09,783,3,Simulated Ward 13,2026-09-09,100+
3563,2349,2024-06-02,300,3,Simulated Ward 13,2024-06-02,100+
3565,2350,2026-04-03,54,3,Simulated Ward 10,2026-04-03,50–99
3567,2351,2025-07-24,34,3,Simulated Ward 05,2025-07-24,20–49
3569,2352,2025-12-06,49,3,Simulated Ward 04,2025-12-06,20–49
3570,2353,2024-03-05,424,3,Simulated Ward 22,2024-03-05,100+
3572,2354,2025-01-06,194,3,Simulated Ward 09,2025-01-06,100+
3573,2355,2026-02-09,164,3,Simulated Ward 06,2026-02-09,100+
3574,2356,2025-12-10,184,3,Simulated Ward 12,2025-12-10,100+
3576,2357,2024-02-29,168,1,Simulated Ward 16,2024-02-29,100+
3578,2358,2025-04-04,16,3,Simulated Ward 11,2025-04-04,10–19
3580,2359,2025-08-19,49,3,Simulated Ward 06,2025-08-19,20–49
3583,2360,2026-03-21,59,3,Simulated Ward 10,2026-03-21,50–99
3584,2361,2025-03-14,272,3,Simulated Ward 14,2025-03-14,100+
3585,2362,2025-12-14,11,3,Simulated Ward 23,2025-12-14,10–19
3586,2363,2026-04-28,219,3,Simulated Ward 23,2026-04-28,100+
3588,2364,2026-06-23,30,3,Simulated Ward 23,2026-06-23,20–49
3590,2365,2025-09-06,176,3,Simulated Ward 07,2025-09-06,100+
3592,2366,2025-07-26,175,3,Simulated Ward 09,2025-07-26,100+
3594,2367,2024-10-15,105,3,Simulated Ward 03,2024-10-15,100+
3595,2368,2024-12-04,73,3,Simulated Ward 17,2024-12-04,50–99
3596,2369,2025-10-26,87,3,Simulated Ward 13,2025-10-26,50–99
3597,2370,2025-03-01,17,3,Simulated Ward 07,2025-03-01,10–19
3598,2371,2025-11-06,309,3,Simulated Ward 18,2025-11-06,100+
3599,2372,2024-04-19,62,3,Simulated Ward 08,2024-04-19,50–99
3601,2373,2026-05-25,191,3,Simulated Ward 04,2026-05-25,100+
3602,2374,2023-07-01,189,3,Simulated Ward 03,2023-07-01,100+
3603,2375,2024-12-17,68,3,Simulated Ward 08,2024-12-17,50–99
3605,2376,2024-06-18,23,3,Simulated Ward 20,2024-06-18,20–49
3606,2377,2026-07-09,10,3,Simulated Ward 03,2026-07-09,10–19
3608,2378,2025-11-24,256,3,Simulated Ward 12,2025-11-24,100+
3610,2379,2024-09-05,19,3,Simulated Ward 23,2024-09-05,10–19
3612,2380,2024-07-31,82,3,Simulated Ward 01,2024-07-31,50–99
3613,2381,2026-04-01,331,3,Simulated Ward 12,2026-04-01,100+
3615,2382,2026-05-20,62,1,Simulated Ward 04,2026-05-20,50–99
3617,2383,2024-10-24,176,1,Simulated Ward 24,2024-10-24,100+
3618,2384,2026-05-27,65,3,Simulated Ward 09,2026-05-27,50–99
3620,2385,2026-08-20,102,3,Simulated Ward 25,2026-08-20,100+
3622,2386,2026-05-04,58,3,Simulated Ward 07,2026-05-04,50–99
3624,2387,2024-11-25,67,3,Simulated Ward 15,2024-11-25,50–99
3625,2388,2026-01-05,120,1,Simulated Ward 17,2026-01-05,100+
3627,2389,2025-03-31,22,3,Simulated Ward 09,2025-03-31,20–49
3629,2390,2025-04-02,34,3,Simulated Ward 13,2025-04-02,20–49
3631,2391,2024-05-28,37,3,Simulated Ward 21,2024-05-28,20–49
3633,2392,2026-05-04,18,3,Simulated Ward 14,2026-05-04,10–19
3635,2393,2026-06-28,30,3,Simulated Ward 01,2026-06-28,20–49
3636,2394,2026-06-24,86,3,Simulated Ward 14,2026-06-24,50–99
3638,2395,2023-10-21,62,3,Simulated Ward 04,2023-10-21,50–99
3639,2396,2024-07-31,28,3,Simulated Ward 02,2024-07-31,20–49
3640,2397,2025-11-24,70,3,Simulated Ward 01,2025-11-24,50–99
3642,2398,2025-12-29,95,3,Simulated Ward 03,2025-12-29,50–99
3644,2399,2025-09-12,27,3,Simulated Ward 15,2025-09-12,20–49
3646,2400,2025-07-19,107,3,Simulated Ward 04,2025-07-19,100+
3647,2401,2025-06-06,79,3,Simulated Ward 05,2025-06-06,50–99
3649,2402,2024-06-01,71,3,Simulated Ward 25,2024-06-01,50–99
3651,2403,2026-02-14,40,3,Simulated Ward 04,2026-02-14,20–49
3652,2404,2024-07-08,46,3,Simulated Ward 13,2024-07-08,20–49
3653,2405,2026-07-24,10,3,Simulated Ward 23,2026-07-24,10–19
3654,2406,2024-10-03,45,3,Simulated Ward 10,2024-10-03,20–49
3656,2407,2025-05-28,28,1,Simulated Ward 02,2025-05-28,20–49
3657,2408,2024-05-08,15,3,Simulated Ward 23,2024-05-08,10–19
3659,2409,2026-01-21,23,3,Simulated Ward 08,2026-01-21,20–49
3661,2410,2024-02-27,11,1,Simulated Ward 13,2024-02-27,10–19
3662,2411,2024-02-27,46,3,Simulated Ward 12,2024-02-27,20–49
3663,2412,2026-02-12,97,3,Simulated Ward 06,2026-02-12,50–99
3665,2413,2026-01-17,20,3,Simulated Ward 16,2026-01-17,20–49
3667,2414,2024-08-17,10,3,Simulated Ward 04,2024-08-17,10–19
3669,2415,2024-07-07,48,3,Simulated Ward 04,2024-07-07,20–49
3670,2416,2026-04-19,25,3,Simulated Ward 02,2026-04-19,20–49
3673,2417,2025-06-19,55,3,Simulated Ward 13,2025-06-19,50–99
3675,2418,2024-06-23,36,3,Simulated Ward 22,2024-06-23,20–49
3676,2419,2023-07-02,78,3,Simulated Ward 07,2023-07-02,50–99
3678,2420,2026-08-02,102,1,Simulated Ward 07,2026-08-02,100+
3680,2421,2026-04-23,109,3,Simulated Ward 06,2026-04-23,100+
3681,2422,2023-07-02,81,3,Simulated Ward 01,2023-07-02,50–99
3683,2423,2025-03-27,366,3,Simulated Ward 20,2025-03-27,100+
3684,2424,2023-09-28,76,3,Simulated Ward 25,2023-09-28,50–99
3686,2425,2024-07-13,139,3,Simulated Ward 03,2024-07-13,100+
3688,2426,2026-04-08,102,1,Simulated Ward 20,2026-04-08,100+
3689,2427,2024-02-13,77,3,Simulated Ward 07,2024-02-13,50–99
3690,2428,2024-11-29,26,3,Simulated Ward 09,2024-11-29,20–49
3692,2429,2026-09-18,99,3,Simulated Ward 05,2026-09-18,50–99
3694,2430,2026-07-29,253,3,Simulated Ward 07,2026-07-29,100+
3695,2431,2023-08-10,18,3,Simulated Ward 16,2023-08-10,10–19
3697,2432,2026-07-01,43,3,Simulated Ward 13,2026-07-01,20–49
3699,2433,2026-05-25,36,3,Simulated Ward 19,2026-05-25,20–49
3700,2434,2024-02-10,17,3,Simulated Ward 05,2024-02-10,10–19
3701,2435,2024-12-30,148,3,Simulated Ward 13,2024-12-30,100+
3702,2436,2024-04-06,24,3,Simulated Ward 10,2024-04-06,20–49
3703,2437,2025-09-21,48,3,Simulated Ward 10,2025-09-21,20–49
3705,2438,2025-11-15,15,3,Simulated Ward 03,2025-11-15,10–19
3707,2439,2025-10-13,202,3,Simulated Ward 21,2025-10-13,100+
3708,2440,2024-02-23,66,3,Simulated Ward 07,2024-02-23,50–99
3710,2441,2025-05-28,49,3,Simulated Ward 04,2025-05-28,20–49
3712,2442,2025-12-24,48,3,Simulated Ward 04,2025-12-24,20–49
3714,2443,2026-05-21,70,3,Simulated Ward 02,2026-05-21,50–99
3715,2444,2024-11-04,59,3,Simulated Ward 25,2024-11-04,50–99
3717,2445,2025-08-26,231,3,Simulated Ward 15,2025-08-26,100+
3719,2446,2024-03-19,17,3,Simulated Ward 08,2024-03-19,10–19
3721,2447,2025-07-27,328,3,Simulated Ward 04,2025-07-27,100+
3722,2448,2026-02-15,77,3,Simulated Ward 12,2026-02-15,50–99
3724,2449,2025-04-08,33,3,Simulated Ward 19,2025-04-08,20–49
3725,2450,2026-07-05,91,2,Simulated Ward 08,2026-07-05,50–99
3726,2451,2024-03-08,13,3,Simulated Ward 21,2024-03-08,10–19
3728,2452,2026-04-16,49,3,Simulated Ward 04,2026-04-16,20–49
3730,2453,2025-05-22,67,3,Simulated Ward 10,2025-05-22,50–99
3732,2454,2026-05-25,101,3,Simulated Ward 16,2026-05-25,100+
3734,2455,2024-08-21,35,3,Simulated Ward 08,2024-08-21,20–49
3735,2456,2023-07-15,62,3,Simulated Ward 07,2023-07-15,50–99
3737,2457,2025-07-12,31,3,Simulated Ward 14,2025-07-12,20–49
3739,2458,2026-09-05,30,3,Simulated Ward 24,2026-09-05,20–49
3740,2459,2023-06-25,75,3,Simulated Ward 25,2023-06-25,50–99
3741,2460,2023-09-12,14,3,Simulated Ward 15,2023-09-12,10–19
3743,2461,2024-02-27,38,3,Simulated Ward 04,2024-02-27,20–49
3745,2462,2024-02-07,80,3,Simulated Ward 13,2024-02-07,50–99
3747,2463,2025-08-06,67,3,Simulated Ward 19,2025-08-06,50–99
3748,2464,2024-05-30,242,3,Simulated Ward 21,2024-05-30,100+
3749,2465,2024-06-15,47,3,Simulated Ward 02,2024-06-15,20–49
3752,2466,2025-04-09,14,3,Simulated Ward 10,2025-04-09,10–19
3753,2467,2025-11-19,52,3,Simulated Ward 15,2025-11-19,50–99
3755,2468,2025-04-20,151,3,Simulated Ward 02,2025-04-20,100+
3757,2469,2023-11-28,19,3,Simulated Ward 09,2023-11-28,10–19
3759,2470,2024-07-22,182,1,Simulated Ward 21,2024-07-22,100+
3761,2471,2026-07-09,67,3,Simulated Ward 22,2026-07-09,50–99
3762,2472,2026-05-22,11,3,Simulated Ward 09,2026-05-22,10–19
3763,2473,2024-07-17,113,3,Simulated Ward 07,2024-07-17,100+
3764,2474,2023-11-02,42,3,Simulated Ward 18,2023-11-02,20–49
3766,2475,2026-07-26,118,1,Simulated Ward 18,2026-07-26,100+
3767,2476,2024-01-05,312,3,Simulated Ward 12,2024-01-05,100+
3768,2477,2023-07-16,59,3,Simulated Ward 23,2023-07-16,50–99
3769,2478,2025-10-12,47,3,Simulated Ward 14,2025-10-12,20–49
3771,2479,2025-04-03,18,3,Simulated Ward 12,2025-04-03,10–19
3772,2480,2024-07-16,47,1,Simulated Ward 02,2024-07-16,20–49
3774,2481,2026-02-24,19,3,Simulated Ward 15,2026-02-24,10–19
3775,2482,2026-01-15,138,3,Simulated Ward 01,2026-01-15,100+
3777,2483,2026-01-12,218,3,Simulated Ward 09,2026-01-12,100+
3778,2484,2024-04-25,32,3,Simulated Ward 06,2024-04-25,20–49
3779,2485,2025-06-02,58,3,Simulated Ward 01,2025-06-02,50–99
3781,2486,2025-08-06,42,3,Simulated Ward 18,2025-08-06,20–49
3782,2487,2026-09-22,63,1,Simulated Ward 18,2026-09-22,50–99
3783,2488,2024-07-14,46,3,Simulated Ward 08,2024-07-14,20–49
3785,2489,2023-12-15,65,3,Simulated Ward 10,2023-12-15,50–99
3787,2490,2026-01-29,67,1,Simulated Ward 13,2026-01-29,50–99
3789,2491,2025-02-16,31,3,Simulated Ward 21,2025-02-16,20–49
3791,2492,2026-07-07,91,3,Simulated Ward 09,2026-07-07,50–99
3793,2493,2026-09-02,46,3,Simulated Ward 24,2026-09-02,20–49
3795,2494,2026-01-08,269,3,Simulated Ward 09,2026-01-08,100+
3797,2495,2026-03-12,11,3,Simulated Ward 15,2026-03-12,10–19
3798,2496,2023-10-26,12,3,Simulated Ward 22,2023-10-26,10–19
3800,2497,2025-10-10,89,3,Simulated Ward 19,2025-10-10,50–99
3802,2498,2025-01-14,183,3,Simulated Ward 18,2025-01-14,100+
3804,2499,2026-05-24,42,1,Simulated Ward 20,2026-05-24,20–49
3806,2500,2026-01-02,28,3,Simulated Ward 19,2026-01-02,20–49
3809,2501,2026-06-11,303,3,Simulated Ward 03,2026-06-11,100+
3811,2502,2026-08-19,18,3,Simulated Ward 09,2026-08-19,10–19
3813,2503,2026-02-17,93,1,Simulated Ward 15,2026-02-17,50–99
3815,2504,2026-05-01,48,3,Simulated Ward 17,2026-05-01,20–49
3817,2505,2023-09-19,176,3,Simulated Ward 20,2023-09-19,100+
3818,2506,2026-02-20,102,3,Simulated Ward 19,2026-02-20,100+
3819,2507,2024-09-21,165,3,Simulated Ward 04,2024-09-21,100+
3821,2508,2024-10-29,15,3,Simulated Ward 11,2024-10-29,10–19
3823,2509,2024-06-15,10,3,Simulated Ward 19,2024-06-15,10–19
3825,2510,2026-08-22,14,3,Simulated Ward 06,2026-08-22,10–19
3826,2511,2025-12-02,166,3,Simulated Ward 05,2025-12-02,100+
3828,2512,2026-08-18,87,3,Simulated Ward 08,2026-08-18,50–99
3829,2513,2025-04-06,94,3,Simulated Ward 16,2025-04-06,50–99
3830,2514,2024-11-28,10,3,Simulated Ward 07,2024-11-28,10–19
3831,2515,2026-04-25,28,3,Simulated Ward 09,2026-04-25,20–49
3832,2516,2024-01-18,34,2,Simulated Ward 03,2024-01-18,20–49
3833,2517,2024-01-02,46,3,Simulated Ward 13,2024-01-02,20–49
3834,2518,2025-02-07,25,3,Simulated Ward 16,2025-02-07,20–49
3836,2519,2026-05-05,99,3,Simulated Ward 21,2026-05-05,50–99
3838,2520,2026-06-19,256,3,Simulated Ward 15,2026-06-19,100+
3839,2521,2023-10-23,86,3,Simulated Ward 06,2023-10-23,50–99
3842,2522,2026-06-14,278,3,Simulated Ward 16,2026-06-14,100+
3844,2523,2023-10-19,305,3,Simulated Ward 08,2023-10-19,100+
3846,2524,2024-08-03,38,3,Simulated Ward 24,2024-08-03,20–49
3847,2525,2026-05-09,75,3,Simulated Ward 20,2026-05-09,50–99
3848,2526,2023-06-22,15,3,Simulated Ward 21,2023-06-22,10–19
3849,2527,2026-03-25,16,1,Simulated Ward 10,2026-03-25,10–19
3850,2528,2023-12-12,49,1,Simulated Ward 15,2023-12-12,20–49
3852,2529,2025-12-22,198,3,Simulated Ward 15,2025-12-22,100+
3854,2530,2026-08-23,23,3,Simulated Ward 14,2026-08-23,20–49
3856,2531,2026-06-27,15,3,Simulated Ward 12,2026-06-27,10–19
3858,2532,2024-09-23,43,3,Simulated Ward 04,2024-09-23,20–49
3859,2533,2023-07-31,198,1,Simulated Ward 12,2023-07-31,100+
3860,2534,2025-10-23,30,3,Simulated Ward 12,2025-10-23,20–49
3861,2535,2026-05-11,121,3,Simulated Ward 08,2026-05-11,100+
3862,2536,2026-09-18,38,3,Simulated Ward 05,2026-09-18,20–49
3864,2537,2024-03-21,38,3,Simulated Ward 04,2024-03-21,20–49
3866,2538,2026-05-15,280,3,Simulated Ward 20,2026-05-15,100+
3867,2539,2025-03-03,11,3,Simulated Ward 01,2025-03-03,10–19
3869,2540,2025-12-24,16,3,Simulated Ward 02,2025-12-24,10–19
3870,2541,2025-11-27,19,3,Simulated Ward 04,2025-11-27,10–19
3871,2542,2026-07-11,19,3,Simulated Ward 21,2026-07-11,10–19
3873,2543,2026-02-27,39,3,Simulated Ward 06,2026-02-27,20–49
3874,2544,2025-12-06,91,3,Simulated Ward 07,2025-12-06,50–99
3875,2545,2024-02-28,16,3,Simulated Ward 11,2024-02-28,10–19
3876,2546,2026-08-02,47,3,Simulated Ward 14,2026-08-02,20–49
3878,2547,2025-09-14,85,3,Simulated Ward 02,2025-09-14,50–99
3879,2548,2025-12-01,127,3,Simulated Ward 22,2025-12-01,100+
3881,2549,2025-11-05,82,2,Simulated Ward 02,2025-11-05,50–99
3882,2550,2024-02-28,167,1,Simulated Ward 09,2024-02-28,100+
3884,2551,2026-05-31,81,3,Simulated Ward 21,2026-05-31,50–99
3886,2552,2025-09-13,15,3,Simulated Ward 05,2025-09-13,10–19
3887,2553,2025-12-29,19,3,Simulated Ward 19,2025-12-29,10–19
3889,2554,2026-02-14,155,3,Simulated Ward 14,2026-02-14,100+
3890,2555,2026-04-23,15,3,Simulated Ward 05,2026-04-23,10–19
3891,2556,2023-12-18,102,3,Simulated Ward 10,2023-12-18,100+
3892,2557,2023-08-06,30,3,Simulated Ward 15,2023-08-06,20–49
3893,2558,2026-02-27,21,3,Simulated Ward 05,2026-02-27,20–49
3894,2559,2025-03-10,14,1,Simulated Ward 23,2025-03-10,10–19
3896,2560,2025-04-04,70,3,Simulated Ward 05,2025-04-04,50–99
3898,2561,2025-10-03,74,3,Simulated Ward 21,2025-10-03,50–99
3899,2562,2025-08-08,14,3,Simulated Ward 20,2025-08-08,10–19
3901,2563,2025-06-30,15,3,Simulated Ward 20,2025-06-30,10–19
3902,2564,2025-04-14,16,3,Simulated Ward 16,2025-04-14,10–19
3904,2565,2024-09-20,46,3,Simulated Ward 20,2024-09-20,20–49
3906,2566,2025-05-31,121,3,Simulated Ward 18,2025-05-31,100+
3907,2567,2025-06-16,18,3,Simulated Ward 16,2025-06-16,10–19
3908,2568,2023-12-29,108,3,Simulated Ward 20,2023-12-29,100+
3910,2569,2026-07-23,311,3,Simulated Ward 02,2026-07-23,100+
3911,2570,2024-05-04,14,1,Simulated Ward 16,2024-05-04,10–19
3912,2571,2023-08-25,19,1,Simulated Ward 16,2023-08-25,10–19
3913,2572,2024-11-13,19,3,Simulated Ward 11,2024-11-13,10–19
3914,2573,2025-06-29,331,3,Simulated Ward 09,2025-06-29,100+
3916,2574,2024-06-18,45,3,Simulated Ward 17,2024-06-18,20–49
3918,2575,2026-08-31,76,3,Simulated Ward 04,2026-08-31,50–99
3920,2576,2025-01-28,59,3,Simulated Ward 03,2025-01-28,50–99
3922,2577,2026-08-17,157,3,Simulated Ward 15,2026-08-17,100+
3923,2578,2024-08-13,15,3,Simulated Ward 22,2024-08-13,10–19
3925,2579,2025-12-28,33,3,Simulated Ward 06,2025-12-28,20–49
3927,2580,2024-01-08,177,3,Simulated Ward 22,2024-01-08,100+
3928,2581,2023-11-26,30,3,Simulated Ward 25,2023-11-26,20–49
3929,2582,2023-12-15,357,3,Simulated Ward 07,2023-12-15,100+
3931,2583,2026-09-16,200,3,Simulated Ward 21,2026-09-16,100+
3933,2584,2023-08-10,38,3,Simulated Ward 08,2023-08-10,20–49
3935,2585,2024-09-22,54,3,Simulated Ward 01,2024-09-22,50–99
3936,2586,2026-05-21,51,3,Simulated Ward 05,2026-05-21,50–99
3938,2587,2025-05-01,13,3,Simulated Ward 15,2025-05-01,10–19
3939,2588,2024-03-13,37,3,Simulated Ward 25,2024-03-13,20–49
3940,2589,2025-07-13,44,3,Simulated Ward 01,2025-07-13,20–49
3942,2590,2026-08-25,97,3,Simulated Ward 25,2026-08-25,50–99
3943,2591,2024-12-01,34,3,Simulated Ward 11,2024-12-01,20–49
3944,2592,2025-10-18,10,3,Simulated Ward 12,2025-10-18,10–19
3946,2593,2026-08-26,237,3,Simulated Ward 01,2026-08-26,100+
3948,2594,2025-03-18,179,3,Simulated Ward 19,2025-03-18,100+
3949,2595,2024-03-10,40,3,Simulated Ward 23,2024-03-10,20–49
3950,2596,2024-12-30,73,3,Simulated Ward 22,2024-12-30,50–99
3951,2597,2024-12-13,39,3,Simulated Ward 24,2024-12-13,20–49
3953,2598,2025-03-21,38,3,Simulated Ward 20,2025-03-21,20–49
3955,2599,2024-05-07,46,1,Simulated Ward 23,2024-05-07,20–49
3958,2600,2026-09-13,22,1,Simulated Ward 06,2026-09-13,20–49
3960,2601,2025-05-22,14,1,Simulated Ward 23,2025-05-22,10–19
3961,2602,2024-12-13,16,3,Simulated Ward 12,2024-12-13,10–19
3963,2603,2026-09-14,15,3,Simulated Ward 21,2026-09-14,10–19
3964,2604,2024-03-15,78,3,Simulated Ward 17,2024-03-15,50–99
3965,2605,2025-01-24,156,3,Simulated Ward 22,2025-01-24,100+
3966,2606,2024-04-25,16,1,Simulated Ward 01,2024-04-25,10–19
3967,2607,2026-09-10,17,3,Simulated Ward 18,2026-09-10,10–19
3969,2608,2026-01-11,192,3,Simulated Ward 25,2026-01-11,100+
3970,2609,2026-01-05,89,3,Simulated Ward 12,2026-01-05,50–99
3972,2610,2024-06-30,29,3,Simulated Ward 07,2024-06-30,20–49
3973,2611,2024-07-18,153,3,Simulated Ward 13,2024-07-18,100+
3974,2612,2024-08-03,285,3,Simulated Ward 05,2024-08-03,100+
3975,2613,2023-09-20,29,3,Simulated Ward 05,2023-09-20,20–49
3976,2614,2024-03-14,18,3,Simulated Ward 19,2024-03-14,10–19
3977,2615,2025-08-30,81,3,Simulated Ward 08,2025-08-30,50–99
3978,2616,2025-12-14,16,3,Simulated Ward 24,2025-12-14,10–19
3979,2617,2023-12-12,70,3,Simulated Ward 09,2023-12-12,50–99
3981,2618,2025-04-20,73,3,Simulated Ward 03,2025-04-20,50–99
3982,2619,2026-07-16,226,3,Simulated Ward 19,2026-07-16,100+
3984,2620,2024-11-08,180,3,Simulated Ward 17,2024-11-08,100+
3987,2621,2026-09-11,235,3,Simulated Ward 15,2026-09-11,100+
3988,2622,2025-12-28,14,3,Simulated Ward 13,2025-12-28,10–19
3990,2623,2026-02-20,13,3,Simulated Ward 13,2026-02-20,10–19
3991,2624,2024-05-19,36,3,Simulated Ward 20,2024-05-19,20–49
3993,2625,2025-09-15,16,3,Simulated Ward 04,2025-09-15,10–19
3995,2626,2025-11-13,330,3,Simulated Ward 22,2025-11-13,100+
3997,2627,2025-07-09,46,3,Simulated Ward 11,2025-07-09,20–49
3999,2628,2026-09-15,160,3,Simulated Ward 20,2026-09-15,100+
4000,2629,2024-04-07,21,1,Simulated Ward 11,2024-04-07,20–49
4001,2630,2024-11-29,64,3,Simulated Ward 10,2024-11-29,50–99
4002,2631,2025-07-25,91,3,Simulated Ward 05,2025-07-25,50–99
4003,2632,2026-01-13,57,1,Simulated Ward 01,2026-01-13,50–99
4005,2633,2026-02-02,20,3,Simulated Ward 12,2026-02-02,20–49
4007,2634,2026-02-04,53,3,Simulated Ward 12,2026-02-04,50–99
4009,2635,2025-06-26,154,3,Simulated Ward 13,2025-06-26,100+
4011,2636,2025-12-27,54,1,Simulated Ward 02,2025-12-27,50–99
4012,2637,2026-03-06,224,3,Simulated Ward 25,2026-03-06,100+
4013,2638,2023-12-08,84,3,Simulated Ward 18,2023-12-08,50–99
4014,2639,2026-04-19,71,3,Simulated Ward 13,2026-04-19,50–99
4015,2640,2023-09-07,160,3,Simulated Ward 13,2023-09-07,100+
4016,2641,2025-11-11,179,3,Simulated Ward 23,2025-11-11,100+
4017,2642,2025-02-28,162,3,Simulated Ward 24,2025-02-28,100+
4019,2643,2026-09-07,389,3,Simulated Ward 18,2026-09-07,100+
4021,2644,2025-07-27,16,3,Simulated Ward 07,2025-07-27,10–19
4023,2645,2026-07-12,342,2,Simulated Ward 11,2026-07-12,100+
4025,2646,2026-01-28,22,3,Simulated Ward 11,2026-01-28,20–49
4026,2647,2024-05-25,192,3,Simulated Ward 07,2024-05-25,100+
4028,2648,2024-05-23,113,3,Simulated Ward 07,2024-05-23,100+
4030,2649,2025-03-22,21,3,Simulated Ward 11,2025-03-22,20–49
4031,2650,2026-06-08,89,3,Simulated Ward 12,2026-06-08,50–99
4033,2651,2026-04-29,85,3,Simulated Ward 07,2026-04-29,50–99
4035,2652,2026-05-01,370,3,Simulated Ward 22,2026-05-01,100+
4037,2653,2025-07-15,36,3,Simulated Ward 02,2025-07-15,20–49
4039,2654,2026-06-01,19,2,Simulated Ward 04,2026-06-01,10–19
4041,2655,2024-11-29,149,3,Simulated Ward 12,2024-11-29,100+
4042,2656,2026-03-17,37,3,Simulated Ward 03,2026-03-17,20–49
4044,2657,2024-12-19,36,3,Simulated Ward 21,2024-12-19,20–49
4046,2658,2025-05-06,12,1,Simulated Ward 25,2025-05-06,10–19
4049,2659,2025-12-26,142,3,Simulated Ward 19,2025-12-26,100+
4051,2660,2025-08-07,30,3,Simulated Ward 09,2025-08-07,20–49
4052,2661,2025-01-18,11,3,Simulated Ward 18,2025-01-18,10–19
4053,2662,2025-02-18,71,3,Simulated Ward 11,2025-02-18,50–99
4054,2663,2024-09-22,90,3,Simulated Ward 08,2024-09-22,50–99
4055,2664,2025-06-03,164,3,Simulated Ward 23,2025-06-03,100+
4056,2665,2024-02-25,36,3,Simulated Ward 19,2024-02-25,20–49
4057,2666,2024-06-08,33,3,Simulated Ward 12,2024-06-08,20–49
4058,2667,2025-04-04,10,3,Simulated Ward 22,2025-04-04,10–19
4059,2668,2026-01-14,52,3,Simulated Ward 04,2026-01-14,50–99
4061,2669,2026-08-28,14,3,Simulated Ward 21,2026-08-28,10–19
4062,2670,2024-12-24,35,3,Simulated Ward 25,2024-12-24,20–49
4063,2671,2025-12-09,189,1,Simulated Ward 14,2025-12-09,100+
4064,2672,2024-01-08,20,3,Simulated Ward 08,2024-01-08,20–49
4065,2673,2024-07-24,121,3,Simulated Ward 07,2024-07-24,100+
4066,2674,2026-02-23,179,3,Simulated Ward 25,2026-02-23,100+
4068,2675,2025-01-21,15,3,Simulated Ward 19,2025-01-21,10–19
4070,2676,2026-06-25,41,3,Simulated Ward 13,2026-06-25,20–49
4071,2677,2023-06-13,197,1,Simulated Ward 24,2023-06-13,100+
4074,2678,2026-04-19,72,1,Simulated Ward 03,2026-04-19,50–99
4076,2679,2026-06-18,15,2,Simulated Ward 06,2026-06-18,10–19
4079,2680,2025-09-21,123,1,Simulated Ward 20,2025-09-21,100+
4080,2681,2024-03-30,25,3,Simulated Ward 15,2024-03-30,20–49
4081,2682,2024-04-07,10,3,Simulated Ward 14,2024-04-07,10–19
4083,2683,2026-04-03,120,1,Simulated Ward 03,2026-04-03,100+
4085,2684,2025-02-16,29,3,Simulated Ward 09,2025-02-16,20–49
4086,2685,2026-08-28,13,3,Simulated Ward 22,2026-08-28,10–19
4089,2686,2025-08-27,18,3,Simulated Ward 12,2025-08-27,10–19
4090,2687,2025-10-25,291,3,Simulated Ward 16,2025-10-25,100+
4092,2688,2025-08-20,449,3,Simulated Ward 03,2025-08-20,100+
4093,2689,2024-08-08,10,3,Simulated Ward 02,2024-08-08,10–19
4094,2690,2025-01-24,26,3,Simulated Ward 12,2025-01-24,20–49
4096,2691,2025-10-08,29,3,Simulated Ward 14,2025-10-08,20–49
4098,2692,2025-01-24,44,3,Simulated Ward 14,2025-01-24,20–49
4100,2693,2026-06-12,62,3,Simulated Ward 17,2026-06-12,50–99
4101,2694,2026-05-18,12,3,Simulated Ward 08,2026-05-18,10–19
4103,2695,2026-08-03,129,3,Simulated Ward 09,2026-08-03,100+
4104,2696,2025-08-14,158,3,Simulated Ward 04,2025-08-14,100+
4105,2697,2025-03-04,228,1,Simulated Ward 19,2025-03-04,100+
4107,2698,2025-06-29,48,1,Simulated Ward 10,2025-06-29,20–49
4108,2699,2024-07-14,89,3,Simulated Ward 10,2024-07-14,50–99
4110,2700,2026-04-12,29,3,Simulated Ward 17,2026-04-12,20–49
4111,2701,2025-05-14,143,3,Simulated Ward 09,2025-05-14,100+
4113,2702,2024-12-22,10,1,Simulated Ward 25,2024-12-22,10–19
4115,2703,2025-06-17,29,3,Simulated Ward 12,2025-06-17,20–49
4117,2704,2025-02-12,79,3,Simulated Ward 04,2025-02-12,50–99
4118,2705,2026-08-05,66,3,Simulated Ward 22,2026-08-05,50–99
4120,2706,2024-07-10,26,3,Simulated Ward 04,2024-07-10,20–49
4122,2707,2025-01-16,188,3,Simulated Ward 23,2025-01-16,100+
4123,2708,2025-08-30,44,3,Simulated Ward 12,2025-08-30,20–49
4124,2709,2026-08-14,105,1,Simulated Ward 15,2026-08-14,100+
4126,2710,2023-12-29,149,3,Simulated Ward 22,2023-12-29,100+
4127,2711,2025-07-02,19,3,Simulated Ward 19,2025-07-02,10–19
4128,2712,2026-07-23,330,3,Simulated Ward 13,2026-07-23,100+
4129,2713,2024-07-16,104,3,Simulated Ward 07,2024-07-16,100+
4131,2714,2023-07-28,91,3,Simulated Ward 16,2023-07-28,50–99
4132,2715,2025-07-29,130,3,Simulated Ward 17,2025-07-29,100+
4133,2716,2026-04-06,51,1,Simulated Ward 24,2026-04-06,50–99
4134,2717,2025-02-28,154,3,Simulated Ward 18,2025-02-28,100+
4135,2718,2026-03-30,46,3,Simulated Ward 14,2026-03-30,20–49
4136,2719,2025-02-16,334,1,Simulated Ward 23,2025-02-16,100+
4137,2720,2024-11-04,86,3,Simulated Ward 21,2024-11-04,50–99
4139,2721,2024-12-11,34,3,Simulated Ward 03,2024-12-11,20–49
4141,2722,2025-03-12,150,3,Simulated Ward 12,2025-03-12,100+
4142,2723,2023-10-14,378,3,Simulated Ward 18,2023-10-14,100+
4144,2724,2026-09-15,215,3,Simulated Ward 13,2026-09-15,100+
4145,2725,2025-12-13,14,3,Simulated Ward 16,2025-12-13,10–19
4147,2726,2025-06-20,58,3,Simulated Ward 17,2025-06-20,50–99
4150,2727,2026-04-30,60,3,Simulated Ward 20,2026-04-30,50–99
4151,2728,2025-03-13,109,3,Simulated Ward 02,2025-03-13,100+
4153,2729,2026-06-10,43,3,Simulated Ward 13,2026-06-10,20–49
4155,2730,2025-02-20,90,3,Simulated Ward 18,2025-02-20,50–99
4157,2731,2025-03-20,52,1,Simulated Ward 15,2025-03-20,50–99
4158,2732,2026-08-25,259,3,Simulated Ward 11,2026-08-25,100+
4160,2733,2026-01-19,46,3,Simulated Ward 01,2026-01-19,20–49
4161,2734,2023-10-06,207,3,Simulated Ward 12,2023-10-06,100+
4162,2735,2024-02-02,85,3,Simulated Ward 17,2024-02-02,50–99
4163,2736,2023-10-09,96,3,Simulated Ward 03,2023-10-09,50–99
4164,2737,2026-01-19,38,3,Simulated Ward 20,2026-01-19,20–49
4165,2738,2025-04-27,19,3,Simulated Ward 04,2025-04-27,10–19
4166,2739,2023-06-27,162,2,Simulated Ward 06,2023-06-27,100+
4168,2740,2026-04-08,697,3,Simulated Ward 12,2026-04-08,100+
4169,2741,2025-05-29,123,3,Simulated Ward 09,2025-05-29,100+
4171,2742,2024-07-26,37,3,Simulated Ward 02,2024-07-26,20–49
4172,2743,2026-06-09,383,3,Simulated Ward 02,2026-06-09,100+
4173,2744,2025-09-04,72,3,Simulated Ward 21,2025-09-04,50–99
4175,2745,2026-08-08,153,3,Simulated Ward 07,2026-08-08,100+
4177,2746,2025-09-27,11,3,Simulated Ward 04,2025-09-27,10–19
4179,2747,2026-02-28,191,3,Simulated Ward 08,2026-02-28,100+
4180,2748,2023-12-09,14,3,Simulated Ward 22,2023-12-09,10–19
4182,2749,2026-02-11,19,1,Simulated Ward 17,2026-02-11,10–19
4183,2750,2025-02-04,16,3,Simulated Ward 07,2025-02-04,10–19
4184,2751,2026-05-08,84,3,Simulated Ward 17,2026-05-08,50–99
4186,2752,2025-01-18,142,3,Simulated Ward 23,2025-01-18,100+
4187,2753,2024-05-04,351,3,Simulated Ward 09,2024-05-04,100+
4188,2754,2025-12-27,663,3,Simulated Ward 11,2025-12-27,100+
4189,2755,2026-03-21,189,3,Simulated Ward 06,2026-03-21,100+
4191,2756,2026-07-27,15,3,Simulated Ward 16,2026-07-27,10–19
4192,2757,2025-01-02,11,3,Simulated Ward 11,2025-01-02,10–19
4193,2758,2024-08-22,10,1,Simulated Ward 18,2024-08-22,10–19
4194,2759,2025-11-02,55,3,Simulated Ward 21,2025-11-02,50–99
4195,2760,2024-08-27,98,3,Simulated Ward 20,2024-08-27,50–99
4196,2761,2024-09-07,43,3,Simulated Ward 05,2024-09-07,20–49
4197,2762,2024-05-31,34,3,Simulated Ward 01,2024-05-31,20–49
4199,2763,2024-04-06,118,3,Simulated Ward 19,2024-04-06,100+
4200,2764,2026-03-26,15,3,Simulated Ward 05,2026-03-26,10–19
4201,2765,2026-04-13,12,3,Simulated Ward 06,2026-04-13,10–19
4203,2766,2025-04-08,34,3,Simulated Ward 21,2025-04-08,20–49
4204,2767,2025-02-28,25,3,Simulated Ward 06,2025-02-28,20–49
4205,2768,2025-11-13,193,3,Simulated Ward 09,2025-11-13,100+
4207,2769,2026-07-06,37,3,Simulated Ward 11,2026-07-06,20–49
4210,2770,2024-08-07,13,3,Simulated Ward 10,2024-08-07,10–19
4211,2771,2026-07-13,49,3,Simulated Ward 18,2026-07-13,20–49
4213,2772,2025-03-18,360,3,Simulated Ward 06,2025-03-18,100+
4215,2773,2026-02-20,45,3,Simulated Ward 14,2026-02-20,20–49
4217,2774,2026-04-20,81,3,Simulated Ward 20,2026-04-20,50–99
4219,2775,2024-10-28,16,3,Simulated Ward 05,2024-10-28,10–19
4220,2776,2024-11-10,40,3,Simulated Ward 15,2024-11-10,20–49
4221,2777,2023-11-20,95,3,Simulated Ward 16,2023-11-20,50–99
4222,2778,2025-07-29,174,3,Simulated Ward 04,2025-07-29,100+
4223,2779,2026-01-08,34,3,Simulated Ward 13,2026-01-08,20–49
4224,2780,2023-09-26,12,3,Simulated Ward 21,2023-09-26,10–19
4226,2781,2025-03-01,166,3,Simulated Ward 21,2025-03-01,100+
4227,2782,2024-01-10,48,3,Simulated Ward 12,2024-01-10,20–49
4228,2783,2024-08-27,51,3,Simulated Ward 15,2024-08-27,50–99
4230,2784,2025-07-11,39,3,Simulated Ward 13,2025-07-11,20–49
4231,2785,2023-06-09,130,3,Simulated Ward 17,2023-06-09,100+
4232,2786,2024-03-31,14,3,Simulated Ward 06,2024-03-31,10–19
4233,2787,2026-09-23,32,3,Simulated Ward 13,2026-09-23,20–49
4235,2788,2025-08-21,46,3,Simulated Ward 04,2025-08-21,20–49
4238,2789,2026-03-05,198,3,Simulated Ward 01,2026-03-05,100+
4240,2790,2026-09-01,100,3,Simulated Ward 05,2026-09-01,100+
4242,2791,2024-07-22,29,3,Simulated Ward 15,2024-07-22,20–49
4243,2792,2024-07-09,44,3,Simulated Ward 24,2024-07-09,20–49
4244,2793,2024-12-31,267,3,Simulated Ward 23,2024-12-31,100+
4245,2794,2025-07-25,73,3,Simulated Ward 09,2025-07-25,50–99
4246,2795,2024-11-15,37,3,Simulated Ward 23,2024-11-15,20–49
4248,2796,2025-12-30,18,3,Simulated Ward 11,2025-12-30,10–19
4250,2797,2026-08-27,10,3,Simulated Ward 21,2026-08-27,10–19
4251,2798,2023-08-04,85,3,Simulated Ward 25,2023-08-04,50–99
4253,2799,2026-04-09,148,3,Simulated Ward 21,2026-04-09,100+
4254,2800,2023-07-10,14,1,Simulated Ward 04,2023-07-10,10–19
4255,2801,2023-07-22,87,3,Simulated Ward 22,2023-07-22,50–99
4257,2802,2026-08-24,12,3,Simulated Ward 08,2026-08-24,10–19
4259,2803,2025-02-26,200,3,Simulated Ward 07,2025-02-26,100+
4260,2804,2023-09-16,85,3,Simulated Ward 07,2023-09-16,50–99
4262,2805,2025-12-26,10,3,Simulated Ward 13,2025-12-26,10–19
4264,2806,2026-09-03,46,3,Simulated Ward 20,2026-09-03,20–49
4265,2807,2025-07-14,284,1,Simulated Ward 15,2025-07-14,100+
4266,2808,2024-11-04,34,3,Simulated Ward 11,2024-11-04,20–49
4269,2809,2026-07-26,80,3,Simulated Ward 06,2026-07-26,50–99
4270,2810,2026-01-13,14,2,Simulated Ward 04,2026-01-13,10–19
4272,2811,2026-03-07,18,3,Simulated Ward 05,2026-03-07,10–19
4274,2812,2025-07-27,38,3,Simulated Ward 04,2025-07-27,20–49
4275,2813,2025-12-26,53,3,Simulated Ward 13,2025-12-26,50–99
4276,2814,2025-05-20,373,3,Simulated Ward 10,2025-05-20,100+
4277,2815,2025-05-06,437,3,Simulated Ward 08,2025-05-06,100+
4279,2816,2025-07-30,181,3,Simulated Ward 03,2025-07-30,100+
4280,2817,2024-01-23,29,3,Simulated Ward 15,2024-01-23,20–49
4281,2818,2024-11-22,132,3,Simulated Ward 12,2024-11-22,100+
4282,2819,2024-04-10,266,3,Simulated Ward 08,2024-04-10,100+
4284,2820,2025-01-06,22,3,Simulated Ward 15,2025-01-06,20–49
4285,2821,2025-03-30,26,3,Simulated Ward 25,2025-03-30,20–49
4287,2822,2025-10-12,370,3,Simulated Ward 17,2025-10-12,100+
4288,2823,2025-01-04,23,3,Simulated Ward 02,2025-01-04,20–49
4290,2824,2025-02-04,126,3,Simulated Ward 25,2025-02-04,100+
4292,2825,2025-04-28,77,3,Simulated Ward 24,2025-04-28,50–99
4294,2826,2026-08-09,16,3,Simulated Ward 07,2026-08-09,10–19
4296,2827,2026-06-17,166,3,Simulated Ward 14,2026-06-17,100+
4298,2828,2026-04-02,317,3,Simulated Ward 03,2026-04-02,100+
4299,2829,2025-09-17,31,1,Simulated Ward 23,2025-09-17,20–49
4300,2830,2023-12-10,181,3,Simulated Ward 23,2023-12-10,100+
4302,2831,2024-09-28,78,3,Simulated Ward 10,2024-09-28,50–99
4304,2832,2024-12-11,46,3,Simulated Ward 08,2024-12-11,20–49
4305,2833,2026-05-14,19,3,Simulated Ward 24,2026-05-14,10–19
4307,2834,2025-08-21,77,3,Simulated Ward 04,2025-08-21,50–99
4309,2835,2025-02-05,26,3,Simulated Ward 24,2025-02-05,20–49
4310,2836,2023-11-26,20,3,Simulated Ward 20,2023-11-26,20–49
4312,2837,2024-10-07,26,3,Simulated Ward 22,2024-10-07,20–49
4313,2838,2024-07-08,49,3,Simulated Ward 12,2024-07-08,20–49
4315,2839,2026-01-26,317,3,Simulated Ward 01,2026-01-26,100+
4317,2840,2025-03-29,94,3,Simulated Ward 11,2025-03-29,50–99
4318,2841,2025-08-05,160,3,Simulated Ward 12,2025-08-05,100+
4320,2842,2025-05-25,64,3,Simulated Ward 14,2025-05-25,50–99
4322,2843,2026-04-03,150,3,Simulated Ward 04,2026-04-03,100+
4323,2844,2026-03-28,168,3,Simulated Ward 13,2026-03-28,100+
4324,2845,2023-10-01,70,3,Simulated Ward 12,2023-10-01,50–99
4326,2846,2025-11-23,299,3,Simulated Ward 10,2025-11-23,100+
4327,2847,2023-10-30,181,3,Simulated Ward 20,2023-10-30,100+
4328,2848,2023-09-01,30,3,Simulated Ward 24,2023-09-01,20–49
4330,2849,2025-07-01,19,3,Simulated Ward 05,2025-07-01,10–19
4331,2850,2026-08-22,200,3,Simulated Ward 22,2026-08-22,100+
4332,2851,2026-02-22,14,3,Simulated Ward 21,2026-02-22,10–19
4335,2852,2026-04-17,43,1,Simulated Ward 04,2026-04-17,20–49
4337,2853,2024-01-19,95,3,Simulated Ward 16,2024-01-19,50–99
4338,2854,2025-02-15,30,3,Simulated Ward 16,2025-02-15,20–49
4341,2855,2026-07-27,157,3,Simulated Ward 24,2026-07-27,100+
4342,2856,2023-08-31,91,3,Simulated Ward 03,2023-08-31,50–99
4343,2857,2026-02-16,30,3,Simulated Ward 14,2026-02-16,20–49
4345,2858,2026-05-28,13,3,Simulated Ward 02,2026-05-28,10–19
4347,2859,2026-01-25,66,3,Simulated Ward 01,2026-01-25,50–99
4348,2860,2023-12-22,39,3,Simulated Ward 24,2023-12-22,20–49
4349,2861,2023-09-07,56,3,Simulated Ward 03,2023-09-07,50–99
4350,2862,2026-09-18,189,3,Simulated Ward 22,2026-09-18,100+
4351,2863,2026-08-22,29,1,Simulated Ward 02,2026-08-22,20–49
4353,2864,2026-08-20,36,3,Simulated Ward 18,2026-08-20,20–49
4355,2865,2024-02-09,89,3,Simulated Ward 21,2024-02-09,50–99
4356,2866,2025-10-31,36,3,Simulated Ward 04,2025-10-31,20–49
4358,2867,2024-11-06,15,3,Simulated Ward 19,2024-11-06,10–19
4359,2868,2026-07-06,23,3,Simulated Ward 10,2026-07-06,20–49
4360,2869,2026-01-02,56,3,Simulated Ward 18,2026-01-02,50–99
4361,2870,2024-07-25,12,3,Simulated Ward 24,2024-07-25,10–19
4363,2871,2025-07-20,514,3,Simulated Ward 11,2025-07-20,100+
4364,2872,2023-10-25,29,3,Simulated Ward 04,2023-10-25,20–49
4365,2873,2024-01-04,292,1,Simulated Ward 24,2024-01-04,100+
4366,2874,2025-09-21,37,3,Simulated Ward 12,2025-09-21,20–49
4367,2875,2024-02-28,27,3,Simulated Ward 20,2024-02-28,20–49
4368,2876,2025-10-26,288,3,Simulated Ward 06,2025-10-26,100+
4369,2877,2025-11-09,64,2,Simulated Ward 15,2025-11-09,50–99
4370,2878,2023-12-24,37,3,Simulated Ward 22,2023-12-24,20–49
4371,2879,2025-11-12,54,3,Simulated Ward 20,2025-11-12,50–99
4372,2880,2026-02-20,198,3,Simulated Ward 25,2026-02-20,100+
4373,2881,2023-09-26,22,3,Simulated Ward 09,2023-09-26,20–49
4375,2882,2025-11-10,267,3,Simulated Ward 21,2025-11-10,100+
4378,2883,2026-04-20,27,3,Simulated Ward 13,2026-04-20,20–49
4379,2884,2023-12-15,76,3,Simulated Ward 05,2023-12-15,50–99
4380,2885,2023-10-04,71,3,Simulated Ward 03,2023-10-04,50–99
4382,2886,2025-06-26,51,1,Simulated Ward 01,2025-06-26,50–99
4384,2887,2025-12-07,211,3,Simulated Ward 11,2025-12-07,100+
4386,2888,2026-09-20,46,3,Simulated Ward 02,2026-09-20,20–49
4388,2889,2026-04-21,25,1,Simulated Ward 07,2026-04-21,20–49
4389,2890,2026-09-03,110,3,Simulated Ward 06,2026-09-03,100+
4391,2891,2026-05-23,21,3,Simulated Ward 19,2026-05-23,20–49
4392,2892,2025-10-10,48,3,Simulated Ward 18,2025-10-10,20–49
4394,2893,2026-07-24,47,3,Simulated Ward 08,2026-07-24,20–49
4395,2894,2025-05-10,167,3,Simulated Ward 20,2025-05-10,100+
4396,2895,2026-07-10,44,3,Simulated Ward 17,2026-07-10,20–49
4398,2896,2025-07-22,17,3,Simulated Ward 06,2025-07-22,10–19
4399,2897,2024-01-01,361,3,Simulated Ward 20,2024-01-01,100+
4402,2898,2026-03-17,27,3,Simulated Ward 10,2026-03-17,20–49
4403,2899,2024-05-23,84,3,Simulated Ward 12,2024-05-23,50–99
4404,2900,2024-05-09,24,3,Simulated Ward 07,2024-05-09,20–49
4406,2901,2025-09-16,57,3,Simulated Ward 06,2025-09-16,50–99
4409,2902,2025-07-10,193,3,Simulated Ward 20,2025-07-10,100+
4410,2903,2023-10-23,43,3,Simulated Ward 22,2023-10-23,20–49
4411,2904,2023-12-12,165,3,Simulated Ward 12,2023-12-12,100+
4412,2905,2024-12-21,35,3,Simulated Ward 03,2024-12-21,20–49
4413,2906,2023-11-28,142,3,Simulated Ward 23,2023-11-28,100+
4414,2907,2025-07-17,107,3,Simulated Ward 04,2025-07-17,100+
4415,2908,2023-08-20,55,3,Simulated Ward 01,2023-08-20,50–99
4416,2909,2023-10-14,22,3,Simulated Ward 15,2023-10-14,20–49
4417,2910,2025-11-07,314,3,Simulated Ward 06,2025-11-07,100+
4418,2911,2024-06-27,346,2,Simulated Ward 06,2024-06-27,100+
4420,2912,2025-11-11,136,3,Simulated Ward 23,2025-11-11,100+
4421,2913,2024-08-21,60,3,Simulated Ward 05,2024-08-21,50–99
4422,2914,2026-05-04,181,3,Simulated Ward 23,2026-05-04,100+
4423,2915,2025-03-16,39,1,Simulated Ward 16,2025-03-16,20–49
4424,2916,2025-10-07,10,3,Simulated Ward 05,2025-10-07,10–19
4425,2917,2025-05-03,15,3,Simulated Ward 21,2025-05-03,10–19
4426,2918,2025-12-19,11,3,Simulated Ward 16,2025-12-19,10–19
4428,2919,2026-07-25,100,0,Simulated Ward 07,2026-07-25,100+
4430,2920,2025-08-01,396,3,Simulated Ward 09,2025-08-01,100+
4431,2921,2026-04-30,87,3,Simulated Ward 14,2026-04-30,50–99
4432,2922,2024-02-10,31,3,Simulated Ward 08,2024-02-10,20–49
4434,2923,2026-08-19,45,1,Simulated Ward 01,2026-08-19,20–49
4436,2924,2024-01-30,24,3,Simulated Ward 08,2024-01-30,20–49
4437,2925,2023-12-01,42,3,Simulated Ward 12,2023-12-01,20–49
4438,2926,2026-04-14,96,3,Simulated Ward 19,2026-04-14,50–99
4439,2927,2025-06-03,113,3,Simulated Ward 17,2025-06-03,100+
4441,2928,2023-08-13,33,3,Simulated Ward 04,2023-08-13,20–49
4442,2929,2025-11-03,112,3,Simulated Ward 23,2025-11-03,100+
4443,2930,2025-03-23,16,3,Simulated Ward 12,2025-03-23,10–19
4444,2931,2025-05-26,30,1,Simulated Ward 09,2025-05-26,20–49
4446,2932,2024-02-01,16,3,Simulated Ward 08,2024-02-01,10–19
4447,2933,2024-09-19,31,3,Simulated Ward 17,2024-09-19,20–49
4449,2934,2025-12-21,259,1,Simulated Ward 15,2025-12-21,100+
4450,2935,2025-12-11,39,3,Simulated Ward 12,2025-12-11,20–49
4451,2936,2024-08-30,373,3,Simulated Ward 25,2024-08-30,100+
4452,2937,2026-06-17,27,3,Simulated Ward 07,2026-06-17,20–49
4454,2938,2026-09-04,79,3,Simulated Ward 20,2026-09-04,50–99
4456,2939,2024-12-19,129,3,Simulated Ward 02,2024-12-19,100+
4457,2940,2024-10-20,172,3,Simulated Ward 08,2024-10-20,100+
4459,2941,2024-05-11,58,3,Simulated Ward 23,2024-05-11,50–99
4460,2942,2026-09-24,41,3,Simulated Ward 17,2026-09-24,20–49
4461,2943,2025-06-16,310,3,Simulated Ward 25,2025-06-16,100+
4462,2944,2024-11-19,119,3,Simulated Ward 14,2024-11-19,100+
4463,2945,2023-12-26,32,3,Simulated Ward 02,2023-12-26,20–49
4464,2946,2024-03-10,14,3,Simulated Ward 03,2024-03-10,10–19
4466,2947,2025-12-24,68,3,Simulated Ward 12,2025-12-24,50–99
4467,2948,2025-08-20,26,3,Simulated Ward 08,2025-08-20,20–49
4468,2949,2024-07-17,33,3,Simulated Ward 03,2024-07-17,20–49
4469,2950,2024-06-16,25,3,Simulated Ward 04,2024-06-16,20–49
4471,2951,2025-05-02,11,3,Simulated Ward 19,2025-05-02,10–19
4472,2952,2023-11-15,14,3,Simulated Ward 02,2023-11-15,10–19
4473,2953,2025-03-20,126,3,Simulated Ward 18,2025-03-20,100+
4475,2954,2026-05-31,71,3,Simulated Ward 21,2026-05-31,50–99
4476,2955,2026-06-30,37,3,Simulated Ward 17,2026-06-30,20–49
4478,2956,2026-09-15,16,3,Simulated Ward 13,2026-09-15,10–19
4480,2957,2025-06-14,136,3,Simulated Ward 11,2025-06-14,100+
4482,2958,2026-05-31,216,3,Simulated Ward 11,2026-05-31,100+
4484,2959,2024-08-03,83,3,Simulated Ward 21,2024-08-03,50–99
4485,2960,2024-02-04,18,3,Simulated Ward 14,2024-02-04,10–19
4487,2961,2026-02-13,94,3,Simulated Ward 08,2026-02-13,50–99
4490,2962,2025-12-08,37,3,Simulated Ward 25,2025-12-08,20–49
4492,2963,2026-06-14,99,3,Simulated Ward 05,2026-06-14,50–99
4494,2964,2026-03-11,177,1,Simulated Ward 11,2026-03-11,100+
4496,2965,2025-09-02,15,1,Simulated Ward 03,2025-09-02,10–19
4497,2966,2024-04-29,32,3,Simulated Ward 22,2024-04-29,20–49
4498,2967,2024-01-28,185,3,Simulated Ward 01,2024-01-28,100+
4500,2968,2026-01-04,38,3,Simulated Ward 19,2026-01-04,20–49
4501,2969,2023-07-20,33,3,Simulated Ward 07,2023-07-20,20–49
4502,2970,2026-08-17,300,3,Simulated Ward 16,2026-08-17,100+
4504,2971,2025-05-24,47,3,Simulated Ward 12,2025-05-24,20–49
4505,2972,2023-06-28,115,1,Simulated Ward 14,2023-06-28,100+
4508,2973,2026-09-17,48,3,Simulated Ward 14,2026-09-17,20–49
4509,2974,2023-06-11,28,3,Simulated Ward 24,2023-06-11,20–49
4510,2975,2026-08-17,145,3,Simulated Ward 24,2026-08-17,100+
4511,2976,2026-04-30,76,0,Simulated Ward 01,2026-04-30,50–99
4513,2977,2026-05-11,45,3,Simulated Ward 01,2026-05-11,20–49
4515,2978,2025-06-12,17,3,Simulated Ward 08,2025-06-12,10–19
4516,2979,2025-05-24,317,3,Simulated Ward 15,2025-05-24,100+
4518,2980,2026-09-13,37,3,Simulated Ward 23,2026-09-13,20–49
4519,2981,2026-01-05,58,3,Simulated Ward 02,2026-01-05,50–99
4521,2982,2026-05-01,119,0,Simulated Ward 01,2026-05-01,100+
4523,2983,2026-05-07,18,3,Simulated Ward 08,2026-05-07,10–19
4525,2984,2025-11-05,17,3,Simulated Ward 19,2025-11-05,10–19
4526,2985,2025-10-24,236,3,Simulated Ward 13,2025-10-24,100+
4527,2986,2026-08-05,332,3,Simulated Ward 25,2026-08-05,100+
4528,2987,2026-03-06,223,3,Simulated Ward 08,2026-03-06,100+
4530,2988,2026-02-06,69,3,Simulated Ward 03,2026-02-06,50–99
4531,2989,2025-04-25,53,3,Simulated Ward 12,2025-04-25,50–99
4532,2990,2024-11-02,189,3,Simulated Ward 19,2024-11-02,100+
4534,2991,2025-11-23,34,3,Simulated Ward 20,2025-11-23,20–49
4535,2992,2024-10-14,61,3,Simulated Ward 21,2024-10-14,50–99
4538,2993,2026-07-28,57,3,Simulated Ward 03,2026-07-28,50–99
4540,2994,2026-03-27,18,3,Simulated Ward 21,2026-03-27,10–19
4541,2995,2024-05-26,176,3,Simulated Ward 25,2024-05-26,100+
4544,2996,2026-05-16,133,1,Simulated Ward 17,2026-05-16,100+
4545,2997,2023-06-21,13,1,Simulated Ward 14,2023-06-21,10–19
4547,2998,2026-07-17,28,3,Simulated Ward 15,2026-07-17,20–49
4548,2999,2025-05-29,64,3,Simulated Ward 25,2025-05-29,50–99
4550,3000,2024-08-14,25,3,Simulated Ward 23,2024-08-14,20–49
4551,3001,2023-06-29,10,3,Simulated Ward 06,2023-06-29,10–19
4554,3002,2026-06-15,96,3,Simulated Ward 23,2026-06-15,50–99
4555,3003,2025-06-26,30,3,Simulated Ward 08,2025-06-26,20–49
4557,3004,2025-04-03,321,3,Simulated Ward 12,2025-04-03,100+
4559,3005,2025-12-26,198,3,Simulated Ward 03,2025-12-26,100+
4561,3006,2024-12-09,36,3,Simulated Ward 13,2024-12-09,20–49
4563,3007,2025-10-23,23,3,Simulated Ward 16,2025-10-23,20–49
4564,3008,2026-01-11,13,3,Simulated Ward 22,2026-01-11,10–19
4565,3009,2026-09-22,133,3,Simulated Ward 16,2026-09-22,100+
4567,3010,2026-04-17,46,3,Simulated Ward 20,2026-04-17,20–49
4568,3011,2025-11-30,104,3,Simulated Ward 22,2025-11-30,100+
4570,3012,2024-12-05,89,3,Simulated Ward 07,2024-12-05,50–99
4571,3013,2023-07-23,12,3,Simulated Ward 15,2023-07-23,10–19
4572,3014,2023-07-01,723,3,Simulated Ward 06,2023-07-01,100+
4573,3015,2025-03-18,55,3,Simulated Ward 17,2025-03-18,50–99
4575,3016,2023-11-06,187,1,Simulated Ward 20,2023-11-06,100+
4576,3017,2026-07-02,12,3,Simulated Ward 06,2026-07-02,10–19
4578,3018,2025-09-02,14,3,Simulated Ward 10,2025-09-02,10–19
4580,3019,2025-05-20,20,3,Simulated Ward 02,2025-05-20,20–49
4582,3020,2026-06-02,97,1,Simulated Ward 23,2026-06-02,50–99
4584,3021,2024-07-28,61,3,Simulated Ward 05,2024-07-28,50–99
4585,3022,2024-02-06,28,3,Simulated Ward 24,2024-02-06,20–49
4586,3023,2026-08-26,19,3,Simulated Ward 17,2026-08-26,10–19
4587,3024,2023-06-11,36,1,Simulated Ward 24,2023-06-11,20–49
4589,3025,2025-11-19,130,3,Simulated Ward 17,2025-11-19,100+
4591,3026,2025-09-24,142,3,Simulated Ward 15,2025-09-24,100+
4592,3027,2025-09-18,162,3,Simulated Ward 16,2025-09-18,100+
4594,3028,2026-08-05,48,3,Simulated Ward 19,2026-08-05,20–49
4595,3029,2025-08-12,51,3,Simulated Ward 22,2025-08-12,50–99
4597,3030,2026-08-17,323,3,Simulated Ward 11,2026-08-17,100+
4598,3031,2025-01-07,15,3,Simulated Ward 03,2025-01-07,10–19
4599,3032,2024-08-28,48,3,Simulated Ward 14,2024-08-28,20–49
4601,3033,2025-09-02,79,3,Simulated Ward 13,2025-09-02,50–99
4603,3034,2026-03-12,15,3,Simulated Ward 23,2026-03-12,10–19
4605,3035,2025-05-04,34,3,Simulated Ward 25,2025-05-04,20–49
4607,3036,2026-04-23,39,1,Simulated Ward 13,2026-04-23,20–49
4608,3037,2025-12-06,53,3,Simulated Ward 02,2025-12-06,50–99
4610,3038,2026-04-28,109,3,Simulated Ward 16,2026-04-28,100+
4611,3039,2025-10-17,93,3,Simulated Ward 19,2025-10-17,50–99
4613,3040,2026-04-17,112,3,Simulated Ward 11,2026-04-17,100+
4615,3041,2026-05-01,19,3,Simulated Ward 04,2026-05-01,10–19
4616,3042,2026-08-19,79,2,Simulated Ward 15,2026-08-19,50–99
4618,3043,2026-09-24,70,3,Simulated Ward 15,2026-09-24,50–99
4620,3044,2026-05-27,99,3,Simulated Ward 12,2026-05-27,50–99
4621,3045,2023-06-05,147,3,Simulated Ward 23,2023-06-05,100+
4622,3046,2025-07-11,95,3,Simulated Ward 15,2025-07-11,50–99
4624,3047,2026-09-24,168,3,Simulated Ward 21,2026-09-24,100+
4625,3048,2026-01-09,135,3,Simulated Ward 06,2026-01-09,100+
4627,3049,2025-01-19,74,3,Simulated Ward 12,2025-01-19,50–99
4629,3050,2024-05-30,645,3,Simulated Ward 21,2024-05-30,100+
4630,3051,2023-06-07,33,3,Simulated Ward 13,2023-06-07,20–49
4631,3052,2024-07-31,48,3,Simulated Ward 15,2024-07-31,20–49
4633,3053,2026-02-22,104,3,Simulated Ward 13,2026-02-22,100+
4634,3054,2023-10-02,51,3,Simulated Ward 14,2023-10-02,50–99
4636,3055,2025-12-30,67,3,Simulated Ward 21,2025-12-30,50–99
4638,3056,2025-01-25,31,3,Simulated Ward 03,2025-01-25,20–49
4639,3057,2026-07-08,317,3,Simulated Ward 21,2026-07-08,100+
4641,3058,2026-01-10,22,3,Simulated Ward 19,2026-01-10,20–49
4642,3059,2025-05-22,122,1,Simulated Ward 07,2025-05-22,100+
4643,3060,2024-10-04,92,3,Simulated Ward 25,2024-10-04,50–99
4645,3061,2026-06-29,44,3,Simulated Ward 21,2026-06-29,20–49
4647,3062,2026-07-22,80,3,Simulated Ward 01,2026-07-22,50–99
4648,3063,2024-08-14,81,3,Simulated Ward 11,2024-08-14,50–99
4649,3064,2024-12-01,16,3,Simulated Ward 25,2024-12-01,10–19
4650,3065,2025-10-22,49,3,Simulated Ward 06,2025-10-22,20–49
4652,3066,2026-09-19,16,3,Simulated Ward 25,2026-09-19,10–19
4654,3067,2025-02-15,177,3,Simulated Ward 15,2025-02-15,100+
4656,3068,2026-09-23,141,3,Simulated Ward 19,2026-09-23,100+
4658,3069,2026-04-24,123,1,Simulated Ward 01,2026-04-24,100+
4659,3070,2025-11-19,29,3,Simulated Ward 03,2025-11-19,20–49
4660,3071,2024-12-23,11,3,Simulated Ward 14,2024-12-23,10–19
4662,3072,2025-09-06,91,3,Simulated Ward 20,2025-09-06,50–99
4664,3073,2024-05-23,197,1,Simulated Ward 05,2024-05-23,100+
4666,3074,2024-11-25,173,3,Simulated Ward 14,2024-11-25,100+
4668,3075,2026-04-21,321,3,Simulated Ward 15,2026-04-21,100+
4669,3076,2026-03-04,104,3,Simulated Ward 01,2026-03-04,100+
4670,3077,2025-09-18,11,3,Simulated Ward 18,2025-09-18,10–19
4673,3078,2025-08-14,85,3,Simulated Ward 17,2025-08-14,50–99
4674,3079,2024-09-16,18,3,Simulated Ward 06,2024-09-16,10–19
4676,3080,2023-08-02,30,3,Simulated Ward 25,2023-08-02,20–49
4677,3081,2025-03-22,111,3,Simulated Ward 13,2025-03-22,100+
4678,3082,2023-10-15,10,3,Simulated Ward 19,2023-10-15,10–19
4679,3083,2023-09-01,23,3,Simulated Ward 02,2023-09-01,20–49
4681,3084,2026-04-16,109,3,Simulated Ward 15,2026-04-16,100+
4682,3085,2023-09-19,12,3,Simulated Ward 13,2023-09-19,10–19
4683,3086,2026-06-15,16,3,Simulated Ward 24,2026-06-15,10–19
4684,3087,2024-06-17,74,3,Simulated Ward 22,2024-06-17,50–99
4685,3088,2025-03-10,29,3,Simulated Ward 20,2025-03-10,20–49
4687,3089,2026-09-12,44,3,Simulated Ward 01,2026-09-12,20–49
4688,3090,2026-06-03,187,3,Simulated Ward 14,2026-06-03,100+
4689,3091,2023-11-18,28,3,Simulated Ward 20,2023-11-18,20–49
4690,3092,2025-02-20,107,3,Simulated Ward 11,2025-02-20,100+
4691,3093,2024-01-27,19,3,Simulated Ward 06,2024-01-27,10–19
4692,3094,2025-08-24,42,1,Simulated Ward 17,2025-08-24,20–49
4694,3095,2025-12-11,207,3,Simulated Ward 12,2025-12-11,100+
4695,3096,2026-06-22,14,3,Simulated Ward 12,2026-06-22,10–19
4697,3097,2023-11-20,271,3,Simulated Ward 06,2023-11-20,100+
4699,3098,2024-11-02,10,3,Simulated Ward 15,2024-11-02,10–19
4701,3099,2026-07-30,156,3,Simulated Ward 18,2026-07-30,100+
4702,3100,2023-10-05,258,3,Simulated Ward 19,2023-10-05,100+
4704,3101,2025-01-07,314,3,Simulated Ward 09,2025-01-07,100+
4706,3102,2025-06-19,303,3,Simulated Ward 06,2025-06-19,100+
4708,3103,2025-11-28,198,3,Simulated Ward 20,2025-11-28,100+
4709,3104,2025-04-09,16,3,Simulated Ward 04,2025-04-09,10–19
4711,3105,2025-12-29,33,3,Simulated Ward 19,2025-12-29,20–49
4713,3106,2025-03-13,284,3,Simulated Ward 06,2025-03-13,100+
4715,3107,2025-01-01,197,3,Simulated Ward 05,2025-01-01,100+
4717,3108,2025-08-04,53,3,Simulated Ward 23,2025-08-04,50–99
4719,3109,2026-09-15,36,3,Simulated Ward 10,2026-09-15,20–49
4720,3110,2024-02-19,26,3,Simulated Ward 19,2024-02-19,20–49
4722,3111,2026-01-27,16,3,Simulated Ward 03,2026-01-27,10–19
4724,3112,2025-03-27,14,3,Simulated Ward 11,2025-03-27,10–19
4725,3113,2024-12-20,147,3,Simulated Ward 12,2024-12-20,100+
4726,3114,2024-11-14,314,3,Simulated Ward 11,2024-11-14,100+
4728,3115,2026-04-09,42,3,Simulated Ward 16,2026-04-09,20–49
4729,3116,2024-03-12,623,3,Simulated Ward 09,2024-03-12,100+
4730,3117,2025-04-19,78,3,Simulated Ward 16,2025-04-19,50–99
4731,3118,2025-12-26,10,3,Simulated Ward 09,2025-12-26,10–19
4733,3119,2025-03-17,11,3,Simulated Ward 19,2025-03-17,10–19
4734,3120,2024-07-26,18,3,Simulated Ward 02,2024-07-26,10–19
4736,3121,2025-10-30,12,3,Simulated Ward 25,2025-10-30,10–19
4738,3122,2025-03-26,45,3,Simulated Ward 06,2025-03-26,20–49
4739,3123,2023-09-16,16,3,Simulated Ward 07,2023-09-16,10–19
4741,3124,2026-06-13,280,3,Simulated Ward 03,2026-06-13,100+
4742,3125,2023-08-25,167,3,Simulated Ward 19,2023-08-25,100+
4745,3126,2025-08-04,278,1,Simulated Ward 04,2025-08-04,100+
4747,3127,2024-10-05,65,3,Simulated Ward 20,2024-10-05,50–99
4748,3128,2025-05-22,30,3,Simulated Ward 17,2025-05-22,20–49
4750,3129,2025-11-22,92,3,Simulated Ward 25,2025-11-22,50–99
4752,3130,2026-06-30,315,3,Simulated Ward 03,2026-06-30,100+
4753,3131,2024-09-28,93,3,Simulated Ward 16,2024-09-28,50–99
4755,3132,2024-12-05,60,3,Simulated Ward 17,2024-12-05,50–99
4757,3133,2025-05-09,25,3,Simulated Ward 21,2025-05-09,20–49
4758,3134,2024-08-20,343,3,Simulated Ward 08,2024-08-20,100+
4760,3135,2025-06-12,19,3,Simulated Ward 19,2025-06-12,10–19
4761,3136,2023-12-13,352,3,Simulated Ward 23,2023-12-13,100+
4762,3137,2025-10-05,57,3,Simulated Ward 23,2025-10-05,50–99
4764,3138,2026-08-02,120,3,Simulated Ward 13,2026-08-02,100+
4766,3139,2025-07-09,29,1,Simulated Ward 05,2025-07-09,20–49
4768,3140,2025-09-08,18,3,Simulated Ward 13,2025-09-08,10–19
4770,3141,2026-01-19,302,3,Simulated Ward 02,2026-01-19,100+
4771,3142,2024-05-23,137,3,Simulated Ward 16,2024-05-23,100+
4773,3143,2025-05-22,31,3,Simulated Ward 02,2025-05-22,20–49
4775,3144,2025-10-04,33,3,Simulated Ward 23,2025-10-04,20–49
4777,3145,2025-04-09,78,3,Simulated Ward 23,2025-04-09,50–99
4778,3146,2023-11-03,194,0,Simulated Ward 08,2023-11-03,100+
4779,3147,2025-05-11,268,3,Simulated Ward 03,2025-05-11,100+
4780,3148,2026-01-12,27,3,Simulated Ward 23,2026-01-12,20–49
4782,3149,2024-10-15,43,3,Simulated Ward 25,2024-10-15,20–49
4783,3150,2025-12-05,16,3,Simulated Ward 15,2025-12-05,10–19
4785,3151,2026-07-15,19,3,Simulated Ward 08,2026-07-15,10–19
4786,3152,2024-02-07,297,3,Simulated Ward 13,2024-02-07,100+
4787,3153,2025-06-03,10,3,Simulated Ward 05,2025-06-03,10–19
4788,3154,2026-08-18,321,3,Simulated Ward 14,2026-08-18,100+
4789,3155,2024-10-17,15,1,Simulated Ward 24,2024-10-17,10–19
4790,3156,2024-11-11,201,3,Simulated Ward 22,2024-11-11,100+
4791,3157,2024-06-20,12,3,Simulated Ward 05,2024-06-20,10–19
4792,3158,2024-09-17,66,3,Simulated Ward 10,2024-09-17,50–99
4794,3159,2026-06-28,28,0,Simulated Ward 06,2026-06-28,20–49
4795,3160,2024-03-09,60,3,Simulated Ward 16,2024-03-09,50–99
4796,3161,2023-07-22,14,3,Simulated Ward 01,2023-07-22,10–19
4798,3162,2023-07-16,220,3,Simulated Ward 01,2023-07-16,100+
4800,3163,2024-09-10,11,3,Simulated Ward 01,2024-09-10,10–19
4803,3164,2025-10-13,18,3,Simulated Ward 17,2025-10-13,10–19
4805,3165,2026-07-31,248,3,Simulated Ward 21,2026-07-31,100+
4807,3166,2024-11-05,26,3,Simulated Ward 23,2024-11-05,20–49
4809,3167,2024-05-31,36,1,Simulated Ward 03,2024-05-31,20–49
4810,3168,2025-11-13,112,3,Simulated Ward 19,2025-11-13,100+
4812,3169,2024-08-08,574,1,Simulated Ward 23,2024-08-08,100+
4813,3170,2025-09-10,18,3,Simulated Ward 09,2025-09-10,10–19
4815,3171,2026-03-11,47,3,Simulated Ward 23,2026-03-11,20–49
4817,3172,2025-01-19,89,1,Simulated Ward 12,2025-01-19,50–99
4818,3173,2025-11-29,111,3,Simulated Ward 19,2025-11-29,100+
4819,3174,2026-06-17,347,3,Simulated Ward 03,2026-06-17,100+
4820,3175,2025-12-18,53,3,Simulated Ward 07,2025-12-18,50–99
4821,3176,2024-01-10,220,3,Simulated Ward 07,2024-01-10,100+
4822,3177,2026-07-14,11,1,Simulated Ward 01,2026-07-14,10–19
4824,3178,2025-12-18,99,1,Simulated Ward 24,2025-12-18,50–99
4825,3179,2024-12-24,30,3,Simulated Ward 17,2024-12-24,20–49
4827,3180,2026-08-19,41,3,Simulated Ward 24,2026-08-19,20–49
4828,3181,2025-01-21,306,3,Simulated Ward 06,2025-01-21,100+
4830,3182,2025-12-11,68,3,Simulated Ward 07,2025-12-11,50–99
4831,3183,2025-09-12,190,3,Simulated Ward 25,2025-09-12,100+
4833,3184,2026-03-15,282,3,Simulated Ward 25,2026-03-15,100+
4835,3185,2025-01-29,22,3,Simulated Ward 01,2025-01-29,20–49
4837,3186,2024-11-07,64,3,Simulated Ward 24,2024-11-07,50–99
4838,3187,2026-04-28,65,3,Simulated Ward 05,2026-04-28,50–99
4840,3188,2026-03-23,23,1,Simulated Ward 09,2026-03-23,20–49
4841,3189,2026-08-18,131,1,Simulated Ward 21,2026-08-18,100+
4842,3190,2025-09-28,56,3,Simulated Ward 01,2025-09-28,50–99
4843,3191,2024-12-03,71,3,Simulated Ward 21,2024-12-03,50–99
4845,3192,2026-09-01,15,1,Simulated Ward 16,2026-09-01,10–19
4847,3193,2025-11-22,197,1,Simulated Ward 13,2025-11-22,100+
4849,3194,2025-04-08,78,3,Simulated Ward 03,2025-04-08,50–99
4851,3195,2025-03-01,201,1,Simulated Ward 02,2025-03-01,100+
4853,3196,2025-07-14,29,3,Simulated Ward 17,2025-07-14,20–49
4854,3197,2025-01-19,57,3,Simulated Ward 24,2025-01-19,50–99
4855,3198,2023-07-27,84,3,Simulated Ward 11,2023-07-27,50–99
4856,3199,2024-09-18,88,3,Simulated Ward 02,2024-09-18,50–99
4858,3200,2025-07-17,15,3,Simulated Ward 03,2025-07-17,10–19
4860,3201,2026-08-09,107,3,Simulated Ward 08,2026-08-09,100+
4861,3202,2024-05-21,64,3,Simulated Ward 05,2024-05-21,50–99
4862,3203,2024-04-06,49,3,Simulated Ward 17,2024-04-06,20–49
4863,3204,2023-10-15,153,3,Simulated Ward 25,2023-10-15,100+
4864,3205,2023-10-11,44,3,Simulated Ward 10,2023-10-11,20–49
4866,3206,2025-01-19,94,3,Simulated Ward 06,2025-01-19,50–99
4867,3207,2025-05-28,45,0,Simulated Ward 20,2025-05-28,20–49
4869,3208,2025-10-26,314,3,Simulated Ward 04,2025-10-26,100+
4870,3209,2025-02-10,10,3,Simulated Ward 10,2025-02-10,10–19
4871,3210,2026-09-10,30,3,Simulated Ward 02,2026-09-10,20–49
4872,3211,2026-01-05,42,3,Simulated Ward 09,2026-01-05,20–49
4874,3212,2024-08-18,185,1,Simulated Ward 25,2024-08-18,100+
4876,3213,2026-05-17,158,3,Simulated Ward 07,2026-05-17,100+
4877,3214,2023-06-16,90,3,Simulated Ward 24,2023-06-16,50–99
4879,3215,2026-06-27,136,3,Simulated Ward 20,2026-06-27,100+
4880,3216,2026-09-04,33,3,Simulated Ward 11,2026-09-04,20–49
4882,3217,2026-08-20,14,3,Simulated Ward 18,2026-08-20,10–19
4884,3218,2025-10-11,68,1,Simulated Ward 19,2025-10-11,50–99
4886,3219,2025-10-07,213,3,Simulated Ward 17,2025-10-07,100+
4888,3220,2026-09-08,47,3,Simulated Ward 01,2026-09-08,20–49
4890,3221,2026-08-16,186,3,Simulated Ward 13,2026-08-16,100+
4891,3222,2026-03-17,18,3,Simulated Ward 19,2026-03-17,10–19
4893,3223,2024-04-05,43,3,Simulated Ward 17,2024-04-05,20–49
4894,3224,2026-06-18,24,3,Simulated Ward 17,2026-06-18,20–49
4895,3225,2024-10-22,32,1,Simulated Ward 20,2024-10-22,20–49
4896,3226,2025-11-06,54,1,Simulated Ward 04,2025-11-06,50–99
4897,3227,2025-08-02,25,3,Simulated Ward 04,2025-08-02,20–49
4898,3228,2025-12-26,49,3,Simulated Ward 23,2025-12-26,20–49
4899,3229,2024-09-10,40,3,Simulated Ward 18,2024-09-10,20–49
4900,3230,2024-07-17,21,3,Simulated Ward 14,2024-07-17,20–49
4902,3231,2026-01-20,11,3,Simulated Ward 22,2026-01-20,10–19
4903,3232,2024-07-18,95,3,Simulated Ward 14,2024-07-18,50–99
4905,3233,2024-06-08,167,3,Simulated Ward 22,2024-06-08,100+
4907,3234,2025-04-14,118,3,Simulated Ward 15,2025-04-14,100+
4909,3235,2024-11-22,247,3,Simulated Ward 03,2024-11-22,100+
4910,3236,2025-07-06,83,3,Simulated Ward 10,2025-07-06,50–99
4912,3237,2025-02-12,36,3,Simulated Ward 17,2025-02-12,20–49
4914,3238,2026-08-04,12,1,Simulated Ward 05,2026-08-04,10–19
4916,3239,2026-06-03,27,3,Simulated Ward 15,2026-06-03,20–49
4917,3240,2024-07-10,189,3,Simulated Ward 21,2024-07-10,100+
4918,3241,2023-08-01,354,3,Simulated Ward 19,2023-08-01,100+
4920,3242,2026-05-15,310,3,Simulated Ward 07,2026-05-15,100+
4921,3243,2024-11-27,260,3,Simulated Ward 22,2024-11-27,100+
4922,3244,2025-04-21,47,3,Simulated Ward 15,2025-04-21,20–49
4923,3245,2023-12-07,15,3,Simulated Ward 17,2023-12-07,10–19
4925,3246,2026-04-12,98,3,Simulated Ward 17,2026-04-12,50–99
4926,3247,2023-08-23,30,3,Simulated Ward 17,2023-08-23,20–49
4927,3248,2026-09-18,206,3,Simulated Ward 06,2026-09-18,100+
4928,3249,2026-02-15,164,3,Simulated Ward 23,2026-02-15,100+
4929,3250,2024-11-19,141,3,Simulated Ward 16,2024-11-19,100+
4930,3251,2023-12-11,28,3,Simulated Ward 18,2023-12-11,20–49
4931,3252,2023-12-18,637,3,Simulated Ward 22,2023-12-18,100+
4932,3253,2025-08-12,61,3,Simulated Ward 07,2025-08-12,50–99
4934,3254,2025-02-05,19,3,Simulated Ward 10,2025-02-05,10–19
4936,3255,2026-05-13,31,3,Simulated Ward 16,2026-05-13,20–49
4938,3256,2025-09-05,10,3,Simulated Ward 13,2025-09-05,10–19
4941,3257,2025-10-20,34,3,Simulated Ward 18,2025-10-20,20–49
4943,3258,2025-04-04,14,3,Simulated Ward 15,2025-04-04,10–19
4944,3259,2025-09-25,16,3,Simulated Ward 18,2025-09-25,10–19
4946,3260,2025-03-18,48,3,Simulated Ward 18,2025-03-18,20–49
4947,3261,2026-08-20,314,3,Simulated Ward 14,2026-08-20,100+
4949,3262,2026-03-11,94,3,Simulated Ward 02,2026-03-11,50–99
4950,3263,2025-11-19,10,3,Simulated Ward 18,2025-11-19,10–19
4952,3264,2025-04-08,277,1,Simulated Ward 13,2025-04-08,100+
4954,3265,2026-04-09,38,3,Simulated Ward 04,2026-04-09,20–49
4955,3266,2023-12-27,18,1,Simulated Ward 04,2023-12-27,10–19
4956,3267,2025-10-17,32,3,Simulated Ward 25,2025-10-17,20–49
4957,3268,2025-10-18,115,3,Simulated Ward 16,2025-10-18,100+
4959,3269,2025-08-08,59,3,Simulated Ward 07,2025-08-08,50–99
4960,3270,2023-08-29,370,3,Simulated Ward 10,2023-08-29,100+
4962,3271,2024-08-23,32,3,Simulated Ward 04,2024-08-23,20–49
4963,3272,2024-12-20,64,3,Simulated Ward 13,2024-12-20,50–99
4965,3273,2024-11-28,30,3,Simulated Ward 11,2024-11-28,20–49
4966,3274,2025-02-16,674,3,Simulated Ward 24,2025-02-16,100+
4968,3275,2026-08-21,63,3,Simulated Ward 17,2026-08-21,50–99
4969,3276,2024-06-11,197,3,Simulated Ward 22,2024-06-11,100+
4970,3277,2026-09-05,96,3,Simulated Ward 12,2026-09-05,50–99
4971,3278,2023-09-25,324,1,Simulated Ward 05,2023-09-25,100+
4973,3279,2025-04-21,381,3,Simulated Ward 02,2025-04-21,100+
4974,3280,2023-08-19,41,3,Simulated Ward 13,2023-08-19,20–49
4977,3281,2025-05-02,41,3,Simulated Ward 16,2025-05-02,20–49
4979,3282,2025-10-08,37,3,Simulated Ward 19,2025-10-08,20–49
4981,3283,2025-05-16,292,0,Simulated Ward 06,2025-05-16,100+
4982,3284,2026-07-31,82,3,Simulated Ward 02,2026-07-31,50–99
4983,3285,2023-06-20,16,3,Simulated Ward 16,2023-06-20,10–19
4984,3286,2024-01-23,143,3,Simulated Ward 15,2024-01-23,100+
4986,3287,2026-02-12,15,3,Simulated Ward 02,2026-02-12,10–19
4987,3288,2025-03-23,97,3,Simulated Ward 21,2025-03-23,50–99
4988,3289,2024-12-27,46,3,Simulated Ward 10,2024-12-27,20–49
4989,3290,2025-01-02,80,2,Simulated Ward 24,2025-01-02,50–99
4990,3291,2026-07-15,27,1,Simulated Ward 08,2026-07-15,20–49
4991,3292,2023-12-05,23,3,Simulated Ward 17,2023-12-05,20–49
4992,3293,2026-08-19,37,1,Simulated Ward 13,2026-08-19,20–49
4994,3294,2026-04-24,18,1,Simulated Ward 01,2026-04-24,10–19
4995,3295,2024-06-12,10,3,Simulated Ward 21,2024-06-12,10–19
4996,3296,2025-04-09,26,3,Simulated Ward 18,2025-04-09,20–49
4997,3297,2024-07-01,11,3,Simulated Ward 17,2024-07-01,10–19
5000,3298,2024-10-13,25,3,Simulated Ward 06,2024-10-13,20–49
5001,3299,2025-12-09,10,3,Simulated Ward 02,2025-12-09,10–19
5002,3300,2024-02-12,180,3,Simulated Ward 09,2024-02-12,100+
5004,3301,2026-07-26,227,3,Simulated Ward 16,2026-07-26,100+
5006,3302,2026-06-03,167,3,Simulated Ward 25,2026-06-03,100+
5007,3303,2024-12-19,16,3,Simulated Ward 06,2024-12-19,10–19
5009,3304,2025-05-25,34,3,Simulated Ward 06,2025-05-25,20–49
5010,3305,2023-08-28,79,3,Simulated Ward 11,2023-08-28,50–99
5011,3306,2023-06-28,38,3,Simulated Ward 03,2023-06-28,20–49
5013,3307,2026-02-25,150,3,Simulated Ward 24,2026-02-25,100+
5014,3308,2024-08-21,83,3,Simulated Ward 16,2024-08-21,50–99
5015,3309,2024-11-10,87,3,Simulated Ward 05,2024-11-10,50–99
5018,3310,2024-09-19,40,3,Simulated Ward 07,2024-09-19,20–49
5020,3311,2025-10-29,12,3,Simulated Ward 07,2025-10-29,10–19
5021,3312,2026-07-22,277,3,Simulated Ward 20,2026-07-22,100+
5022,3313,2026-04-26,383,3,Simulated Ward 23,2026-04-26,100+
5023,3314,2023-07-05,34,3,Simulated Ward 22,2023-07-05,20–49
5025,3315,2025-07-05,90,1,Simulated Ward 22,2025-07-05,50–99
5026,3316,2024-05-13,33,3,Simulated Ward 09,2024-05-13,20–49
5028,3317,2023-12-17,21,3,Simulated Ward 05,2023-12-17,20–49
5029,3318,2024-02-04,10,3,Simulated Ward 09,2024-02-04,10–19
5030,3319,2025-05-28,42,1,Simulated Ward 07,2025-05-28,20–49
5032,3320,2025-10-17,28,3,Simulated Ward 21,2025-10-17,20–49
5034,3321,2026-05-05,91,3,Simulated Ward 01,2026-05-05,50–99
5035,3322,2025-04-02,28,3,Simulated Ward 08,2025-04-02,20–49
5037,3323,2025-08-07,19,3,Simulated Ward 16,2025-08-07,10–19
5038,3324,2026-08-10,189,3,Simulated Ward 11,2026-08-10,100+
5040,3325,2026-04-05,39,3,Simulated Ward 13,2026-04-05,20–49
5041,3326,2025-01-06,11,1,Simulated Ward 01,2025-01-06,10–19
5042,3327,2026-02-26,84,3,Simulated Ward 06,2026-02-26,50–99
5043,3328,2025-03-03,15,3,Simulated Ward 05,2025-03-03,10–19
5045,3329,2024-12-23,331,3,Simulated Ward 08,2024-12-23,100+
5047,3330,2025-06-04,12,3,Simulated Ward 13,2025-06-04,10–19
5048,3331,2023-07-24,316,3,Simulated Ward 09,2023-07-24,100+
5049,3332,2026-03-07,318,2,Simulated Ward 17,2026-03-07,100+
5051,3333,2026-04-19,18,3,Simulated Ward 16,2026-04-19,10–19
5053,3334,2025-12-18,67,3,Simulated Ward 10,2025-12-18,50–99
5054,3335,2023-12-28,203,3,Simulated Ward 10,2023-12-28,100+
5055,3336,2023-10-21,67,3,Simulated Ward 23,2023-10-21,50–99
5056,3337,2024-11-09,15,3,Simulated Ward 19,2024-11-09,10–19
5057,3338,2024-10-22,64,3,Simulated Ward 22,2024-10-22,50–99
5058,3339,2024-01-27,68,3,Simulated Ward 13,2024-01-27,50–99
5060,3340,2025-09-06,47,3,Simulated Ward 21,2025-09-06,20–49
5062,3341,2024-05-04,18,1,Simulated Ward 12,2024-05-04,10–19
5064,3342,2025-11-07,169,3,Simulated Ward 05,2025-11-07,100+
5065,3343,2023-08-06,196,3,Simulated Ward 06,2023-08-06,100+
5066,3344,2024-05-28,49,3,Simulated Ward 13,2024-05-28,20–49
5068,3345,2024-08-23,25,3,Simulated Ward 04,2024-08-23,20–49
5070,3346,2025-11-05,47,3,Simulated Ward 09,2025-11-05,20–49
5072,3347,2024-07-14,24,1,Simulated Ward 05,2024-07-14,20–49
5073,3348,2025-10-29,10,3,Simulated Ward 18,2025-10-29,10–19
5074,3349,2024-12-17,136,1,Simulated Ward 11,2024-12-17,100+
5076,3350,2026-03-31,15,3,Simulated Ward 16,2026-03-31,10–19
5077,3351,2024-01-12,374,3,Simulated Ward 14,2024-01-12,100+
5078,3352,2026-07-08,43,3,Simulated Ward 23,2026-07-08,20–49
5080,3353,2026-07-24,132,3,Simulated Ward 20,2026-07-24,100+
5082,3354,2026-05-03,11,3,Simulated Ward 11,2026-05-03,10–19
5084,3355,2024-11-02,14,3,Simulated Ward 25,2024-11-02,10–19
5085,3356,2025-07-26,346,3,Simulated Ward 19,2025-07-26,100+
5087,3357,2024-12-23,76,3,Simulated Ward 04,2024-12-23,50–99
5088,3358,2026-04-01,260,3,Simulated Ward 03,2026-04-01,100+
5091,3359,2026-07-11,105,3,Simulated Ward 12,2026-07-11,100+
5092,3360,2023-08-28,226,2,Simulated Ward 17,2023-08-28,100+
5093,3361,2024-08-21,51,3,Simulated Ward 13,2024-08-21,50–99
5094,3362,2025-12-25,91,1,Simulated Ward 15,2025-12-25,50–99
5095,3363,2026-06-16,57,3,Simulated Ward 24,2026-06-16,50–99
5097,3364,2026-08-21,55,3,Simulated Ward 01,2026-08-21,50–99
5098,3365,2025-08-13,105,3,Simulated Ward 04,2025-08-13,100+
5099,3366,2023-08-16,11,3,Simulated Ward 20,2023-08-16,10–19
5100,3367,2023-09-25,31,3,Simulated Ward 11,2023-09-25,20–49
5102,3368,2025-06-13,254,3,Simulated Ward 08,2025-06-13,100+
5103,3369,2024-06-17,53,3,Simulated Ward 15,2024-06-17,50–99
5104,3370,2023-08-26,30,3,Simulated Ward 10,2023-08-26,20–49
5105,3371,2024-09-24,50,3,Simulated Ward 21,2024-09-24,50–99
5106,3372,2025-12-02,21,3,Simulated Ward 19,2025-12-02,20–49
5108,3373,2025-05-28,81,3,Simulated Ward 23,2025-05-28,50–99
5109,3374,2025-05-07,360,3,Simulated Ward 11,2025-05-07,100+
5110,3375,2024-12-23,80,3,Simulated Ward 11,2024-12-23,50–99
5111,3376,2024-10-13,197,3,Simulated Ward 01,2024-10-13,100+
5113,3377,2026-01-15,44,3,Simulated Ward 24,2026-01-15,20–49
5114,3378,2025-12-21,167,3,Simulated Ward 06,2025-12-21,100+
5115,3379,2026-02-28,376,3,Simulated Ward 17,2026-02-28,100+
5116,3380,2025-06-07,290,3,Simulated Ward 19,2025-06-07,100+
5117,3381,2023-06-11,365,3,Simulated Ward 24,2023-06-11,100+
5118,3382,2023-09-17,27,3,Simulated Ward 25,2023-09-17,20–49
5121,3383,2026-04-06,12,1,Simulated Ward 03,2026-04-06,10–19
5123,3384,2026-04-05,214,3,Simulated Ward 08,2026-04-05,100+
5126,3385,2024-10-31,32,3,Simulated Ward 05,2024-10-31,20–49
5128,3386,2025-02-25,13,3,Simulated Ward 13,2025-02-25,10–19
5129,3387,2024-08-06,153,3,Simulated Ward 23,2024-08-06,100+
5131,3388,2025-03-08,146,3,Simulated Ward 14,2025-03-08,100+
5133,3389,2024-05-10,148,3,Simulated Ward 12,2024-05-10,100+
5135,3390,2025-01-07,16,3,Simulated Ward 19,2025-01-07,10–19
5136,3391,2023-11-10,39,3,Simulated Ward 01,2023-11-10,20–49
5138,3392,2026-07-18,15,3,Simulated Ward 24,2026-07-18,10–19
5139,3393,2024-11-28,32,3,Simulated Ward 19,2024-11-28,20–49
5140,3394,2026-01-26,21,3,Simulated Ward 25,2026-01-26,20–49
5142,3395,2025-03-18,17,3,Simulated Ward 03,2025-03-18,10–19
5144,3396,2024-10-25,84,3,Simulated Ward 19,2024-10-25,50–99
5146,3397,2026-02-26,137,3,Simulated Ward 21,2026-02-26,100+
5147,3398,2024-09-19,19,1,Simulated Ward 02,2024-09-19,10–19
5149,3399,2026-01-03,17,3,Simulated Ward 15,2026-01-03,10–19
5150,3400,2023-11-19,37,3,Simulated Ward 04,2023-11-19,20–49
5152,3401,2025-04-26,54,3,Simulated Ward 22,2025-04-26,50–99
5154,3402,2026-03-08,12,0,Simulated Ward 18,2026-03-08,10–19
5156,3403,2026-01-28,32,3,Simulated Ward 17,2026-01-28,20–49
5157,3404,2024-04-18,64,3,Simulated Ward 02,2024-04-18,50–99
5158,3405,2023-11-04,22,3,Simulated Ward 10,2023-11-04,20–49
5159,3406,2025-08-12,226,1,Simulated Ward 11,2025-08-12,100+
5160,3407,2025-05-01,17,3,Simulated Ward 19,2025-05-01,10–19
5161,3408,2024-09-01,152,1,Simulated Ward 12,2024-09-01,100+
5162,3409,2024-02-04,15,3,Simulated Ward 13,2024-02-04,10–19
5164,3410,2023-12-28,368,3,Simulated Ward 14,2023-12-28,100+
5166,3411,2023-09-26,188,3,Simulated Ward 10,2023-09-26,100+
5167,3412,2024-10-08,609,3,Simulated Ward 15,2024-10-08,100+
5168,3413,2023-10-05,87,3,Simulated Ward 11,2023-10-05,50–99
5170,3414,2026-07-23,33,3,Simulated Ward 07,2026-07-23,20–49
5171,3415,2024-10-22,155,3,Simulated Ward 19,2024-10-22,100+
5174,3416,2024-10-11,154,3,Simulated Ward 07,2024-10-11,100+
5176,3417,2026-08-07,164,3,Simulated Ward 04,2026-08-07,100+
5177,3418,2025-09-20,18,3,Simulated Ward 20,2025-09-20,10–19
5179,3419,2025-06-30,89,3,Simulated Ward 20,2025-06-30,50–99
5180,3420,2025-12-30,66,3,Simulated Ward 01,2025-12-30,50–99
5181,3421,2024-04-27,18,1,Simulated Ward 16,2024-04-27,10–19
5182,3422,2023-11-18,80,3,Simulated Ward 16,2023-11-18,50–99
5184,3423,2026-05-11,75,3,Simulated Ward 20,2026-05-11,50–99
5186,3424,2026-06-22,77,3,Simulated Ward 03,2026-06-22,50–99
5187,3425,2024-04-07,10,1,Simulated Ward 03,2024-04-07,10–19
5189,3426,2026-09-16,59,3,Simulated Ward 22,2026-09-16,50–99
5190,3427,2023-11-06,47,3,Simulated Ward 19,2023-11-06,20–49
5193,3428,2026-04-04,31,3,Simulated Ward 07,2026-04-04,20–49
5194,3429,2026-07-19,188,3,Simulated Ward 25,2026-07-19,100+
5195,3430,2025-12-20,85,3,Simulated Ward 13,2025-12-20,50–99
5197,3431,2025-11-29,140,3,Simulated Ward 02,2025-11-29,100+
5198,3432,2023-07-31,69,3,Simulated Ward 20,2023-07-31,50–99
5199,3433,2024-04-29,26,3,Simulated Ward 19,2024-04-29,20–49
5200,3434,2026-01-23,43,3,Simulated Ward 07,2026-01-23,20–49
5202,3435,2026-01-01,26,3,Simulated Ward 16,2026-01-01,20–49
5204,3436,2025-11-22,18,3,Simulated Ward 19,2025-11-22,10–19
5205,3437,2024-04-11,327,0,Simulated Ward 23,2024-04-11,100+
5206,3438,2024-01-14,11,3,Simulated Ward 01,2024-01-14,10–19
5207,3439,2026-08-19,281,3,Simulated Ward 10,2026-08-19,100+
5208,3440,2024-05-10,34,3,Simulated Ward 04,2024-05-10,20–49
5211,3441,2025-06-01,115,3,Simulated Ward 01,2025-06-01,100+
5212,3442,2024-06-09,59,3,Simulated Ward 08,2024-06-09,50–99
5213,3443,2026-06-23,92,3,Simulated Ward 22,2026-06-23,50–99
5214,3444,2025-07-12,11,3,Simulated Ward 01,2025-07-12,10–19
5216,3445,2024-03-07,31,3,Simulated Ward 04,2024-03-07,20–49
5217,3446,2026-07-08,26,3,Simulated Ward 05,2026-07-08,20–49
5218,3447,2026-04-01,37,3,Simulated Ward 21,2026-04-01,20–49
5220,3448,2024-06-29,92,3,Simulated Ward 07,2024-06-29,50–99
5222,3449,2025-07-01,295,3,Simulated Ward 12,2025-07-01,100+
5223,3450,2025-10-02,19,3,Simulated Ward 08,2025-10-02,10–19
5225,3451,2026-08-24,27,3,Simulated Ward 05,2026-08-24,20–49
5226,3452,2025-07-13,11,3,Simulated Ward 05,2025-07-13,10–19
5228,3453,2026-06-22,23,3,Simulated Ward 17,2026-06-22,20–49
5229,3454,2023-10-19,41,3,Simulated Ward 05,2023-10-19,20–49
5230,3455,2025-01-17,243,3,Simulated Ward 05,2025-01-17,100+
5231,3456,2025-04-16,47,3,Simulated Ward 09,2025-04-16,20–49
5233,3457,2026-01-27,82,3,Simulated Ward 13,2026-01-27,50–99
5234,3458,2026-08-04,155,3,Simulated Ward 05,2026-08-04,100+
5235,3459,2024-10-08,30,1,Simulated Ward 10,2024-10-08,20–49
5237,3460,2026-03-26,152,3,Simulated Ward 21,2026-03-26,100+
5239,3461,2025-08-06,215,3,Simulated Ward 14,2025-08-06,100+
5241,3462,2024-11-29,10,3,Simulated Ward 14,2024-11-29,10–19
5243,3463,2026-08-16,220,0,Simulated Ward 04,2026-08-16,100+
5244,3464,2023-06-28,27,3,Simulated Ward 08,2023-06-28,20–49
5245,3465,2024-02-13,51,3,Simulated Ward 25,2024-02-13,50–99
5247,3466,2026-07-14,10,3,Simulated Ward 07,2026-07-14,10–19
5249,3467,2026-07-27,215,3,Simulated Ward 12,2026-07-27,100+
5250,3468,2023-06-28,52,3,Simulated Ward 15,2023-06-28,50–99
5251,3469,2024-08-27,20,3,Simulated Ward 08,2024-08-27,20–49
5252,3470,2025-02-13,83,3,Simulated Ward 12,2025-02-13,50–99
5254,3471,2024-07-04,397,1,Simulated Ward 05,2024-07-04,100+
5256,3472,2026-05-04,33,3,Simulated Ward 08,2026-05-04,20–49
5258,3473,2026-08-02,89,1,Simulated Ward 13,2026-08-02,50–99
5260,3474,2025-11-20,136,3,Simulated Ward 01,2025-11-20,100+
5262,3475,2025-08-12,423,3,Simulated Ward 03,2025-08-12,100+
5264,3476,2025-10-17,340,3,Simulated Ward 14,2025-10-17,100+
5265,3477,2024-01-09,76,3,Simulated Ward 11,2024-01-09,50–99
5267,3478,2024-04-12,47,3,Simulated Ward 21,2024-04-12,20–49
5268,3479,2024-03-13,77,3,Simulated Ward 03,2024-03-13,50–99
5269,3480,2024-05-13,17,1,Simulated Ward 25,2024-05-13,10–19
5271,3481,2025-06-29,17,3,Simulated Ward 11,2025-06-29,10–19
5272,3482,2023-06-24,179,3,Simulated Ward 09,2023-06-24,100+
5274,3483,2025-10-03,94,3,Simulated Ward 25,2025-10-03,50–99
5275,3484,2026-03-12,198,3,Simulated Ward 13,2026-03-12,100+
5276,3485,2024-02-20,14,1,Simulated Ward 15,2024-02-20,10–19
5278,3486,2026-06-20,24,3,Simulated Ward 09,2026-06-20,20–49
5279,3487,2024-06-15,155,2,Simulated Ward 15,2024-06-15,100+
5281,3488,2026-06-19,278,3,Simulated Ward 21,2026-06-19,100+
5283,3489,2026-01-06,241,3,Simulated Ward 25,2026-01-06,100+
5284,3490,2025-05-21,367,3,Simulated Ward 16,2025-05-21,100+
5285,3491,2024-01-13,25,3,Simulated Ward 12,2024-01-13,20–49
5287,3492,2026-06-11,36,3,Simulated Ward 12,2026-06-11,20–49
5288,3493,2026-03-14,19,3,Simulated Ward 16,2026-03-14,10–19
5290,3494,2026-06-18,80,3,Simulated Ward 08,2026-06-18,50–99
5292,3495,2025-06-15,383,3,Simulated Ward 22,2025-06-15,100+
5294,3496,2025-05-23,30,3,Simulated Ward 01,2025-05-23,20–49
5296,3497,2025-09-06,30,3,Simulated Ward 08,2025-09-06,20–49
5297,3498,2025-08-18,75,3,Simulated Ward 01,2025-08-18,50–99
5299,3499,2026-08-06,35,3,Simulated Ward 09,2026-08-06,20–49
5300,3500,2024-11-29,65,3,Simulated Ward 10,2024-11-29,50–99
