RSN,first_date,latest_date,first_score,latest_score,CONFIRMED UNITS
1,2025-06-04,2025-06-04,3,3,70
2,2024-04-07,2024-04-07,3,3,53
3,2024-03-03,2024-03-03,3,3,98
4,2025-03-26,2025-05-10,3,3,382
5,2025-02-14,2025-02-14,3,3,12
6,2024-04-13,2024-04-13,3,3,90
7,2024-01-26,2024-05-07,3,3,19
8,2024-10-27,2026-08-20,3,3,63
9,2025-10-13,2025-10-16,3,3,24
10,2026-06-14,2026-09-06,3,3,15
11,2026-01-09,2026-01-09,3,3,51
12,2025-11-10,2026-03-01,3,3,77
13,2024-03-05,2024-07-31,3,3,18
14,2024-01-20,2024-09-19,3,3,42
15,2024-07-22,2026-07-22,3,3,14
16,2023-06-17,2024-08-20,3,3,22
17,2025-02-10,2026-02-27,1,3,153
18,2025-05-08,2026-05-17,3,3,67
19,2023-11-24,2023-11-24,3,3,36
20,2023-06-25,2026-09-03,2,3,81
21,2023-12-21,2026-08-24,3,3,40
22,2025-06-24,2025-06-24,2,2,30
23,2023-11-29,2025-08-04,3,3,143
24,2026-06-21,2026-06-21,3,3,41
25,2025-12-31,2026-02-22,2,3,16
26,2025-02-04,2025-02-04,3,3,144
27,2024-07-05,2024-09-14,3,3,285
28,2023-08-25,2023-08-25,3,3,42
29,2025-12-09,2026-08-11,3,3,17
30,2026-03-25,2026-03-25,3,3,184
31,2023-11-01,2026-08-30,3,3,212
32,2025-05-24,2025-05-24,3,3,34
33,2024-11-29,2025-07-09,3,3,45
34,2023-06-06,2025-06-29,3,3,22
35,2025-10-09,2025-10-09,3,3,64
36,2023-11-07,2023-11-07,3,3,66
37,2023-07-17,2023-07-17,1,1,149
38,2026-06-20,2026-06-20,3,3,293
39,2026-02-12,2026-02-12,3,3,552
40,2024-10-12,2024-12-10,3,1,138
41,2026-01-13,2026-01-13,3,3,18
42,2025-08-18,2025-12-05,3,3,300
43,2025-03-22,2025-03-22,1,1,271
44,2025-10-24,2026-04-09,3,3,26
45,2023-08-16,2026-07-10,3,3,12
46,2024-07-04,2024-07-04,3,3,122
47,2024-06-23,2024-06-23,3,3,356
48,2024-03-18,2025-05-20,3,3,118
49,2023-07-07,2023-07-07,3,3,16
50,2025-09-19,2025-09-19,3,3,11
51,2025-05-18,2025-05-18,3,3,89
52,2023-06-12,2023-06-12,3,3,92
53,2025-11-22,2025-11-22,3,3,61
54,2026-04-16,2026-05-29,2,3,22
55,2025-09-13,2025-09-13,2,2,37
56,2026-09-07,2026-09-07,3,3,19
57,2024-01-30,2026-07-18,3,3,184
58,2026-09-12,2026-09-12,3,3,163
59,2025-11-11,2025-11-11,3,3,274
60,2024-04-08,2026-06-10,3,3,25
61,2025-04-13,2025-04-13,3,3,88
62,2026-01-23,2026-09-04,3,3,84
63,2025-02-24,2026-06-30,3,3,286
64,2023-09-17,2024-08-28,3,3,206
65,2024-06-19,2025-05-16,3,3,25
66,2026-04-12,2026-04-12,3,3,349
67,2024-09-26,2024-09-26,3,3,47
68,2024-03-29,2024-08-25,3,3,19
69,2024-06-23,2024-06-23,3,3,278
70,2026-07-08,2026-07-08,2,2,349
71,2023-10-27,2025-09-20,3,3,73
72,2025-06-13,2026-08-07,3,3,136
73,2024-05-03,2026-04-02,3,3,19
74,2024-01-05,2025-06-24,3,3,41
75,2025-03-03,2025-07-25,3,3,10
76,2025-04-22,2025-11-14,3,3,19
77,2023-10-19,2025-01-21,3,3,19
78,2024-10-07,2024-10-07,1,1,84
79,2024-04-04,2025-09-15,3,3,20
80,2023-08-09,2023-10-14,3,3,335
81,2024-12-12,2025-04-25,3,3,45
82,2025-12-08,2025-12-08,1,1,96
83,2026-04-06,2026-08-22,3,3,92
84,2025-07-29,2025-07-29,2,2,11
85,2026-05-09,2026-05-09,3,3,15
86,2026-05-24,2026-05-24,1,1,11
87,2025-06-14,2025-06-14,3,3,73
88,2025-01-22,2025-01-22,3,3,40
89,2026-04-01,2026-04-01,3,3,65
90,2026-02-23,2026-02-23,3,3,171
91,2026-05-04,2026-05-04,3,3,13
92,2024-09-28,2024-09-28,1,1,81
93,2024-02-19,2024-02-19,3,3,43
94,2023-08-04,2025-07-29,3,3,18
95,2023-10-17,2025-05-07,3,3,12
96,2025-12-27,2025-12-27,3,3,46
97,2025-03-06,2026-06-24,3,1,697
98,2024-08-06,2024-08-06,3,3,46
99,2025-09-10,2025-09-10,3,3,98
100,2023-12-29,2026-01-02,3,3,12
101,2024-01-07,2024-01-07,3,3,16
102,2026-01-30,2026-01-30,3,3,49
103,2024-01-31,2025-07-22,3,3,38
104,2024-12-07,2025-08-20,3,3,28
105,2026-07-05,2026-07-05,3,3,47
106,2026-04-21,2026-04-21,3,3,14
107,2023-11-17,2025-01-15,3,3,42
108,2026-04-04,2026-08-29,3,3,43
109,2024-03-22,2026-04-14,3,3,180
110,2025-07-19,2025-07-19,3,3,43
111,2025-09-23,2026-04-30,3,3,14
112,2025-11-15,2025-11-15,3,3,19
113,2025-08-22,2025-08-22,3,3,20
114,2025-02-07,2025-02-07,3,3,58
115,2023-10-31,2023-10-31,3,3,39
116,2025-10-26,2026-02-26,3,1,13
117,2025-09-20,2025-09-20,3,3,36
118,2023-10-28,2025-07-03,3,3,32
119,2023-09-11,2025-10-17,3,1,18
120,2026-06-23,2026-06-23,3,3,11
121,2024-04-15,2024-04-15,3,3,80
122,2024-05-27,2025-07-15,3,3,73
123,2024-10-19,2024-11-04,3,3,26
124,2023-11-22,2025-12-07,3,3,88
125,2025-08-16,2025-08-16,1,1,261
126,2023-12-06,2025-01-02,3,3,19
127,2024-04-23,2026-09-09,3,3,33
128,2025-11-17,2026-06-13,3,3,16
129,2024-04-03,2025-10-08,3,3,19
130,2024-01-20,2024-01-20,3,3,65
131,2023-11-20,2026-09-09,3,3,82
132,2025-06-15,2025-11-29,3,3,12
133,2024-07-13,2024-07-13,3,3,51
134,2024-08-05,2025-05-06,3,3,19
135,2023-09-03,2023-09-03,3,3,32
136,2024-06-15,2025-10-04,3,3,259
137,2025-08-27,2026-02-21,1,3,72
138,2023-09-23,2023-09-23,3,3,353
139,2024-09-12,2025-11-16,3,3,39
140,2025-10-26,2026-06-16,3,3,63
141,2024-09-26,2026-02-25,2,3,86
142,2023-09-13,2023-09-13,3,3,162
143,2023-06-10,2023-06-10,1,1,441
144,2025-04-02,2025-04-02,3,3,12
145,2024-03-24,2024-06-17,3,3,16
146,2024-01-12,2025-03-06,3,1,25
147,2023-09-02,2025-07-03,3,3,60
148,2023-08-02,2024-05-14,3,3,30
149,2025-02-28,2025-02-28,3,3,150
150,2023-12-31,2023-12-31,3,3,24
151,2026-03-20,2026-03-20,1,1,179
152,2025-06-25,2025-06-25,3,3,31
153,2024-04-26,2024-04-26,1,1,215
154,2023-11-01,2025-02-27,3,3,84
155,2025-09-12,2025-09-12,3,3,48
156,2024-02-16,2024-11-03,3,3,17
157,2023-08-03,2023-08-03,3,3,199
158,2024-03-15,2024-03-15,3,3,17
159,2024-06-06,2024-12-15,3,3,13
160,2025-03-27,2025-03-27,3,3,263
161,2025-08-14,2025-12-17,3,3,11
162,2024-08-18,2024-08-18,3,3,11
163,2025-07-14,2025-07-14,3,3,31
164,2024-02-27,2024-02-27,3,3,107
165,2024-03-28,2024-03-28,3,3,67
166,2024-08-05,2025-07-11,1,3,393
167,2026-04-30,2026-04-30,3,3,86
168,2024-02-13,2025-07-02,3,3,92
169,2025-02-04,2025-11-04,3,3,10
170,2023-06-15,2026-05-03,3,3,90
171,2023-11-13,2024-10-05,3,3,20
172,2024-07-30,2024-07-30,3,3,28
173,2026-08-24,2026-08-24,3,3,34
174,2026-09-09,2026-09-09,3,3,392
175,2025-10-10,2026-05-08,0,3,120
176,2023-08-14,2025-06-10,3,3,304
177,2023-10-31,2023-12-16,3,3,14
178,2026-08-03,2026-08-03,3,3,44
179,2025-08-10,2025-09-09,3,3,10
180,2026-01-30,2026-01-30,3,3,56
181,2026-02-06,2026-02-06,3,3,22
182,2023-10-07,2026-06-27,3,3,48
183,2024-10-25,2026-06-01,3,3,146
184,2024-11-19,2024-12-26,3,3,12
185,2025-11-21,2025-11-21,3,3,183
186,2025-12-09,2026-01-03,3,3,24
187,2024-10-01,2024-10-01,3,3,66
188,2024-11-11,2026-02-19,3,3,27
189,2026-01-11,2026-01-11,3,3,36
190,2025-05-08,2025-05-08,3,3,16
191,2025-08-11,2025-09-16,3,3,40
192,2024-06-20,2025-07-25,3,3,154
193,2023-11-13,2023-11-13,3,3,44
194,2024-04-14,2024-04-14,3,3,15
195,2026-06-12,2026-06-12,1,1,229
196,2025-07-21,2025-09-06,3,2,134
197,2024-01-12,2025-12-17,3,3,12
198,2025-07-06,2026-07-29,3,3,17
199,2024-06-29,2024-06-29,3,3,130
200,2024-03-16,2024-06-18,3,3,93
201,2026-07-22,2026-07-22,3,3,25
202,2024-04-14,2024-04-14,3,3,674
203,2024-05-08,2025-01-03,3,3,141
204,2025-02-15,2025-02-15,3,3,49
205,2024-08-22,2026-05-30,3,3,12
206,2023-12-26,2026-07-02,3,3,595
207,2023-07-02,2024-04-02,3,3,230
208,2024-12-13,2024-12-13,3,3,64
209,2025-10-25,2025-10-25,3,3,13
210,2025-07-26,2025-07-26,3,3,103
211,2025-01-28,2025-03-13,1,3,33
212,2024-07-05,2026-02-04,3,3,21
213,2023-08-25,2024-09-22,3,3,185
214,2024-04-30,2025-10-10,3,3,389
215,2025-01-22,2025-01-22,3,3,19
216,2024-03-23,2025-12-12,3,3,118
217,2023-07-05,2023-07-05,3,3,89
218,2023-09-15,2026-01-03,3,3,31
219,2023-12-16,2023-12-16,3,3,249
220,2024-05-09,2025-10-06,1,1,87
221,2026-05-01,2026-05-01,3,3,67
222,2025-12-07,2025-12-07,3,3,23
223,2023-08-21,2023-08-21,3,3,37
224,2023-09-01,2023-09-01,3,3,37
225,2024-05-01,2024-11-20,3,3,83
226,2025-05-12,2026-09-04,3,3,270
227,2025-05-18,2026-03-05,3,3,203
228,2025-06-22,2025-06-22,2,2,381
229,2025-01-28,2026-05-13,3,3,44
230,2024-02-19,2024-02-19,3,3,98
231,2023-09-16,2025-05-05,3,3,630
232,2025-07-22,2025-07-22,3,3,11
233,2024-12-03,2024-12-03,3,3,18
234,2025-08-15,2025-08-15,3,3,24
235,2023-06-30,2026-04-29,3,0,184
236,2023-12-04,2025-03-03,1,3,144
237,2023-09-17,2023-09-17,3,3,224
238,2024-04-15,2024-12-28,3,3,24
239,2025-09-24,2025-09-24,3,3,112
240,2025-12-23,2026-08-22,3,3,81
241,2024-06-22,2024-06-22,3,3,10
242,2024-01-26,2025-04-01,3,3,13
243,2024-02-03,2026-01-16,3,1,138
244,2023-08-25,2023-08-25,3,3,15
245,2025-05-30,2025-05-30,3,3,198
246,2023-12-25,2025-06-23,3,3,30
247,2023-07-11,2023-08-26,3,3,23
248,2025-05-13,2025-06-17,3,3,46
249,2024-06-10,2024-06-10,3,3,359
250,2025-05-06,2025-11-28,3,3,267
251,2024-05-26,2026-05-23,3,3,25
252,2026-01-03,2026-01-04,3,3,145
253,2024-03-23,2025-05-31,3,3,158
254,2024-05-07,2024-05-07,3,3,75
255,2023-09-13,2023-09-13,3,3,44
256,2025-01-22,2025-01-22,3,3,15
257,2026-03-11,2026-03-11,3,3,20
258,2024-02-26,2024-02-26,1,1,48
259,2024-02-20,2026-08-29,1,3,166
260,2023-10-23,2025-09-21,3,3,23
261,2024-03-22,2026-07-04,3,3,342
262,2026-02-20,2026-02-20,3,3,44
263,2024-03-14,2024-03-14,3,3,244
264,2023-08-13,2023-08-13,3,3,149
265,2024-03-25,2024-03-25,1,1,57
266,2023-07-06,2025-05-13,1,3,13
267,2023-11-02,2023-11-02,3,3,87
268,2026-01-25,2026-06-29,3,3,93
269,2026-08-16,2026-08-16,3,3,88
270,2026-05-13,2026-05-13,3,3,199
271,2023-06-29,2024-09-08,1,3,377
272,2025-06-16,2025-06-16,3,3,10
273,2023-11-14,2023-12-21,2,3,202
274,2026-04-01,2026-04-01,3,3,30
275,2023-08-11,2025-10-17,3,3,128
276,2023-07-19,2023-07-19,3,3,244
277,2023-08-13,2024-03-23,3,3,41
278,2023-10-11,2024-02-21,2,3,327
279,2024-01-04,2026-02-20,1,3,62
280,2024-07-09,2024-07-09,3,3,11
281,2023-08-17,2023-08-17,3,3,312
282,2023-08-31,2024-03-23,3,3,123
283,2023-08-07,2023-08-07,3,3,11
284,2023-09-23,2026-02-14,3,3,11
285,2024-09-08,2024-11-04,3,3,189
286,2024-04-18,2024-05-23,3,3,316
287,2023-10-25,2024-12-12,3,3,20
288,2024-11-09,2024-11-09,3,3,17
289,2025-06-21,2026-04-01,3,3,120
290,2026-02-08,2026-02-08,3,3,272
291,2023-07-25,2024-03-01,3,1,29
292,2023-09-01,2025-03-26,1,3,10
293,2025-08-15,2025-08-15,3,3,188
294,2026-05-02,2026-05-02,3,3,295
295,2023-12-08,2024-04-25,3,3,66
296,2024-06-08,2024-09-29,3,3,17
297,2024-11-17,2025-10-07,3,3,19
298,2023-11-09,2025-07-05,3,3,13
299,2024-02-08,2024-02-08,3,3,295
300,2024-04-19,2024-04-19,3,3,56
301,2023-09-24,2026-06-13,1,3,93
302,2023-08-07,2023-09-24,0,3,15
303,2023-09-08,2025-12-13,3,3,48
304,2024-11-30,2024-11-30,3,3,44
305,2026-08-14,2026-08-14,3,3,239
306,2024-08-23,2025-10-02,1,1,151
307,2025-05-03,2025-09-06,3,3,33
308,2024-02-24,2025-09-25,3,3,84
309,2025-09-19,2025-09-23,3,2,28
310,2024-05-02,2024-10-30,3,3,70
311,2024-08-16,2024-08-16,1,1,44
312,2023-07-04,2023-07-04,1,1,11
313,2026-09-08,2026-09-08,3,3,44
314,2026-08-09,2026-08-09,3,3,11
315,2026-04-06,2026-04-06,3,3,14
316,2026-02-14,2026-02-14,3,3,28
317,2023-06-21,2024-01-24,3,3,213
318,2025-10-29,2025-10-29,3,3,18
319,2024-01-27,2024-01-27,3,3,13
320,2024-01-22,2025-08-04,3,3,17
321,2024-07-29,2025-10-24,3,3,16
322,2023-10-15,2024-12-16,3,3,13
323,2024-04-19,2025-07-18,3,3,10
324,2026-04-24,2026-04-24,1,1,30
325,2025-12-27,2025-12-27,1,1,152
326,2024-04-02,2024-08-10,3,3,61
327,2025-11-20,2026-08-05,3,3,72
328,2023-12-19,2023-12-19,3,3,20
329,2024-11-09,2025-01-10,3,3,386
330,2023-12-16,2025-03-09,3,3,98
331,2023-06-29,2023-06-29,3,3,51
332,2024-09-22,2024-09-22,3,3,28
333,2023-06-24,2023-06-24,3,3,19
334,2023-08-11,2023-08-11,3,3,109
335,2023-09-24,2025-11-04,3,3,13
336,2025-07-16,2026-05-21,1,3,10
337,2026-01-30,2026-01-30,1,1,68
338,2023-09-07,2024-01-18,3,3,185
339,2024-05-25,2024-05-25,3,3,311
340,2023-09-26,2025-04-01,3,3,116
341,2025-06-16,2026-07-28,3,3,171
342,2025-10-17,2025-10-17,3,3,21
343,2024-02-10,2024-04-12,3,3,62
344,2023-06-26,2025-04-04,3,3,29
345,2023-07-27,2023-07-27,3,3,176
346,2026-06-16,2026-06-16,3,3,359
347,2026-09-14,2026-09-14,3,3,15
348,2023-12-27,2023-12-27,3,3,30
349,2024-11-01,2025-11-07,2,3,71
350,2024-05-02,2024-05-02,1,1,26
351,2024-06-29,2025-07-01,3,3,67
352,2024-02-24,2025-01-06,3,3,18
353,2023-11-28,2024-12-24,3,3,35
354,2024-08-20,2024-10-11,3,3,325
355,2024-10-22,2024-10-22,3,3,181
356,2024-10-01,2024-10-01,3,3,56
357,2026-01-10,2026-01-10,3,3,141
358,2024-08-18,2025-03-30,3,3,17
359,2024-02-14,2026-08-05,3,3,107
360,2023-10-02,2023-10-02,3,3,38
361,2024-02-23,2026-02-14,0,3,195
362,2024-07-21,2025-07-19,3,3,35
363,2025-03-06,2026-04-19,1,3,285
364,2025-05-04,2025-05-04,3,3,14
365,2023-09-12,2023-09-12,1,1,49
366,2026-07-05,2026-07-05,3,3,35
367,2023-08-02,2024-02-26,3,3,124
368,2025-04-25,2025-10-06,3,3,18
369,2024-03-11,2026-04-05,3,3,137
370,2025-02-01,2026-03-13,1,3,142
371,2025-11-27,2025-11-27,3,3,49
372,2023-06-25,2023-06-25,3,3,366
373,2025-06-09,2026-07-01,3,3,83
374,2026-08-30,2026-08-30,3,3,28
375,2024-08-18,2026-08-05,1,3,24
376,2024-04-28,2024-04-28,1,1,115
377,2024-05-27,2024-05-27,1,1,308
378,2025-02-11,2026-06-13,1,1,330
379,2026-07-01,2026-07-01,3,3,47
380,2024-03-10,2024-03-10,3,3,17
381,2025-04-03,2025-11-04,3,3,62
382,2026-03-22,2026-03-22,3,3,102
383,2024-08-18,2024-08-18,3,3,22
384,2024-09-27,2025-03-31,3,3,19
385,2023-10-16,2023-10-16,3,3,113
386,2025-06-06,2025-06-06,3,3,58
387,2025-01-12,2026-04-02,3,3,291
388,2023-09-23,2023-09-23,3,3,70
389,2025-05-15,2025-05-15,3,3,13
390,2025-11-21,2025-11-21,3,3,171
391,2024-02-02,2024-02-02,3,3,218
392,2025-08-21,2025-08-21,3,3,86
393,2024-01-20,2024-01-20,3,3,155
394,2025-06-27,2025-06-27,3,3,288
395,2024-02-19,2024-12-03,0,3,248
396,2023-10-19,2023-10-19,3,3,79
397,2025-05-04,2025-05-04,3,3,60
398,2025-07-08,2025-08-16,3,3,13
399,2023-08-06,2026-02-12,3,3,106
400,2024-08-02,2024-08-02,2,2,41
401,2023-09-18,2026-06-14,3,3,44
402,2024-03-17,2024-03-17,3,3,13
403,2025-09-02,2026-01-29,3,3,24
404,2023-10-23,2023-10-23,3,3,19
405,2026-03-31,2026-03-31,3,3,37
406,2026-09-17,2026-09-17,3,3,281
407,2023-09-22,2023-09-22,2,2,148
408,2024-04-10,2024-04-10,3,3,37
409,2025-05-24,2025-10-03,3,3,24
410,2024-12-24,2024-12-24,3,3,59
411,2024-10-30,2024-10-30,3,3,356
412,2025-07-26,2025-07-26,3,3,146
413,2024-11-26,2024-11-26,3,3,159
414,2025-03-05,2025-05-27,3,1,264
415,2024-03-21,2024-03-21,3,3,110
416,2023-10-22,2024-04-12,3,1,46
417,2024-10-04,2024-10-04,3,3,47
418,2023-08-13,2026-03-06,3,1,72
419,2025-08-13,2026-09-17,3,3,13
420,2024-05-06,2025-06-10,3,1,64
421,2025-04-02,2025-04-02,1,1,18
422,2025-05-27,2025-12-07,3,3,50
423,2023-07-19,2024-08-21,3,3,280
424,2024-04-07,2024-10-08,3,3,52
425,2025-05-24,2026-03-03,3,3,68
426,2025-06-18,2025-06-18,3,3,98
427,2024-08-14,2025-12-19,3,3,324
428,2026-02-02,2026-02-02,3,3,14
429,2025-10-03,2025-10-29,3,3,30
430,2024-11-20,2025-07-08,3,3,112
431,2024-03-25,2024-03-25,1,1,48
432,2025-01-20,2026-09-17,3,1,188
433,2023-09-18,2023-12-03,3,3,44
434,2023-08-19,2023-08-19,3,3,29
435,2026-04-05,2026-04-05,3,3,40
436,2024-06-24,2026-06-27,3,3,300
437,2024-08-05,2026-01-23,3,3,40
438,2023-11-02,2023-11-02,3,3,21
439,2025-04-08,2025-04-08,3,3,61
440,2023-06-26,2025-05-27,3,3,33
441,2025-03-10,2025-03-10,3,3,29
442,2025-03-30,2025-09-26,3,3,19
443,2025-12-30,2025-12-30,1,1,296
444,2023-07-19,2023-07-19,3,3,38
445,2023-09-15,2023-11-29,1,2,69
446,2024-06-10,2025-12-30,3,3,743
447,2024-12-18,2026-08-07,3,1,29
448,2023-06-12,2024-01-15,3,3,74
449,2024-09-15,2024-09-15,3,3,36
450,2024-09-29,2024-09-29,3,3,261
451,2026-03-30,2026-03-30,3,3,13
452,2024-08-31,2026-06-02,1,3,117
453,2024-03-07,2024-03-07,3,3,14
454,2023-09-16,2025-08-26,1,0,269
455,2023-09-08,2024-09-17,3,1,82
456,2023-11-12,2023-11-12,3,3,342
457,2023-10-05,2025-08-01,3,3,97
458,2024-02-16,2024-10-16,3,3,289
459,2024-02-19,2024-02-19,3,3,46
460,2023-11-13,2023-11-13,3,3,15
461,2024-11-24,2025-09-07,3,3,20
462,2025-08-21,2026-01-07,3,3,241
463,2024-02-21,2026-06-11,3,3,35
464,2025-09-26,2026-07-04,3,3,63
465,2024-09-10,2024-09-10,3,3,32
466,2025-10-17,2026-01-01,3,3,28
467,2024-02-14,2024-08-18,3,2,95
468,2026-01-12,2026-08-21,3,3,71
469,2024-02-21,2024-02-21,3,3,19
470,2025-08-30,2025-08-30,3,3,206
471,2025-09-01,2025-09-01,3,3,19
472,2025-12-10,2025-12-10,1,1,46
473,2024-01-08,2024-01-08,3,3,11
474,2023-12-24,2026-08-20,3,3,334
475,2023-07-25,2023-07-25,3,3,47
476,2024-05-21,2025-12-08,2,3,24
477,2024-10-08,2025-02-24,3,3,23
478,2026-01-03,2026-01-03,3,3,297
479,2023-10-21,2023-10-21,3,3,21
480,2024-09-22,2024-09-22,3,3,77
481,2023-09-09,2023-09-09,3,3,17
482,2024-11-19,2024-11-19,3,3,126
483,2026-02-10,2026-02-10,3,3,133
484,2025-10-11,2025-10-11,3,3,42
485,2025-01-09,2025-01-09,3,3,92
486,2024-07-14,2025-07-20,3,3,17
487,2023-07-07,2023-07-07,3,3,19
488,2024-07-20,2026-08-03,3,3,56
489,2025-06-18,2025-09-29,3,3,22
490,2024-08-29,2025-01-12,3,3,22
491,2026-05-27,2026-05-27,3,3,55
492,2023-08-28,2024-12-13,3,3,218
493,2024-06-09,2026-03-20,1,3,380
494,2024-04-05,2024-11-24,1,3,26
495,2025-07-30,2025-10-29,3,3,19
496,2025-12-30,2025-12-30,3,3,288
497,2026-08-07,2026-08-07,3,3,127
498,2024-10-18,2025-03-14,3,3,54
499,2025-09-02,2025-09-02,3,3,144
500,2025-06-26,2026-08-22,3,1,673
501,2024-11-13,2024-11-13,3,3,32
502,2024-08-27,2024-08-27,3,3,18
503,2025-07-03,2025-07-03,3,3,89
504,2024-06-11,2024-10-04,3,3,74
505,2023-10-04,2023-10-04,3,3,169
506,2024-12-10,2025-06-23,3,3,23
507,2023-08-02,2026-07-14,3,3,356
508,2023-07-06,2023-07-06,2,2,181
509,2023-10-17,2023-10-17,3,3,43
510,2025-12-15,2026-04-27,3,3,61
511,2023-10-09,2024-05-13,3,3,24
512,2024-02-25,2025-01-27,3,3,39
513,2026-08-02,2026-08-02,3,3,35
514,2026-04-20,2026-04-20,3,3,41
515,2024-07-06,2024-07-06,3,3,45
516,2024-05-29,2024-05-29,3,3,56
517,2024-06-01,2026-03-31,1,3,338
518,2025-01-15,2026-08-11,3,3,40
519,2024-09-26,2025-11-07,3,2,10
520,2024-05-02,2025-04-01,1,3,41
521,2026-06-25,2026-06-25,3,3,171
522,2024-01-02,2026-03-08,3,3,54
523,2024-10-01,2024-10-01,3,3,177
524,2024-08-20,2025-10-13,3,3,32
525,2024-10-08,2026-04-26,3,3,37
526,2026-05-14,2026-05-14,3,3,87
527,2024-02-09,2024-12-29,3,3,55
528,2024-02-05,2024-02-05,3,3,13
529,2026-07-04,2026-07-04,3,3,116
530,2024-12-20,2025-09-11,1,3,219
531,2025-04-12,2025-04-12,3,3,129
532,2025-02-20,2025-02-20,3,3,65
533,2024-09-13,2024-09-13,3,3,72
534,2026-05-09,2026-05-09,3,3,130
535,2025-12-09,2025-12-10,1,3,38
536,2023-06-05,2023-06-05,3,3,48
537,2023-10-01,2025-05-26,3,3,32
538,2024-03-29,2024-03-29,3,3,96
539,2024-07-03,2024-11-28,3,3,43
540,2024-03-29,2024-03-29,3,3,14
541,2024-06-01,2024-06-01,3,3,164
542,2025-05-15,2026-01-03,3,3,74
543,2024-05-23,2025-02-24,2,0,44
544,2023-08-01,2025-11-09,3,3,19
545,2025-10-06,2025-10-06,3,3,32
546,2023-12-11,2025-05-22,3,3,94
547,2024-10-24,2025-09-27,0,3,30
548,2023-07-30,2023-08-12,3,3,38
549,2025-02-06,2025-12-16,1,3,73
550,2026-02-07,2026-03-24,3,3,95
551,2026-05-15,2026-05-15,3,3,180
552,2025-04-19,2025-04-19,1,1,35
553,2025-08-28,2025-08-28,3,3,151
554,2024-11-21,2025-09-02,3,3,376
555,2025-10-30,2026-07-29,3,3,66
556,2025-07-21,2025-07-21,3,3,74
557,2024-04-12,2024-04-12,3,3,49
558,2023-10-03,2024-09-04,2,3,30
559,2024-02-13,2025-05-07,3,3,372
560,2025-02-21,2025-02-21,3,3,40
561,2024-05-31,2024-06-16,1,3,299
562,2025-02-20,2025-09-06,2,3,144
563,2025-12-01,2025-12-01,3,3,31
564,2023-08-24,2025-09-18,3,3,112
565,2024-07-15,2024-07-15,3,3,44
566,2025-04-19,2025-04-19,3,3,39
567,2025-06-04,2025-08-21,1,1,75
568,2024-03-27,2024-03-27,3,3,20
569,2025-12-01,2026-07-27,3,3,108
570,2023-12-22,2023-12-22,3,3,44
571,2024-02-23,2024-02-23,3,3,10
572,2024-12-02,2024-12-02,3,3,103
573,2026-08-22,2026-08-22,3,3,49
574,2024-11-26,2024-11-26,3,3,335
575,2024-01-19,2024-07-22,3,3,12
576,2024-12-12,2025-06-02,3,3,370
577,2023-06-20,2023-10-17,3,3,18
578,2023-10-14,2025-01-10,3,3,68
579,2023-08-09,2023-08-09,3,3,11
580,2024-08-17,2026-01-30,3,3,32
581,2025-03-15,2026-02-15,3,3,37
582,2024-01-05,2024-01-05,3,3,13
583,2024-02-01,2024-04-22,3,1,97
584,2025-09-13,2025-09-13,3,3,75
585,2024-08-25,2025-03-29,3,3,16
586,2025-05-22,2025-05-22,3,3,80
587,2025-10-13,2025-10-13,3,3,100
588,2024-08-21,2024-08-21,1,1,15
589,2025-04-05,2025-10-02,3,3,16
590,2025-07-04,2025-07-04,2,2,21
591,2024-02-19,2024-02-19,3,3,15
592,2024-03-26,2024-09-05,3,3,46
593,2026-05-05,2026-08-29,3,3,34
594,2023-11-29,2024-03-01,3,3,14
595,2025-02-10,2025-09-13,3,3,36
596,2023-07-30,2024-10-10,3,3,40
597,2025-12-21,2025-12-21,3,3,129
598,2023-08-20,2023-08-20,3,3,43
599,2024-03-25,2024-03-25,3,3,11
600,2026-05-21,2026-05-21,3,3,288
601,2023-09-12,2025-04-07,3,3,49
602,2025-02-14,2025-09-02,2,3,87
603,2025-11-16,2025-11-16,3,3,26
604,2023-09-09,2023-09-09,3,3,44
605,2026-05-23,2026-05-23,3,3,337
606,2025-02-05,2025-02-05,3,3,84
607,2024-09-14,2026-08-31,3,3,362
608,2024-04-14,2024-04-14,2,2,48
609,2025-10-04,2026-01-26,1,3,271
610,2024-08-13,2024-08-13,1,1,10
611,2024-09-05,2024-12-15,3,3,168
612,2024-10-10,2026-08-04,3,3,90
613,2024-05-14,2024-05-14,3,3,50
614,2025-09-09,2025-09-09,3,3,130
615,2024-01-11,2026-01-26,3,3,19
616,2023-11-13,2024-06-02,3,3,12
617,2026-02-23,2026-02-23,3,3,178
618,2025-09-12,2025-11-05,3,3,363
619,2024-06-14,2024-11-13,3,3,36
620,2025-10-04,2025-10-04,3,3,43
621,2025-02-17,2026-09-14,3,3,84
622,2025-11-25,2025-12-03,1,1,35
623,2025-12-21,2025-12-21,3,3,391
624,2024-06-16,2025-11-06,1,3,29
625,2024-02-16,2024-02-16,3,3,13
626,2026-06-01,2026-06-01,3,3,17
627,2025-01-07,2025-01-07,3,3,74
628,2025-10-17,2025-10-17,3,3,56
629,2025-07-03,2025-07-03,1,1,49
630,2024-02-29,2024-02-29,3,3,359
631,2024-09-06,2026-09-15,3,3,78
632,2025-11-19,2026-06-18,3,3,86
633,2024-11-06,2024-11-06,3,3,258
634,2023-12-01,2025-04-28,3,3,19
635,2024-02-11,2024-02-11,3,3,28
636,2024-11-22,2026-08-29,3,3,30
637,2024-05-06,2025-02-02,3,3,13
638,2024-06-05,2024-06-05,3,3,193
639,2024-05-10,2024-05-10,1,1,12
640,2025-09-28,2026-08-20,3,3,58
641,2024-03-23,2024-03-23,3,3,83
642,2023-08-12,2023-10-21,1,3,41
643,2023-08-19,2024-07-23,3,1,47
644,2024-10-08,2026-06-16,3,1,27
645,2023-09-16,2025-05-16,2,3,119
646,2024-10-09,2024-10-09,3,3,57
647,2025-03-01,2025-03-01,3,3,93
648,2026-01-31,2026-01-31,3,3,59
649,2024-01-06,2024-01-06,3,3,22
650,2025-08-17,2026-04-29,2,3,24
651,2024-03-12,2024-03-12,3,3,11
652,2025-11-07,2025-11-07,3,3,362
653,2025-03-07,2025-03-07,3,3,188
654,2025-12-08,2025-12-08,3,3,17
655,2026-04-20,2026-04-20,3,3,81
656,2024-04-20,2024-04-20,3,3,303
657,2023-07-02,2025-12-12,2,3,94
658,2024-07-10,2026-06-16,3,3,10
659,2023-06-13,2023-06-13,3,3,307
660,2023-09-08,2026-08-19,3,3,67
661,2024-03-30,2024-03-30,3,3,158
662,2024-12-23,2024-12-23,3,3,34
663,2025-03-09,2025-03-09,1,1,66
664,2026-07-12,2026-08-12,3,3,39
665,2023-07-06,2025-01-16,3,3,32
666,2023-06-29,2023-06-29,3,3,341
667,2025-02-27,2025-02-27,3,3,91
668,2024-03-07,2024-03-07,3,3,13
669,2023-07-26,2023-12-02,3,3,161
670,2025-06-30,2026-04-12,3,3,346
671,2026-03-28,2026-09-06,3,3,217
672,2025-07-23,2025-07-23,3,3,25
673,2024-02-20,2024-02-20,3,3,14
674,2023-08-03,2024-01-31,3,3,30
675,2024-06-07,2025-09-01,3,3,88
676,2024-11-05,2025-12-04,3,3,52
677,2024-03-18,2026-08-10,3,3,177
678,2024-01-09,2024-07-19,1,3,30
679,2023-08-16,2026-06-25,3,3,82
680,2023-10-05,2025-04-30,3,3,48
681,2025-08-28,2026-02-05,3,3,10
682,2024-01-10,2024-01-10,3,3,122
683,2026-06-09,2026-08-19,3,2,270
684,2026-05-10,2026-05-10,3,3,112
685,2026-09-13,2026-09-13,3,3,90
686,2026-04-16,2026-04-16,3,3,608
687,2024-11-13,2025-06-23,3,3,192
688,2024-01-27,2024-01-27,3,3,152
689,2025-08-13,2025-08-13,3,3,18
690,2024-01-20,2024-02-14,3,3,86
691,2023-12-25,2024-08-01,3,3,129
692,2024-03-15,2024-03-15,3,3,18
693,2023-12-09,2023-12-09,3,3,57
694,2023-10-08,2023-12-08,3,3,94
695,2023-10-09,2025-08-12,3,3,56
696,2024-12-14,2025-07-02,3,3,82
697,2025-10-01,2025-10-01,3,3,29
698,2026-01-11,2026-09-11,3,3,251
699,2024-02-03,2025-09-16,1,3,40
700,2023-09-07,2024-12-20,3,3,27
701,2025-03-01,2025-03-01,1,1,282
702,2025-06-10,2025-06-10,2,2,249
703,2024-06-12,2025-09-01,3,3,62
704,2024-12-19,2024-12-19,3,3,76
705,2024-06-05,2026-03-24,3,3,96
706,2023-10-19,2023-10-19,1,1,34
707,2024-05-13,2025-02-11,1,3,57
708,2025-11-14,2026-02-13,3,3,34
709,2026-01-13,2026-05-24,3,3,19
710,2026-07-07,2026-07-07,3,3,38
711,2023-08-26,2024-12-18,3,3,128
712,2024-04-07,2026-09-10,3,3,10
713,2023-06-27,2023-06-27,3,3,21
714,2024-11-03,2026-07-21,3,3,383
715,2025-06-22,2025-06-22,1,1,10
716,2025-05-06,2025-05-06,3,3,371
717,2024-05-10,2024-11-07,3,3,10
718,2025-01-21,2025-05-15,3,1,20
719,2026-04-28,2026-06-04,3,1,38
720,2026-07-19,2026-07-19,3,3,41
721,2024-11-06,2024-11-06,1,1,44
722,2024-05-23,2026-05-17,3,3,114
723,2024-10-19,2024-10-19,3,3,206
724,2025-01-07,2025-11-10,3,3,30
725,2024-05-27,2026-07-11,3,3,30
726,2023-08-11,2026-04-08,3,3,398
727,2023-10-29,2024-03-12,3,3,108
728,2024-05-30,2024-05-30,3,3,31
729,2026-07-08,2026-07-10,3,3,24
730,2025-12-25,2025-12-25,1,1,151
731,2025-09-29,2025-09-29,3,3,44
732,2024-07-08,2024-09-01,3,3,33
733,2024-01-26,2024-08-12,3,3,36
734,2024-02-11,2024-02-11,1,1,48
735,2025-08-12,2026-02-24,3,3,465
736,2024-12-22,2025-08-26,3,3,355
737,2023-12-07,2023-12-07,3,3,36
738,2023-09-27,2025-12-17,3,3,45
739,2024-05-23,2024-09-22,3,3,54
740,2024-02-16,2026-08-18,3,3,15
741,2024-04-27,2025-03-19,3,3,220
742,2026-05-03,2026-05-03,1,1,45
743,2024-04-28,2024-04-28,3,3,33
744,2026-04-19,2026-04-19,3,3,184
745,2025-05-12,2025-05-12,3,3,78
746,2024-02-16,2026-04-18,3,1,245
747,2023-06-13,2026-08-26,2,3,232
748,2024-04-21,2024-04-21,3,3,28
749,2024-09-23,2024-09-23,3,3,171
750,2024-01-01,2025-01-30,3,3,93
751,2024-08-26,2024-08-26,3,3,53
752,2026-08-28,2026-08-28,3,3,32
753,2026-02-17,2026-02-17,3,3,15
754,2024-02-07,2026-04-11,3,1,78
755,2023-11-13,2023-11-13,3,3,162
756,2023-08-21,2023-08-21,3,3,157
757,2025-09-06,2026-04-26,3,1,39
758,2026-07-23,2026-07-23,3,3,47
759,2025-06-21,2025-06-21,3,3,46
760,2024-04-08,2025-04-29,3,1,15
761,2023-09-16,2023-11-10,3,1,94
762,2025-01-31,2025-01-31,3,3,156
763,2024-12-03,2024-12-03,3,3,88
764,2024-07-17,2024-11-29,3,3,78
765,2023-12-06,2023-12-06,1,1,48
766,2025-04-13,2025-04-13,3,3,145
767,2026-03-09,2026-08-09,3,3,305
768,2025-08-28,2026-04-01,3,3,11
769,2024-10-31,2024-11-23,2,3,141
770,2024-07-17,2025-06-25,1,3,77
771,2025-04-10,2025-04-10,3,3,103
772,2023-06-13,2025-01-28,1,3,151
773,2026-05-15,2026-07-07,3,3,82
774,2024-06-07,2024-10-05,3,3,13
775,2025-08-02,2025-08-02,3,3,27
776,2025-10-13,2025-10-13,3,3,33
777,2023-08-03,2023-08-03,3,3,51
778,2026-01-26,2026-03-23,3,3,17
779,2026-02-14,2026-08-09,3,3,36
780,2023-08-06,2023-11-26,3,3,23
781,2023-12-15,2024-05-20,3,3,41
782,2024-09-11,2025-03-03,3,3,97
783,2023-12-23,2026-07-19,3,1,16
784,2023-10-20,2025-02-21,3,3,205
785,2023-08-05,2023-08-05,3,3,123
786,2024-08-14,2024-08-14,3,3,205
787,2024-02-17,2024-03-25,3,3,10
788,2025-11-23,2025-11-23,3,3,61
789,2023-06-14,2026-06-01,3,3,10
790,2025-05-28,2025-05-28,3,3,52
791,2023-10-04,2024-11-25,3,3,11
792,2023-09-06,2023-09-06,1,1,23
793,2025-04-17,2025-04-17,3,3,40
794,2024-06-08,2024-06-08,3,3,76
795,2025-10-28,2025-11-14,3,3,99
796,2024-04-07,2024-04-07,3,3,92
797,2024-06-25,2025-09-07,3,3,215
798,2024-07-12,2024-10-13,3,3,10
799,2025-12-27,2025-12-27,1,1,10
800,2025-12-24,2026-04-24,3,3,140
801,2025-08-07,2025-08-07,3,3,57
802,2026-06-11,2026-06-11,3,3,22
803,2024-04-06,2024-04-06,3,3,15
804,2024-03-08,2024-05-29,3,3,169
805,2024-02-15,2024-02-15,3,3,165
806,2026-03-04,2026-03-04,1,1,169
807,2024-09-01,2024-12-21,3,3,11
808,2024-07-29,2026-06-02,3,3,38
809,2026-08-30,2026-08-30,3,3,199
810,2024-05-22,2025-08-28,3,3,156
811,2025-02-15,2026-03-27,3,3,95
812,2024-02-05,2025-06-03,3,3,40
813,2025-02-23,2025-02-23,3,3,29
814,2025-08-20,2026-09-23,1,3,22
815,2024-04-29,2024-04-29,1,1,300
816,2023-11-27,2023-11-27,3,3,16
817,2024-01-28,2025-06-20,3,3,89
818,2025-10-05,2025-10-05,3,3,10
819,2023-06-25,2023-12-01,3,3,128
820,2026-02-22,2026-02-22,3,3,130
821,2023-07-06,2023-07-06,2,2,12
822,2025-10-26,2025-10-26,1,1,163
823,2024-08-02,2025-10-31,3,3,120
824,2025-09-16,2025-09-16,3,3,18
825,2024-02-04,2024-06-02,3,3,18
826,2025-06-27,2025-11-22,3,3,13
827,2023-09-29,2025-01-28,3,3,41
828,2023-08-12,2026-05-07,3,1,19
829,2025-03-03,2026-01-28,3,3,44
830,2025-08-23,2025-08-23,3,3,16
831,2026-08-29,2026-08-29,3,3,38
832,2026-06-03,2026-06-03,3,3,269
833,2023-10-11,2023-10-11,3,3,87
834,2025-06-09,2026-05-13,0,3,42
835,2025-07-02,2025-08-02,3,3,19
836,2026-03-07,2026-03-07,3,3,189
837,2025-08-01,2025-12-24,3,3,31
838,2026-05-14,2026-05-14,3,3,226
839,2024-03-26,2024-03-26,3,3,179
840,2025-07-24,2025-07-24,1,1,39
841,2025-06-20,2025-06-20,3,3,32
842,2024-11-01,2026-03-17,3,3,112
843,2025-07-23,2025-07-23,3,3,18
844,2024-03-29,2024-05-17,3,3,207
845,2024-05-12,2025-02-27,3,2,10
846,2024-06-21,2026-07-15,1,3,21
847,2023-07-21,2023-07-21,3,3,225
848,2025-05-24,2025-05-24,3,3,717
849,2023-08-11,2023-08-11,3,3,135
850,2023-10-23,2025-05-21,3,3,123
851,2023-11-17,2023-11-17,3,3,16
852,2024-01-23,2026-06-24,3,3,172
853,2023-11-15,2023-11-15,3,3,91
854,2025-10-17,2025-10-17,3,3,14
855,2024-06-29,2024-11-16,3,3,344
856,2024-11-15,2025-08-12,3,3,14
857,2024-09-06,2024-09-06,3,3,65
858,2025-05-27,2025-05-27,3,3,165
859,2024-03-25,2025-11-20,3,3,18
860,2026-02-12,2026-02-12,3,3,149
861,2023-07-02,2024-08-15,3,3,117
862,2023-06-15,2023-06-15,3,3,82
863,2024-01-29,2025-12-14,2,3,27
864,2023-06-09,2024-05-12,3,3,15
865,2025-07-17,2026-01-10,3,3,139
866,2024-12-22,2024-12-22,1,1,36
867,2024-05-26,2025-09-01,3,3,98
868,2023-10-13,2025-09-04,1,3,15
869,2025-01-10,2026-05-07,3,3,21
870,2025-03-14,2025-03-14,3,3,99
871,2024-10-17,2024-10-17,3,3,11
872,2025-06-15,2025-06-15,3,3,17
873,2023-08-27,2024-05-18,3,1,174
874,2024-06-14,2024-06-14,3,3,51
875,2023-07-31,2025-05-25,3,3,15
876,2025-03-18,2025-03-18,3,3,33
877,2023-07-16,2024-10-13,1,1,30
878,2025-11-11,2025-11-11,3,3,12
879,2023-10-16,2024-02-05,3,3,15
880,2025-08-13,2025-08-13,3,3,13
881,2025-03-22,2025-03-22,3,3,167
882,2024-10-26,2024-10-26,3,3,34
883,2026-01-06,2026-04-13,3,3,176
884,2023-11-14,2023-11-14,3,3,38
885,2024-11-22,2025-11-19,3,3,274
886,2023-11-22,2023-11-22,3,3,16
887,2023-10-22,2024-05-04,3,3,359
888,2024-07-01,2026-03-06,1,3,19
889,2024-06-17,2024-06-17,3,3,343
890,2024-04-12,2025-11-03,3,3,10
891,2024-01-11,2025-04-15,3,3,45
892,2024-05-17,2026-03-25,3,3,394
893,2023-09-01,2023-09-01,3,3,118
894,2025-03-07,2025-03-07,3,3,11
895,2026-03-16,2026-06-28,3,3,101
896,2025-04-09,2025-04-09,3,3,160
897,2024-11-10,2025-06-21,3,3,190
898,2026-01-26,2026-01-26,3,3,28
899,2023-11-19,2025-04-16,1,3,97
900,2024-02-22,2025-03-24,1,3,33
901,2025-06-14,2026-01-06,3,3,38
902,2025-02-03,2025-02-03,3,3,329
903,2025-10-26,2026-03-23,3,3,139
904,2024-07-31,2024-07-31,3,3,190
905,2024-10-28,2025-08-08,3,3,46
906,2025-08-29,2025-08-29,3,3,19
907,2024-04-02,2024-10-01,3,3,35
908,2025-11-24,2025-11-24,3,3,31
909,2023-07-15,2023-07-15,3,3,15
910,2024-09-03,2025-01-12,3,3,259
911,2024-11-21,2025-04-20,3,3,292
912,2025-05-17,2025-05-17,1,1,32
913,2026-06-10,2026-06-10,3,3,48
914,2024-08-15,2024-08-15,3,3,44
915,2024-09-05,2024-09-05,3,3,20
916,2025-12-16,2025-12-16,3,3,34
917,2025-08-14,2025-08-14,3,3,29
918,2025-01-20,2025-09-14,3,3,48
919,2024-09-17,2024-09-17,3,3,54
920,2025-06-27,2026-05-06,3,1,109
921,2025-10-20,2025-10-20,3,3,53
922,2023-10-03,2026-07-01,3,3,74
923,2024-10-16,2024-10-16,3,3,74
924,2024-04-10,2024-11-04,3,3,24
925,2025-03-29,2026-03-28,3,3,40
926,2026-03-20,2026-03-20,3,3,289
927,2025-01-15,2026-07-19,3,3,59
928,2025-10-05,2025-10-05,3,3,41
929,2024-03-02,2024-03-02,3,3,108
930,2026-01-15,2026-01-15,3,3,177
931,2024-01-16,2026-07-21,3,3,261
932,2023-11-22,2026-06-20,3,3,31
933,2026-06-25,2026-06-25,3,3,21
934,2026-08-05,2026-08-05,3,3,19
935,2023-06-15,2025-03-29,3,3,44
936,2025-06-21,2026-05-01,3,2,16
937,2025-11-25,2025-11-25,3,3,46
938,2026-01-01,2026-03-01,3,3,76
939,2023-12-07,2025-02-07,3,3,83
940,2023-12-12,2026-08-26,3,3,31
941,2024-08-09,2025-09-15,3,3,26
942,2024-03-22,2026-02-13,1,3,47
943,2026-06-29,2026-06-29,3,3,38
944,2023-08-08,2024-02-07,3,1,716
945,2024-04-06,2024-04-06,3,3,244
946,2023-08-09,2023-08-09,3,3,51
947,2024-07-03,2024-07-03,3,3,14
948,2025-04-29,2025-04-29,3,3,42
949,2024-06-20,2025-08-01,3,3,21
950,2024-04-25,2024-06-21,3,3,18
951,2025-01-02,2026-05-01,3,3,188
952,2024-09-30,2026-03-18,0,3,30
953,2024-06-22,2024-08-29,3,3,66
954,2025-10-18,2025-10-18,3,3,71
955,2023-08-04,2025-04-27,3,3,31
956,2024-08-06,2024-08-06,3,3,184
957,2024-03-12,2024-12-19,3,3,42
958,2023-07-14,2023-07-14,3,3,11
959,2024-07-02,2024-07-02,1,1,25
960,2026-07-13,2026-07-13,3,3,201
961,2026-01-28,2026-04-02,3,3,48
962,2024-02-10,2026-05-21,3,1,62
963,2025-02-18,2026-02-27,3,3,291
964,2024-01-24,2024-01-24,1,1,18
965,2026-05-30,2026-05-30,3,3,151
966,2024-11-11,2025-04-03,3,3,49
967,2023-12-25,2023-12-25,3,3,81
968,2024-04-17,2026-03-08,3,3,14
969,2024-05-06,2025-11-09,3,3,31
970,2024-07-23,2025-06-14,3,2,74
971,2024-03-14,2024-03-14,3,3,168
972,2024-07-07,2024-07-07,3,3,17
973,2026-05-27,2026-05-27,3,3,248
974,2024-06-29,2024-12-17,3,3,131
975,2024-03-12,2024-03-12,3,3,93
976,2023-12-10,2023-12-10,3,3,13
977,2025-01-30,2025-01-30,3,3,63
978,2025-12-13,2025-12-13,3,3,19
979,2025-11-25,2025-11-25,3,3,30
980,2024-11-25,2024-11-25,3,3,52
981,2023-08-23,2025-07-22,3,3,16
982,2026-02-07,2026-03-19,3,3,49
983,2026-07-02,2026-08-16,3,3,58
984,2024-03-14,2026-02-13,3,3,380
985,2026-07-08,2026-07-08,1,1,12
986,2023-09-05,2024-05-28,3,3,44
987,2024-04-27,2024-04-27,3,3,20
988,2023-06-21,2026-06-04,3,3,129
989,2023-08-02,2023-08-02,3,3,144
990,2024-01-02,2024-01-02,3,3,202
991,2025-02-21,2025-02-21,3,3,85
992,2024-01-29,2026-08-12,3,3,124
993,2024-02-06,2025-02-07,1,3,72
994,2024-08-25,2025-09-21,3,3,772
995,2024-01-19,2025-08-08,3,3,14
996,2026-08-13,2026-08-13,3,3,154
997,2024-05-11,2026-07-23,3,3,39
998,2025-12-17,2025-12-17,3,3,388
999,2024-08-05,2025-04-07,3,3,33
1000,2023-11-29,2023-11-29,3,3,14
1001,2023-07-05,2023-07-05,3,3,23
1002,2025-08-02,2025-08-02,3,3,438
1003,2023-10-26,2026-01-07,3,3,35
1004,2023-06-09,2023-10-15,3,3,394
1005,2023-06-14,2024-08-01,3,3,382
1006,2025-07-15,2025-07-15,3,3,227
1007,2024-02-28,2024-02-28,3,3,18
1008,2025-11-14,2025-11-14,3,3,49
1009,2024-07-22,2024-07-22,3,3,27
1010,2024-09-12,2024-09-12,3,3,163
1011,2024-08-26,2024-08-26,3,3,26
1012,2023-07-11,2024-09-25,3,3,16
1013,2024-04-23,2025-01-27,3,3,358
1014,2026-07-25,2026-07-25,3,3,14
1015,2024-06-08,2025-02-19,3,3,38
1016,2023-10-08,2024-03-23,3,1,357
1017,2024-08-29,2025-12-03,3,3,75
1018,2026-07-26,2026-07-26,3,3,53
1019,2026-07-02,2026-07-02,3,3,71
1020,2024-10-02,2026-07-28,3,3,10
1021,2024-11-18,2026-07-31,1,3,18
1022,2026-05-27,2026-05-27,3,3,63
1023,2023-08-07,2026-02-22,3,3,111
1024,2024-11-01,2024-11-01,3,3,169
1025,2024-03-16,2024-03-16,3,3,107
1026,2024-06-08,2026-03-15,3,3,16
1027,2023-08-09,2024-05-01,3,3,169
1028,2026-01-13,2026-01-13,3,3,28
1029,2023-12-22,2023-12-22,3,3,19
1030,2024-12-27,2025-09-16,3,3,348
1031,2025-02-23,2025-02-23,3,3,135
1032,2024-10-30,2024-10-30,3,3,196
1033,2025-02-03,2025-07-21,3,3,64
1034,2023-10-05,2024-07-07,3,1,27
1035,2026-02-27,2026-07-09,3,0,16
1036,2025-07-09,2025-07-09,3,3,11
1037,2024-08-18,2026-01-06,3,3,109
1038,2025-11-04,2026-02-27,1,3,47
1039,2025-09-21,2025-09-21,3,3,13
1040,2023-08-23,2025-08-08,3,3,16
1041,2024-03-21,2024-03-21,3,3,120
1042,2025-10-14,2026-09-20,0,3,39
1043,2025-01-08,2025-12-15,3,1,119
1044,2024-05-20,2026-09-19,3,3,153
1045,2025-02-08,2026-02-06,3,3,30
1046,2024-01-31,2024-05-09,3,3,17
1047,2025-05-21,2025-05-21,1,1,41
1048,2025-01-04,2025-03-01,3,3,45
1049,2023-07-12,2023-12-25,3,1,45
1050,2025-07-09,2025-07-09,3,3,17
1051,2025-05-27,2025-05-27,3,3,19
1052,2025-01-22,2025-02-22,1,3,25
1053,2024-01-21,2024-01-21,3,3,18
1054,2024-09-12,2024-09-12,3,3,10
1055,2026-08-01,2026-08-01,3,3,235
1056,2023-11-21,2026-06-22,3,3,135
1057,2024-11-03,2026-04-30,3,3,306
1058,2024-04-09,2024-04-09,3,3,48
1059,2023-09-16,2023-11-03,3,1,41
1060,2024-01-26,2024-01-26,0,0,34
1061,2024-12-12,2025-01-10,3,3,81
1062,2024-04-26,2025-03-12,3,3,57
1063,2023-06-10,2023-06-10,3,3,34
1064,2024-11-04,2024-11-27,3,3,38
1065,2025-07-02,2026-04-30,3,3,19
1066,2024-06-06,2024-06-06,3,3,18
1067,2024-11-28,2024-11-28,3,3,11
1068,2024-09-12,2025-06-09,1,3,42
1069,2025-10-23,2026-07-12,3,3,37
1070,2023-08-05,2024-12-08,3,3,88
1071,2024-05-21,2024-05-21,3,3,38
1072,2024-06-01,2024-06-01,3,3,181
1073,2026-09-11,2026-09-11,1,1,117
1074,2023-09-06,2023-09-06,3,3,24
1075,2024-12-23,2024-12-23,3,3,128
1076,2026-08-02,2026-09-01,1,3,127
1077,2023-10-04,2025-01-15,3,3,11
1078,2023-07-01,2025-04-11,3,3,166
1079,2023-10-10,2023-10-10,3,3,39
1080,2024-09-13,2025-03-07,3,3,35
1081,2026-08-01,2026-08-01,3,3,47
1082,2025-05-24,2025-05-24,3,3,171
1083,2026-08-14,2026-08-17,3,3,33
1084,2025-09-27,2026-03-18,3,1,18
1085,2025-12-19,2025-12-19,3,3,33
1086,2024-06-22,2024-06-22,3,3,44
1087,2024-01-19,2024-01-19,3,3,69
1088,2025-02-02,2025-02-02,1,1,41
1089,2026-05-24,2026-05-24,3,3,63
1090,2024-05-22,2025-12-02,1,3,28
1091,2025-08-25,2025-12-29,3,3,280
1092,2024-03-18,2024-03-18,3,3,86
1093,2025-04-14,2025-09-27,3,3,42
1094,2024-03-09,2024-03-09,1,1,14
1095,2023-10-30,2025-12-06,3,3,46
1096,2024-06-14,2025-10-20,3,3,87
1097,2024-09-20,2025-11-26,3,3,11
1098,2024-01-23,2024-11-09,3,3,93
1099,2025-07-09,2026-06-07,1,3,112
1100,2023-08-28,2026-02-10,3,3,336
1101,2023-07-13,2023-09-08,3,3,133
1102,2024-09-01,2025-06-29,3,3,34
1103,2024-05-03,2026-06-20,1,3,150
1104,2023-08-19,2023-08-19,3,3,265
1105,2025-01-02,2025-01-02,3,3,43
1106,2023-07-23,2023-07-23,3,3,35
1107,2024-12-28,2025-06-09,1,1,89
1108,2025-05-06,2025-05-06,3,3,205
1109,2023-11-05,2024-01-18,3,3,14
1110,2024-02-04,2025-11-04,3,3,20
1111,2023-11-13,2025-12-25,3,3,162
1112,2026-01-20,2026-01-20,3,3,199
1113,2025-07-29,2025-07-29,3,3,36
1114,2023-07-05,2026-01-28,3,3,47
1115,2024-02-17,2025-07-23,1,3,90
1116,2026-06-09,2026-06-09,3,3,344
1117,2025-12-30,2026-06-11,3,3,34
1118,2025-03-05,2025-08-07,3,3,45
1119,2023-10-29,2023-10-29,3,3,19
1120,2023-11-28,2025-05-06,3,3,15
1121,2024-04-07,2025-06-03,3,3,51
1122,2026-05-10,2026-05-10,3,3,30
1123,2024-09-20,2024-09-20,3,3,16
1124,2024-10-30,2024-10-30,3,3,47
1125,2023-06-21,2025-05-30,3,3,46
1126,2024-09-13,2024-09-13,3,3,10
1127,2025-11-01,2026-03-03,3,3,57
1128,2024-11-15,2024-11-15,1,1,61
1129,2024-07-31,2024-07-31,3,3,286
1130,2023-08-27,2023-08-27,3,3,148
1131,2026-06-10,2026-06-10,3,3,16
1132,2024-04-13,2025-09-30,3,3,52
1133,2026-06-24,2026-06-24,3,3,48
1134,2026-01-24,2026-09-15,3,3,307
1135,2024-09-05,2024-09-15,3,3,263
1136,2025-08-04,2026-05-14,3,3,89
1137,2025-03-20,2025-03-20,3,3,10
1138,2023-10-07,2026-02-08,3,2,95
1139,2024-09-14,2025-11-25,3,3,12
1140,2024-09-12,2024-09-12,3,3,91
1141,2023-08-12,2023-08-12,3,3,270
1142,2025-09-15,2026-05-04,3,3,350
1143,2023-10-22,2024-11-01,3,0,11
1144,2024-11-16,2025-01-09,3,3,28
1145,2025-06-29,2025-06-29,3,3,345
1146,2024-05-05,2024-05-05,3,3,70
1147,2024-12-11,2024-12-11,3,3,16
1148,2025-07-23,2025-07-23,1,1,257
1149,2024-06-10,2026-08-05,3,3,16
1150,2024-01-18,2025-12-31,1,3,175
1151,2026-04-02,2026-04-02,3,3,76
1152,2026-01-06,2026-01-06,3,3,143
1153,2023-08-18,2024-04-11,3,3,14
1154,2023-06-09,2025-05-29,3,3,203
1155,2024-12-29,2024-12-29,3,3,93
1156,2025-12-31,2025-12-31,3,3,502
1157,2024-08-13,2024-08-13,3,3,28
1158,2026-03-06,2026-03-06,3,3,14
1159,2023-11-09,2023-11-09,3,3,155
1160,2023-12-13,2024-09-25,3,3,113
1161,2024-01-12,2024-01-12,3,3,20
1162,2024-12-12,2024-12-12,3,3,11
1163,2024-01-26,2024-01-26,3,3,30
1164,2026-08-15,2026-08-15,3,3,88
1165,2024-06-04,2025-03-13,3,3,20
1166,2026-05-25,2026-07-15,0,3,85
1167,2023-11-26,2026-03-14,1,3,52
1168,2023-11-29,2024-05-11,3,3,59
1169,2026-02-23,2026-02-23,3,3,320
1170,2023-08-13,2024-09-17,3,3,262
1171,2025-12-23,2025-12-23,3,3,24
1172,2024-01-31,2024-01-31,3,3,51
1173,2026-07-01,2026-07-01,3,3,84
1174,2023-07-31,2025-03-06,3,3,12
1175,2023-09-20,2025-12-06,3,0,73
1176,2023-12-10,2025-09-16,3,1,166
1177,2025-10-05,2025-10-05,3,3,19
1178,2023-07-30,2023-07-30,3,3,11
1179,2026-07-09,2026-07-09,3,3,14
1180,2024-04-14,2024-06-20,3,3,28
1181,2025-10-20,2025-10-20,3,3,40
1182,2023-08-15,2023-08-15,3,3,178
1183,2024-04-07,2026-08-05,3,3,90
1184,2023-06-26,2026-02-16,3,3,45
1185,2024-07-29,2026-07-10,1,3,86
1186,2024-10-08,2025-11-09,3,3,84
1187,2023-11-22,2023-11-22,3,3,28
1188,2026-06-12,2026-06-12,3,3,24
1189,2025-01-24,2025-01-24,3,3,27
1190,2026-06-20,2026-06-20,3,3,99
1191,2023-09-28,2023-09-28,3,3,36
1192,2026-09-12,2026-09-12,3,3,22
1193,2024-05-07,2026-05-30,1,3,39
1194,2023-12-26,2025-08-22,3,3,112
1195,2026-05-21,2026-05-21,3,3,43
1196,2025-01-11,2025-01-11,3,3,132
1197,2024-05-26,2025-02-15,3,3,148
1198,2023-09-20,2025-04-17,1,3,37
1199,2023-08-17,2023-12-22,3,1,19
1200,2024-07-11,2025-02-27,3,3,33
1201,2025-02-02,2025-06-10,3,3,146
1202,2024-04-16,2024-04-16,1,1,29
1203,2024-06-29,2025-09-11,1,1,43
1204,2026-03-15,2026-06-10,3,3,71
1205,2023-06-17,2024-05-07,3,3,379
1206,2025-03-19,2025-03-19,3,3,11
1207,2024-11-01,2026-01-06,3,3,45
1208,2023-12-17,2025-05-25,3,1,133
1209,2026-03-24,2026-03-24,3,3,53
1210,2026-03-25,2026-07-20,3,3,30
1211,2026-04-02,2026-04-02,3,3,19
1212,2024-11-13,2025-03-24,3,3,34
1213,2023-07-03,2023-12-18,3,3,217
1214,2024-07-19,2024-07-19,3,3,59
1215,2025-08-25,2026-04-23,3,3,357
1216,2023-09-13,2023-09-13,3,3,137
1217,2024-06-18,2024-06-18,3,3,70
1218,2023-08-11,2023-08-11,0,0,360
1219,2023-07-22,2025-08-23,3,3,131
1220,2025-03-12,2025-03-13,3,3,29
1221,2025-08-17,2025-08-17,3,3,18
1222,2023-11-12,2025-05-26,3,3,170
1223,2026-07-20,2026-07-20,3,3,54
1224,2023-06-26,2026-09-09,3,3,29
1225,2024-03-18,2025-11-15,3,3,130
1226,2023-06-24,2026-01-23,3,1,18
1227,2024-07-01,2025-12-10,3,2,15
1228,2023-11-05,2026-01-10,3,3,10
1229,2024-11-30,2025-10-16,3,1,72
1230,2025-05-14,2025-05-14,3,3,11
1231,2023-06-07,2023-06-07,3,3,95
1232,2024-12-22,2024-12-22,3,3,95
1233,2025-03-07,2025-03-07,3,3,83
1234,2025-04-15,2025-04-15,1,1,399
1235,2023-10-13,2026-01-19,3,3,42
1236,2023-11-04,2023-11-04,3,3,10
1237,2025-02-28,2025-07-05,3,3,35
1238,2025-02-06,2025-02-06,3,3,69
1239,2023-10-09,2023-10-09,3,3,276
1240,2024-02-13,2024-02-13,3,3,132
1241,2026-07-23,2026-07-23,3,3,16
1242,2025-12-24,2025-12-28,3,1,309
1243,2025-07-06,2026-03-16,3,3,329
1244,2025-12-08,2025-12-08,3,3,282
1245,2026-02-23,2026-09-05,3,3,45
1246,2023-12-24,2023-12-24,3,3,29
1247,2025-10-15,2025-10-15,3,3,64
1248,2024-01-16,2026-06-24,3,3,186
1249,2023-07-03,2025-08-23,3,3,91
1250,2025-05-17,2025-12-20,3,3,36
1251,2025-10-12,2025-10-26,3,3,36
1252,2026-03-12,2026-03-12,3,3,45
1253,2023-12-13,2024-11-12,3,3,28
1254,2023-09-02,2023-09-02,3,3,287
1255,2024-04-01,2024-04-01,3,3,19
1256,2023-11-27,2026-01-30,3,3,25
1257,2025-11-22,2026-06-23,3,3,155
1258,2024-01-16,2025-01-29,3,3,277
1259,2025-02-14,2025-02-14,3,3,155
1260,2026-08-02,2026-08-02,3,3,23
1261,2026-05-15,2026-05-15,3,3,60
1262,2023-08-06,2023-08-06,3,3,159
1263,2025-01-27,2025-10-20,3,3,44
1264,2023-11-07,2025-02-22,3,3,180
1265,2026-07-04,2026-07-04,3,3,82
1266,2024-05-01,2025-08-03,3,3,36
1267,2024-02-27,2026-04-15,3,3,18
1268,2025-02-04,2025-02-04,3,3,49
1269,2024-02-09,2024-02-09,3,3,10
1270,2024-09-15,2024-09-15,3,3,103
1271,2024-05-12,2026-05-28,3,3,32
1272,2025-09-06,2025-09-06,3,3,45
1273,2024-10-04,2026-04-05,3,3,44
1274,2025-02-23,2025-02-23,3,3,86
1275,2025-04-28,2026-05-28,1,1,11
1276,2024-04-13,2024-04-13,3,3,336
1277,2025-03-06,2025-03-06,3,3,392
1278,2026-09-17,2026-09-17,3,3,15
1279,2023-12-09,2023-12-09,3,3,13
1280,2026-03-30,2026-03-30,3,3,66
1281,2024-05-09,2025-08-08,3,3,29
1282,2023-09-06,2025-11-12,3,3,69
1283,2023-09-14,2023-09-14,3,3,75
1284,2025-02-09,2025-02-09,1,1,134
1285,2025-07-19,2026-08-15,3,3,31
1286,2025-01-12,2025-11-05,3,3,21
1287,2024-04-22,2025-08-29,0,3,78
1288,2025-07-14,2025-07-14,3,3,32
1289,2023-11-24,2023-11-24,3,3,135
1290,2024-03-20,2026-05-12,3,3,114
1291,2025-01-29,2025-01-29,2,2,140
1292,2024-10-18,2024-10-18,3,3,162
1293,2024-08-25,2024-08-25,3,3,10
1294,2025-03-19,2025-03-19,3,3,67
1295,2023-09-04,2025-03-05,3,3,18
1296,2024-09-06,2024-09-06,3,3,131
1297,2023-08-13,2025-11-18,1,3,208
1298,2024-05-26,2024-05-26,3,3,281
1299,2026-08-07,2026-08-07,2,2,17
1300,2024-03-03,2024-03-03,3,3,161
1301,2023-11-06,2024-11-26,3,3,58
1302,2023-08-10,2023-08-10,3,3,80
1303,2025-10-09,2025-11-14,3,3,227
1304,2023-09-09,2024-01-23,3,3,137
1305,2025-07-01,2025-07-01,3,3,333
1306,2025-10-14,2026-07-14,3,3,29
1307,2024-09-23,2025-03-26,3,3,62
1308,2024-10-01,2025-05-21,3,3,310
1309,2025-07-20,2025-07-20,3,3,69
1310,2024-10-26,2024-10-26,3,3,12
1311,2026-07-17,2026-07-17,3,3,42
1312,2025-06-30,2026-05-02,3,3,30
1313,2024-08-02,2024-08-02,3,3,14
1314,2026-03-25,2026-08-09,3,3,283
1315,2025-10-24,2025-10-24,3,3,112
1316,2026-02-28,2026-04-02,3,3,218
1317,2023-10-05,2024-10-25,3,3,281
1318,2023-08-26,2023-08-26,3,3,176
1319,2025-04-30,2026-01-06,3,3,50
1320,2025-03-04,2025-03-04,3,3,266
1321,2024-09-23,2024-09-23,0,0,172
1322,2026-05-13,2026-05-13,3,3,18
1323,2026-04-24,2026-04-24,3,3,17
1324,2024-09-04,2024-09-04,3,3,310
1325,2023-08-29,2023-08-29,3,3,376
1326,2023-11-04,2024-08-05,3,3,17
1327,2023-10-27,2023-10-27,3,3,34
1328,2025-04-23,2025-04-23,3,3,54
1329,2024-04-27,2026-02-24,1,3,11
1330,2025-05-17,2026-06-08,3,3,15
1331,2024-07-19,2025-05-03,3,3,73
1332,2024-09-20,2024-09-20,3,3,49
1333,2026-05-29,2026-07-10,3,1,65
1334,2024-01-11,2024-01-11,3,3,115
1335,2024-06-26,2025-06-11,3,3,250
1336,2025-06-14,2025-07-29,3,3,139
1337,2024-12-20,2024-12-20,3,3,38
1338,2024-10-01,2024-10-04,3,3,87
1339,2025-09-05,2026-04-09,3,3,132
1340,2024-06-02,2024-07-12,3,1,25
1341,2023-10-04,2026-01-25,3,3,12
1342,2024-01-11,2026-07-26,3,3,15
1343,2024-04-07,2024-04-07,3,3,312
1344,2024-06-07,2026-09-12,3,3,18
1345,2024-02-05,2024-02-05,1,1,44
1346,2023-09-20,2024-08-14,3,3,22
1347,2026-06-11,2026-06-11,3,3,43
1348,2026-05-04,2026-06-17,3,3,110
1349,2024-02-29,2024-02-29,3,3,12
1350,2024-12-31,2024-12-31,3,3,13
1351,2023-11-27,2023-11-27,3,3,44
1352,2023-10-21,2025-04-22,3,1,16
1353,2024-09-06,2026-05-01,3,3,500
1354,2024-02-13,2024-02-13,3,3,13
1355,2025-07-11,2025-07-11,1,1,65
1356,2025-12-16,2025-12-16,3,3,234
1357,2025-04-14,2025-04-14,3,3,312
1358,2024-11-16,2024-12-09,3,3,35
1359,2025-01-15,2025-01-15,1,1,214
1360,2025-02-15,2025-02-15,3,3,194
1361,2023-10-30,2026-09-01,3,3,156
1362,2024-09-07,2024-09-07,3,3,20
1363,2023-12-29,2023-12-29,3,3,107
1364,2024-04-14,2024-06-11,3,3,350
1365,2025-06-15,2025-06-15,2,2,21
1366,2025-09-05,2026-09-13,3,3,28
1367,2025-01-04,2025-01-04,3,3,293
1368,2024-03-31,2024-03-31,3,3,349
1369,2026-03-13,2026-03-13,3,3,26
1370,2025-02-08,2025-10-11,0,3,51
1371,2023-08-04,2023-11-07,3,3,210
1372,2023-06-07,2023-06-07,3,3,43
1373,2024-08-09,2024-08-09,3,3,188
1374,2025-03-17,2025-03-17,3,3,10
1375,2026-07-18,2026-09-07,3,3,12
1376,2024-02-04,2024-07-13,3,3,40
1377,2024-06-19,2024-10-28,3,3,49
1378,2024-11-13,2025-09-30,1,3,114
1379,2024-04-24,2024-04-24,3,3,234
1380,2024-04-10,2026-02-12,2,3,376
1381,2023-06-13,2023-06-13,3,3,11
1382,2025-04-12,2025-04-12,3,3,51
1383,2025-12-01,2026-03-29,3,3,18
1384,2024-04-26,2025-02-27,3,3,56
1385,2024-02-03,2025-12-22,3,3,162
1386,2023-11-10,2023-11-10,1,1,46
1387,2023-10-06,2026-06-17,3,1,18
1388,2024-07-19,2024-07-19,3,3,12
1389,2023-09-09,2023-10-15,3,2,104
1390,2025-03-17,2025-03-17,3,3,341
1391,2023-10-16,2026-03-11,1,3,44
1392,2024-01-23,2024-10-21,3,3,52
1393,2024-01-27,2024-01-27,3,3,27
1394,2024-03-13,2024-03-13,3,3,16
1395,2024-04-12,2025-02-15,3,3,15
1396,2023-09-07,2024-06-24,3,3,22
1397,2023-07-25,2026-04-12,1,3,41
1398,2025-10-16,2025-10-16,3,3,27
1399,2024-06-27,2024-06-27,3,3,94
1400,2023-11-19,2024-01-03,3,3,15
1401,2025-05-16,2025-05-16,3,3,11
1402,2024-07-08,2024-07-08,3,3,21
1403,2024-02-20,2026-07-15,3,3,330
1404,2025-11-07,2026-01-26,3,3,13
1405,2024-08-28,2024-08-28,3,3,49
1406,2025-03-24,2025-03-24,3,3,111
1407,2024-02-05,2026-03-02,3,3,38
1408,2025-03-09,2025-03-09,3,3,312
1409,2024-02-14,2024-02-14,1,1,61
1410,2024-03-19,2024-08-01,3,3,66
1411,2026-06-08,2026-06-08,3,3,221
1412,2023-10-23,2024-10-12,3,3,132
1413,2024-06-30,2024-06-30,3,3,29
1414,2024-11-18,2024-11-18,1,1,151
1415,2023-07-06,2026-04-05,1,3,77
1416,2024-11-14,2024-11-14,3,3,61
1417,2026-07-11,2026-07-11,3,3,39
1418,2024-12-24,2024-12-24,3,3,99
1419,2024-09-09,2024-09-09,3,3,24
1420,2023-08-12,2023-08-12,3,3,44
1421,2024-04-25,2025-11-30,3,3,56
1422,2025-01-19,2025-01-19,3,3,23
1423,2026-09-13,2026-09-13,3,3,71
1424,2023-07-28,2023-07-28,3,3,106
1425,2026-07-30,2026-07-30,3,3,45
1426,2025-05-05,2026-08-05,1,3,21
1427,2026-05-05,2026-07-07,3,3,80
1428,2024-11-21,2024-11-21,3,3,81
1429,2026-04-04,2026-04-04,3,3,41
1430,2026-05-09,2026-05-09,1,1,21
1431,2026-09-10,2026-09-10,3,3,101
1432,2026-06-04,2026-06-04,3,3,24
1433,2024-07-04,2024-07-11,3,3,13
1434,2023-07-05,2023-07-05,3,3,267
1435,2026-02-01,2026-02-01,3,3,15
1436,2026-08-25,2026-08-25,3,3,149
1437,2026-02-19,2026-02-19,3,3,54
1438,2024-10-03,2024-10-03,3,3,122
1439,2024-03-20,2025-12-19,3,3,145
1440,2025-09-19,2025-09-19,3,3,16
1441,2025-02-01,2025-02-01,3,3,124
1442,2024-05-21,2024-05-21,3,3,39
1443,2026-03-19,2026-03-19,3,3,118
1444,2024-11-20,2024-11-20,3,3,24
1445,2024-04-12,2025-02-10,3,3,63
1446,2024-08-17,2025-08-15,3,3,61
1447,2023-12-24,2026-03-11,1,1,149
1448,2024-03-02,2025-10-18,3,3,21
1449,2024-03-12,2024-03-12,3,3,17
1450,2025-07-15,2025-07-15,3,3,62
1451,2023-12-05,2025-05-21,1,3,160
1452,2026-02-10,2026-04-11,3,3,147
1453,2023-06-06,2023-06-06,3,3,135
1454,2024-10-25,2024-10-25,3,3,44
1455,2025-03-01,2025-09-16,3,3,82
1456,2023-07-21,2025-05-15,3,3,67
1457,2025-02-13,2025-02-13,3,3,127
1458,2023-08-27,2023-12-24,3,3,47
1459,2025-05-17,2026-04-01,3,3,29
1460,2024-09-29,2024-09-29,3,3,113
1461,2025-06-28,2025-06-28,3,3,63
1462,2024-02-09,2026-05-03,3,3,45
1463,2023-06-19,2023-06-19,3,3,246
1464,2024-11-22,2025-05-13,3,3,12
1465,2023-12-28,2023-12-28,3,3,17
1466,2024-05-28,2025-08-06,3,3,41
1467,2025-01-23,2025-01-23,3,3,66
1468,2024-08-02,2024-08-02,3,3,354
1469,2025-08-25,2025-08-25,3,3,157
1470,2025-02-25,2025-02-25,3,3,88
1471,2026-08-24,2026-08-24,3,3,88
1472,2025-12-26,2025-12-26,2,2,17
1473,2024-09-02,2025-05-31,3,3,307
1474,2024-04-17,2025-05-12,1,3,177
1475,2024-10-23,2026-02-05,3,3,46
1476,2024-08-03,2025-10-19,3,3,13
1477,2023-09-23,2026-06-09,3,3,146
1478,2023-12-29,2025-03-25,3,3,44
1479,2024-04-10,2024-04-10,3,3,102
1480,2026-04-24,2026-04-24,3,3,60
1481,2025-03-24,2025-03-24,3,3,18
1482,2026-05-30,2026-05-30,3,3,137
1483,2024-11-29,2025-11-23,3,3,31
1484,2023-07-05,2025-02-10,1,3,82
1485,2023-07-30,2023-07-30,3,3,10
1486,2024-03-07,2026-01-28,1,3,18
1487,2023-08-18,2023-08-18,3,3,17
1488,2026-09-10,2026-09-10,3,3,39
1489,2023-06-08,2025-05-03,3,3,93
1490,2024-09-29,2024-09-29,3,3,93
1491,2024-08-04,2025-04-29,3,1,128
1492,2026-01-19,2026-01-19,3,3,305
1493,2024-12-02,2024-12-02,3,3,294
1494,2026-05-27,2026-05-27,3,3,231
1495,2025-11-25,2026-05-02,3,3,12
1496,2023-07-01,2026-05-05,3,2,45
1497,2024-11-03,2025-05-23,3,3,262
1498,2023-08-05,2023-08-05,3,3,38
1499,2025-01-31,2025-01-31,3,3,103
1500,2025-08-27,2025-08-27,3,3,40
1501,2024-07-13,2026-04-27,3,3,49
1502,2025-12-25,2026-04-17,3,3,102
1503,2024-09-07,2024-09-07,3,3,288
1504,2024-07-02,2025-04-28,2,3,10
1505,2026-01-23,2026-01-23,3,3,47
1506,2025-09-17,2025-09-17,3,3,26
1507,2026-05-19,2026-07-12,3,3,25
1508,2023-11-03,2025-07-29,3,3,370
1509,2023-12-25,2024-06-11,1,3,26
1510,2026-03-24,2026-03-24,3,3,43
1511,2025-09-06,2025-11-20,3,3,15
1512,2025-09-21,2025-09-21,3,3,39
1513,2023-07-31,2023-07-31,1,1,22
1514,2024-07-16,2024-07-16,1,1,37
1515,2024-06-01,2024-06-01,3,3,47
1516,2025-08-11,2025-08-11,3,3,196
1517,2023-10-29,2025-07-04,3,3,49
1518,2024-08-04,2025-10-18,3,3,147
1519,2026-05-19,2026-05-19,3,3,39
1520,2026-08-04,2026-08-04,3,3,24
1521,2025-10-27,2025-10-27,1,1,180
1522,2024-12-03,2024-12-03,3,3,130
1523,2024-10-08,2024-10-08,3,3,43
1524,2024-06-30,2024-11-08,3,3,206
1525,2026-05-12,2026-09-08,3,1,40
1526,2024-11-28,2026-05-18,0,3,333
1527,2025-02-26,2025-02-26,3,3,22
1528,2025-07-07,2025-07-07,3,3,41
1529,2024-11-02,2026-03-09,3,3,22
1530,2023-07-26,2024-09-23,3,1,361
1531,2023-12-04,2023-12-04,3,3,13
1532,2023-07-24,2025-03-18,3,3,337
1533,2023-08-09,2026-08-01,3,3,12
1534,2025-12-25,2025-12-25,3,3,23
1535,2023-07-11,2026-02-27,3,3,92
1536,2026-02-12,2026-02-12,3,3,40
1537,2025-07-16,2025-07-16,1,1,66
1538,2023-10-13,2023-10-13,3,3,99
1539,2024-12-08,2026-01-17,3,3,99
1540,2025-09-15,2025-09-15,3,3,255
1541,2025-09-11,2025-09-11,3,3,13
1542,2024-09-26,2025-03-07,3,3,36
1543,2023-12-17,2024-01-04,3,3,133
1544,2023-12-29,2025-05-31,3,3,38
1545,2025-06-25,2025-06-25,3,3,396
1546,2024-08-07,2026-08-22,3,3,202
1547,2025-06-21,2025-09-24,1,3,189
1548,2025-04-26,2025-05-17,3,2,97
1549,2023-06-25,2023-06-25,3,3,32
1550,2025-10-07,2025-10-07,2,2,669
1551,2026-03-22,2026-09-05,3,3,397
1552,2024-09-28,2024-09-28,3,3,11
1553,2025-06-05,2026-03-07,3,3,24
1554,2024-08-25,2026-09-07,3,3,26
1555,2023-07-01,2024-12-17,3,3,12
1556,2025-01-27,2025-01-27,3,3,135
1557,2026-02-18,2026-02-18,3,3,37
1558,2023-09-02,2025-07-02,3,3,50
1559,2024-02-18,2024-02-18,3,3,192
1560,2024-12-11,2024-12-11,3,3,65
1561,2025-02-12,2025-02-12,3,3,142
1562,2025-09-10,2026-05-15,3,3,67
1563,2025-05-11,2025-12-29,3,3,14
1564,2023-10-06,2023-10-06,3,3,157
1565,2024-12-21,2024-12-21,3,3,46
1566,2026-07-02,2026-07-02,1,1,63
1567,2023-08-09,2024-06-22,3,3,144
1568,2024-04-10,2024-04-10,3,3,44
1569,2025-11-08,2025-11-08,3,3,286
1570,2023-10-15,2023-10-15,3,3,19
1571,2026-04-29,2026-04-29,3,3,17
1572,2023-07-24,2023-07-24,1,1,89
1573,2024-09-13,2024-09-13,3,3,361
1574,2023-10-25,2025-03-29,3,3,74
1575,2024-11-11,2025-10-29,3,3,47
1576,2026-02-09,2026-02-09,3,3,27
1577,2024-01-07,2026-03-26,3,3,16
1578,2024-04-05,2026-04-26,3,1,380
1579,2024-07-03,2025-11-16,3,3,74
1580,2024-01-01,2024-01-01,3,3,121
1581,2024-08-24,2026-07-21,3,1,379
1582,2026-04-22,2026-04-22,3,3,17
1583,2025-07-25,2025-07-25,3,3,49
1584,2024-04-01,2024-07-27,0,3,93
1585,2025-06-29,2025-06-29,3,3,185
1586,2025-06-05,2025-06-05,0,0,382
1587,2023-12-25,2023-12-25,3,3,194
1588,2024-10-29,2025-02-01,3,3,42
1589,2024-06-05,2024-06-05,3,3,16
1590,2024-10-29,2024-10-29,3,3,16
1591,2023-09-26,2026-04-16,3,3,13
1592,2026-03-02,2026-03-02,3,3,185
1593,2026-01-13,2026-01-13,3,3,14
1594,2024-09-02,2026-07-16,3,3,28
1595,2023-11-06,2026-04-30,3,3,68
1596,2023-07-20,2023-07-20,3,3,65
1597,2024-10-28,2025-01-12,3,3,17
1598,2023-12-08,2024-07-26,3,3,16
1599,2023-06-15,2026-08-03,3,3,203
1600,2025-10-06,2026-01-15,3,3,38
1601,2026-02-25,2026-02-25,3,3,23
1602,2024-08-19,2024-08-19,3,3,33
1603,2025-11-23,2025-11-23,3,3,336
1604,2025-03-17,2025-03-17,3,3,290
1605,2023-11-08,2023-11-08,3,3,35
1606,2026-04-04,2026-04-04,3,3,34
1607,2024-08-16,2024-08-16,3,3,17
1608,2024-07-23,2026-06-11,1,3,18
1609,2026-08-13,2026-08-13,3,3,310
1610,2023-11-24,2023-11-24,3,3,31
1611,2026-02-28,2026-02-28,3,3,49
1612,2026-04-11,2026-04-11,3,3,10
1613,2025-03-25,2025-06-06,3,3,45
1614,2024-11-15,2024-11-15,3,3,41
1615,2024-07-04,2024-07-04,3,3,261
1616,2023-06-26,2023-06-26,3,3,143
1617,2025-10-10,2026-07-19,0,3,41
1618,2023-06-27,2026-04-06,3,3,30
1619,2024-10-20,2024-10-20,3,3,334
1620,2024-04-17,2025-02-18,3,3,56
1621,2024-04-27,2026-08-05,3,3,19
1622,2023-07-22,2026-07-18,3,3,144
1623,2024-12-24,2024-12-24,3,3,34
1624,2024-04-19,2024-04-19,1,1,370
1625,2026-01-30,2026-01-30,1,1,28
1626,2025-05-21,2025-05-21,0,0,40
1627,2023-11-21,2025-05-20,2,3,37
1628,2024-03-21,2024-03-21,3,3,98
1629,2025-05-29,2025-05-29,3,3,59
1630,2025-01-16,2025-02-27,3,3,129
1631,2024-04-30,2024-09-27,3,3,325
1632,2023-11-11,2023-12-06,3,3,127
1633,2025-09-28,2025-11-11,3,3,93
1634,2026-07-15,2026-07-15,1,1,44
1635,2023-09-12,2023-09-12,3,3,235
1636,2025-08-11,2026-05-22,3,3,196
1637,2023-10-21,2026-01-28,3,3,125
1638,2026-03-17,2026-03-17,3,3,60
1639,2023-08-24,2024-07-31,3,3,338
1640,2024-01-24,2025-03-22,3,3,40
1641,2025-05-13,2025-05-13,1,1,185
1642,2025-04-15,2025-04-15,3,3,160
1643,2025-06-29,2025-06-29,3,3,16
1644,2025-03-26,2025-03-26,3,3,35
1645,2024-10-04,2024-10-04,3,3,54
1646,2024-09-24,2025-07-03,1,1,25
1647,2024-06-01,2026-05-29,3,3,162
1648,2024-12-15,2025-09-22,1,3,202
1649,2024-09-08,2024-09-08,3,3,21
1650,2024-08-11,2024-08-11,3,3,81
1651,2024-10-23,2025-09-25,3,3,10
1652,2024-12-23,2024-12-23,3,3,43
1653,2026-04-05,2026-04-05,3,3,348
1654,2023-09-22,2024-11-27,3,3,106
1655,2024-05-15,2024-05-15,3,3,31
1656,2024-03-24,2025-11-08,3,3,53
1657,2024-03-12,2025-11-02,3,3,19
1658,2025-05-03,2025-05-03,1,1,46
1659,2024-05-23,2024-05-23,1,1,75
1660,2024-03-18,2024-03-18,1,1,23
1661,2024-06-14,2024-08-27,1,3,172
1662,2024-06-27,2026-04-14,3,3,97
1663,2024-04-12,2024-12-03,3,3,13
1664,2024-06-16,2024-06-16,3,3,14
1665,2026-04-24,2026-04-24,3,3,40
1666,2024-11-25,2026-08-23,3,3,17
1667,2023-06-20,2025-07-19,3,1,192
1668,2025-01-15,2025-01-15,3,3,60
1669,2025-06-28,2025-06-28,3,3,285
1670,2024-05-22,2026-06-26,3,3,17
1671,2026-04-07,2026-04-07,3,3,11
1672,2024-12-24,2026-01-18,1,1,17
1673,2023-10-21,2025-12-09,3,3,104
1674,2025-05-18,2026-03-19,3,3,29
1675,2025-11-01,2025-11-01,3,3,28
1676,2024-12-17,2026-07-26,3,3,80
1677,2025-03-13,2025-04-19,3,2,16
1678,2024-09-01,2024-09-01,3,3,32
1679,2025-05-19,2025-05-19,3,3,190
1680,2025-08-12,2025-08-21,3,3,16
1681,2026-03-19,2026-07-07,3,3,24
1682,2026-03-30,2026-03-30,3,3,18
1683,2024-10-03,2024-10-03,1,1,347
1684,2026-05-21,2026-05-21,3,3,18
1685,2023-12-04,2025-12-14,3,3,31
1686,2023-07-08,2024-11-26,1,3,46
1687,2023-12-26,2025-09-30,3,3,73
1688,2026-06-30,2026-06-30,3,3,56
1689,2024-10-25,2025-04-03,3,3,93
1690,2026-01-10,2026-01-10,1,1,60
1691,2025-08-18,2026-01-05,3,3,20
1692,2024-02-10,2026-04-19,3,3,10
1693,2023-07-04,2023-12-09,0,3,12
1694,2025-01-10,2026-05-03,3,2,63
1695,2024-09-24,2024-09-24,3,3,58
1696,2025-08-21,2025-08-21,3,3,13
1697,2025-06-15,2025-06-15,3,3,155
1698,2023-06-17,2023-06-17,3,3,271
1699,2024-03-19,2024-03-23,3,3,18
1700,2025-04-25,2025-04-25,1,1,18
1701,2024-01-23,2024-01-23,3,3,312
1702,2026-07-30,2026-07-30,3,3,82
1703,2026-08-01,2026-08-01,3,3,184
1704,2025-09-23,2026-03-19,3,3,33
1705,2025-02-03,2025-02-03,3,3,16
1706,2023-08-26,2023-09-09,1,3,232
1707,2024-04-02,2024-04-02,2,2,368
1708,2025-05-21,2025-05-21,0,0,29
1709,2025-03-25,2025-03-25,3,3,41
1710,2024-01-25,2024-01-25,3,3,46
1711,2026-02-14,2026-02-14,3,3,78
1712,2024-02-24,2024-03-18,3,3,268
1713,2025-05-20,2025-05-20,3,3,25
1714,2025-02-12,2025-09-14,3,3,26
1715,2024-07-12,2025-01-08,3,3,289
1716,2024-06-02,2024-11-29,3,3,73
1717,2024-05-02,2026-04-10,3,2,126
1718,2023-10-27,2025-07-14,3,3,45
1719,2025-11-11,2026-05-05,3,3,10
1720,2025-03-25,2025-03-25,3,3,14
1721,2024-02-25,2025-10-22,3,3,131
1722,2024-07-25,2026-04-20,3,3,118
1723,2025-08-01,2025-08-01,3,3,74
1724,2025-10-05,2025-10-05,3,3,166
1725,2024-03-08,2024-03-08,3,3,128
1726,2023-08-11,2024-08-05,2,3,32
1727,2025-02-12,2025-11-07,1,3,80
1728,2023-12-21,2026-01-11,3,3,33
1729,2024-09-22,2025-12-14,3,3,19
1730,2025-08-26,2026-06-25,3,1,17
1731,2024-01-26,2025-10-12,3,3,10
1732,2023-09-03,2024-06-24,3,3,37
1733,2023-12-10,2025-08-24,3,3,22
1734,2025-11-10,2025-11-10,3,3,140
1735,2024-06-09,2025-04-06,3,3,66
1736,2024-03-29,2024-03-29,3,3,92
1737,2026-09-03,2026-09-03,3,3,36
1738,2023-10-16,2023-10-16,3,3,28
1739,2023-07-28,2026-03-16,3,3,16
1740,2025-07-21,2025-07-21,3,3,21
1741,2024-11-01,2026-06-23,3,3,129
1742,2024-11-05,2025-02-02,3,3,29
1743,2025-07-07,2025-11-04,3,3,169
1744,2024-06-15,2024-07-03,3,3,47
1745,2025-06-13,2026-01-17,3,3,96
1746,2024-05-17,2024-05-17,3,3,111
1747,2024-01-24,2025-09-16,3,3,11
1748,2025-02-18,2026-09-22,3,3,82
1749,2025-06-17,2025-06-17,3,3,40
1750,2025-01-23,2026-01-25,3,3,130
1751,2023-10-19,2024-09-22,3,3,295
1752,2024-05-05,2026-08-18,3,1,43
1753,2024-01-31,2024-01-31,3,3,16
1754,2025-09-06,2026-01-21,3,3,73
1755,2024-11-06,2024-11-06,3,3,41
1756,2026-01-05,2026-01-05,2,2,49
1757,2024-12-16,2024-12-16,1,1,36
1758,2025-09-25,2025-09-25,3,3,13
1759,2025-11-21,2025-12-07,3,3,332
1760,2024-07-03,2026-01-18,3,3,232
1761,2025-04-17,2025-04-17,2,2,60
1762,2026-07-13,2026-07-13,3,3,27
1763,2025-09-17,2025-09-17,1,1,32
1764,2025-11-21,2025-11-21,3,3,53
1765,2024-09-26,2024-09-26,3,3,17
1766,2024-10-19,2024-10-19,3,3,71
1767,2023-06-12,2023-06-12,3,3,91
1768,2023-11-30,2023-11-30,3,3,12
1769,2026-02-10,2026-05-28,3,1,45
1770,2025-07-22,2026-08-10,3,3,378
1771,2023-12-10,2025-09-14,3,3,73
1772,2026-09-12,2026-09-12,1,1,82
1773,2024-11-26,2024-11-26,3,3,15
1774,2023-10-04,2025-03-10,3,3,38
1775,2023-09-27,2026-04-15,3,3,201
1776,2024-11-20,2025-01-14,3,3,23
1777,2024-03-13,2025-08-21,3,3,34
1778,2025-01-07,2025-01-07,3,3,189
1779,2025-12-20,2026-09-22,3,3,352
1780,2023-08-28,2026-06-10,3,3,70
1781,2025-05-09,2025-05-09,3,3,27
1782,2024-10-29,2024-10-29,3,3,10
1783,2025-11-24,2025-11-24,3,3,229
1784,2026-01-27,2026-07-04,3,3,55
1785,2026-04-06,2026-04-06,3,3,136
1786,2025-06-07,2025-06-07,3,3,368
1787,2024-01-11,2024-01-11,3,3,65
1788,2026-07-21,2026-07-21,3,3,71
1789,2025-03-17,2025-07-02,1,3,56
1790,2024-10-28,2024-10-28,1,1,12
1791,2025-05-06,2025-09-17,3,3,10
1792,2023-09-20,2026-03-22,3,3,67
1793,2025-09-26,2025-11-11,3,3,229
1794,2026-08-29,2026-08-29,3,3,261
1795,2023-06-17,2023-06-17,3,3,102
1796,2025-03-07,2025-03-07,3,3,21
1797,2023-12-24,2025-09-20,3,3,99
1798,2024-05-11,2024-05-11,3,3,49
1799,2025-11-10,2025-12-03,1,3,748
1800,2025-10-08,2026-03-19,3,3,163
1801,2026-08-25,2026-08-25,3,3,11
1802,2024-11-30,2026-06-16,3,3,54
1803,2026-06-05,2026-06-05,3,3,10
1804,2023-11-05,2023-11-05,3,3,14
1805,2024-01-19,2024-01-19,3,3,15
1806,2023-07-10,2024-01-14,3,1,11
1807,2024-07-18,2025-06-04,3,3,40
1808,2024-08-13,2026-05-05,3,3,37
1809,2024-08-10,2024-08-10,3,3,190
1810,2024-11-14,2024-11-14,3,3,54
1811,2025-05-07,2025-05-07,3,3,77
1812,2026-05-22,2026-05-22,3,3,197
1813,2024-10-30,2025-06-05,3,3,22
1814,2024-07-21,2024-07-21,1,1,33
1815,2024-09-04,2025-10-13,3,3,33
1816,2023-12-10,2023-12-10,3,3,75
1817,2025-04-26,2026-03-10,3,3,94
1818,2026-09-15,2026-09-15,3,3,227
1819,2023-08-27,2023-08-27,3,3,167
1820,2024-01-04,2024-01-04,3,3,178
1821,2025-09-23,2026-01-26,3,3,36
1822,2024-11-08,2024-11-08,3,3,30
1823,2026-03-17,2026-03-17,3,3,17
1824,2023-10-16,2024-11-09,3,3,19
1825,2023-11-26,2023-11-26,3,3,761
1826,2025-02-14,2025-12-11,3,3,11
1827,2023-11-25,2025-01-14,3,3,29
1828,2024-02-22,2024-11-14,3,3,86
1829,2025-10-15,2025-10-15,3,3,72
1830,2024-03-27,2024-12-14,3,3,75
1831,2023-12-03,2024-02-27,3,3,24
1832,2026-03-20,2026-03-20,3,3,23
1833,2024-09-30,2026-04-03,1,3,47
1834,2025-02-25,2025-06-09,3,3,45
1835,2024-10-31,2025-08-03,1,1,27
1836,2023-12-12,2023-12-12,3,3,94
1837,2023-07-21,2024-11-26,3,3,77
1838,2024-01-04,2024-01-04,3,3,146
1839,2026-01-29,2026-01-29,3,3,35
1840,2025-12-07,2026-07-22,1,1,62
1841,2023-07-21,2025-08-25,3,3,46
1842,2026-03-22,2026-03-22,3,3,391
1843,2023-08-23,2024-04-24,3,3,46
1844,2026-06-02,2026-06-02,3,3,268
1845,2023-10-18,2024-06-26,3,3,66
1846,2025-04-24,2025-12-17,3,3,26
1847,2023-07-12,2024-11-26,3,1,37
1848,2025-10-04,2026-03-25,3,3,130
1849,2024-02-10,2025-05-20,1,3,225
1850,2025-11-02,2026-01-12,2,3,13
1851,2023-09-18,2024-06-17,3,1,23
1852,2024-03-26,2024-09-23,3,3,48
1853,2024-12-30,2026-09-10,3,3,304
1854,2024-05-03,2024-05-03,3,3,36
1855,2023-08-14,2024-08-25,3,3,278
1856,2025-11-14,2025-11-14,3,3,59
1857,2025-03-17,2026-03-20,2,3,127
1858,2025-09-27,2025-10-18,3,3,11
1859,2025-10-17,2026-04-03,3,3,12
1860,2025-03-15,2025-03-15,3,3,148
1861,2023-07-10,2026-09-11,3,1,68
1862,2024-08-11,2026-04-04,3,3,87
1863,2023-09-01,2024-11-10,1,3,134
1864,2024-04-27,2026-05-10,3,2,19
1865,2023-09-30,2023-09-30,3,3,183
1866,2026-07-01,2026-08-16,3,1,125
1867,2025-10-09,2025-10-09,1,1,34
1868,2025-09-25,2026-02-13,3,3,39
1869,2023-06-19,2024-10-25,3,3,39
1870,2023-07-23,2024-03-22,1,3,155
1871,2026-07-08,2026-07-08,3,3,322
1872,2024-02-03,2024-02-03,3,3,15
1873,2024-08-04,2025-09-25,3,3,17
1874,2024-01-16,2026-02-25,3,3,154
1875,2025-11-28,2025-11-28,3,3,88
1876,2025-09-20,2025-09-20,3,3,31
1877,2024-10-05,2026-08-20,3,3,67
1878,2025-05-14,2025-10-30,3,3,82
1879,2025-07-29,2025-07-29,3,3,97
1880,2025-09-20,2025-09-20,3,3,35
1881,2023-09-04,2026-08-08,3,1,99
1882,2025-05-02,2025-10-07,3,1,129
1883,2026-05-30,2026-05-30,3,3,48
1884,2023-07-29,2025-04-22,3,3,116
1885,2023-12-24,2023-12-24,3,3,376
1886,2024-12-06,2024-12-06,3,3,13
1887,2026-01-08,2026-01-08,3,3,15
1888,2024-09-26,2025-02-01,3,3,34
1889,2023-11-19,2023-11-19,3,3,15
1890,2025-02-04,2025-03-26,3,0,44
1891,2026-01-26,2026-07-03,3,3,193
1892,2025-10-22,2025-10-22,0,0,62
1893,2025-11-26,2026-01-15,3,3,92
1894,2023-07-17,2023-12-12,3,3,43
1895,2026-07-05,2026-07-05,3,3,116
1896,2025-01-27,2025-01-27,3,3,15
1897,2023-08-29,2025-02-16,3,3,242
1898,2025-01-31,2026-08-24,3,3,377
1899,2024-09-24,2024-12-25,3,3,19
1900,2024-06-08,2024-12-22,3,3,336
1901,2023-07-05,2026-03-29,3,3,183
1902,2024-07-26,2025-07-07,3,3,46
1903,2025-03-04,2025-10-23,3,3,71
1904,2025-03-05,2025-03-05,3,3,83
1905,2024-02-09,2024-02-09,3,3,17
1906,2025-10-17,2026-04-05,3,3,323
1907,2025-10-15,2025-10-15,3,3,14
1908,2023-07-27,2026-05-04,3,3,27
1909,2025-03-08,2025-03-08,3,3,297
1910,2024-06-13,2026-09-03,3,3,19
1911,2023-09-08,2023-09-08,0,0,30
1912,2025-09-28,2026-07-07,3,1,46
1913,2025-02-18,2025-02-18,2,2,85
1914,2026-04-29,2026-04-29,3,3,10
1915,2024-12-16,2024-12-16,3,3,89
1916,2024-07-24,2024-07-24,3,3,65
1917,2024-08-30,2024-08-30,3,3,51
1918,2023-10-29,2025-12-19,3,3,153
1919,2025-03-03,2025-03-03,3,3,11
1920,2025-01-30,2026-07-11,3,3,258
1921,2025-10-08,2026-05-26,3,3,12
1922,2025-08-10,2026-04-21,3,3,59
1923,2024-05-10,2024-05-10,3,3,44
1924,2024-05-05,2024-12-30,3,3,209
1925,2025-06-08,2026-01-28,3,3,38
1926,2025-11-10,2025-11-10,2,2,88
1927,2025-06-21,2025-06-21,3,3,65
1928,2025-08-18,2025-08-18,3,3,38
1929,2024-04-13,2025-12-16,3,3,15
1930,2023-12-23,2024-01-27,3,0,159
1931,2025-07-01,2025-07-01,3,3,39
1932,2023-08-27,2023-08-27,3,3,20
1933,2023-08-05,2024-07-24,1,3,57
1934,2025-06-04,2025-06-04,3,3,268
1935,2025-09-20,2025-09-20,3,3,18
1936,2026-05-05,2026-05-05,3,3,49
1937,2024-04-13,2024-04-13,1,1,58
1938,2023-12-15,2023-12-15,3,3,46
1939,2023-07-28,2023-07-28,0,0,23
1940,2024-05-28,2026-07-08,3,3,47
1941,2025-11-11,2025-11-11,3,3,22
1942,2023-08-19,2023-11-10,1,3,349
1943,2026-07-14,2026-07-14,3,3,167
1944,2026-03-20,2026-03-20,3,3,16
1945,2026-01-03,2026-01-03,3,3,15
1946,2023-08-02,2023-08-02,3,3,50
1947,2024-07-15,2024-09-30,3,3,16
1948,2024-07-15,2024-09-29,3,3,58
1949,2024-10-05,2024-10-05,3,3,30
1950,2024-04-18,2024-06-27,3,3,16
1951,2024-08-06,2024-11-23,1,1,18
1952,2025-12-24,2026-08-10,3,1,14
1953,2025-01-19,2025-09-19,3,3,52
1954,2024-08-29,2024-08-29,3,3,157
1955,2025-06-12,2025-10-22,3,1,318
1956,2025-09-01,2025-09-01,3,3,333
1957,2024-03-02,2024-12-05,3,3,33
1958,2026-01-30,2026-01-30,3,3,130
1959,2023-12-30,2024-04-06,3,3,15
1960,2024-07-01,2024-07-01,3,3,40
1961,2023-11-25,2023-11-25,3,3,37
1962,2023-10-14,2026-01-10,3,3,61
1963,2024-04-02,2024-12-15,3,3,23
1964,2024-02-06,2025-07-16,3,3,168
1965,2024-10-29,2024-10-29,3,3,16
1966,2026-05-03,2026-06-23,3,3,29
1967,2023-12-19,2023-12-19,3,3,77
1968,2025-07-21,2025-12-17,3,3,302
1969,2024-01-03,2024-04-18,3,3,88
1970,2025-01-24,2025-03-04,1,3,70
1971,2025-03-16,2026-02-11,3,3,10
1972,2025-09-15,2025-09-15,3,3,11
1973,2025-03-07,2026-06-05,3,3,227
1974,2025-02-27,2025-02-27,3,3,41
1975,2026-06-13,2026-06-13,3,3,27
1976,2025-03-01,2025-03-20,1,3,43
1977,2026-07-18,2026-07-18,1,1,16
1978,2023-07-05,2023-07-05,3,3,18
1979,2023-08-16,2025-03-12,3,1,34
1980,2024-03-12,2024-03-12,3,3,64
1981,2024-03-20,2025-04-14,3,3,21
1982,2024-01-26,2024-01-26,3,3,151
1983,2024-03-25,2024-03-25,3,3,66
1984,2026-06-10,2026-06-10,3,3,47
1985,2024-05-04,2024-05-04,3,3,66
1986,2024-09-02,2025-03-05,3,3,11
1987,2025-04-02,2025-04-02,3,3,73
1988,2024-10-15,2026-04-01,3,3,380
1989,2024-03-23,2024-03-23,3,3,69
1990,2025-07-21,2025-07-21,3,3,132
1991,2023-06-10,2023-06-10,3,3,53
1992,2024-10-13,2025-07-18,3,3,342
1993,2024-06-26,2024-06-26,3,3,125
1994,2024-01-18,2024-04-13,3,3,12
1995,2024-11-09,2025-01-12,3,3,24
1996,2023-11-17,2024-07-21,3,1,66
1997,2026-07-25,2026-07-25,1,1,18
1998,2024-05-23,2025-06-12,3,3,14
1999,2023-08-24,2026-07-14,1,3,284
2000,2025-08-26,2025-08-26,3,3,18
2001,2023-10-08,2025-10-28,1,3,236
2002,2024-03-04,2024-03-04,3,3,186
2003,2024-10-21,2024-10-21,3,3,75
2004,2025-10-10,2025-12-30,3,3,48
2005,2023-09-12,2025-03-18,2,3,126
2006,2023-07-09,2023-07-25,3,3,54
2007,2025-06-25,2025-06-25,3,3,82
2008,2025-06-04,2025-11-07,3,1,154
2009,2025-06-30,2025-06-30,3,3,281
2010,2025-02-07,2025-11-24,3,3,260
2011,2024-02-15,2026-04-24,3,3,34
2012,2026-09-13,2026-09-13,1,1,74
2013,2026-05-08,2026-06-23,3,3,333
2014,2023-09-21,2024-06-27,3,3,118
2015,2024-01-02,2024-01-02,3,3,18
2016,2025-06-05,2025-06-05,3,3,195
2017,2023-09-18,2023-09-18,3,3,46
2018,2024-12-15,2025-05-31,3,3,43
2019,2025-01-02,2025-05-03,3,1,43
2020,2024-03-20,2024-03-20,3,3,165
2021,2023-12-04,2023-12-04,3,3,47
2022,2025-08-19,2025-08-19,3,3,120
2023,2026-02-18,2026-02-18,2,2,76
2024,2024-12-10,2026-01-12,3,3,24
2025,2025-10-31,2026-04-24,3,0,64
2026,2024-10-17,2025-11-09,3,3,95
2027,2023-06-22,2023-06-22,3,3,21
2028,2023-06-26,2026-04-24,3,1,14
2029,2023-09-30,2024-05-14,3,3,78
2030,2025-04-02,2025-09-09,3,3,28
2031,2023-08-22,2026-01-08,1,3,194
2032,2023-11-11,2024-02-15,3,3,53
2033,2024-12-09,2024-12-09,3,3,16
2034,2025-09-20,2026-04-08,3,3,32
2035,2023-06-09,2023-06-09,3,3,40
2036,2024-03-12,2025-09-10,2,3,27
2037,2023-12-31,2023-12-31,3,3,10
2038,2024-06-16,2025-02-20,3,3,10
2039,2025-11-10,2025-11-10,3,3,13
2040,2023-07-11,2025-11-03,3,3,97
2041,2023-11-20,2024-06-02,1,3,19
2042,2026-03-14,2026-03-14,3,3,18
2043,2024-01-15,2026-07-15,3,3,34
2044,2023-09-02,2023-09-02,3,3,91
2045,2024-10-25,2025-09-22,3,3,66
2046,2026-01-26,2026-01-26,3,3,600
2047,2023-07-06,2025-01-05,3,3,45
2048,2024-09-12,2024-09-12,3,3,18
2049,2025-04-28,2025-04-28,3,3,783
2050,2024-12-22,2024-12-22,3,3,77
2051,2026-05-21,2026-05-21,3,3,357
2052,2026-02-11,2026-02-11,3,3,17
2053,2025-11-15,2025-11-15,3,3,33
2054,2026-06-24,2026-09-07,3,3,17
2055,2024-11-02,2026-09-02,3,1,164
2056,2026-03-22,2026-09-24,3,3,106
2057,2025-10-14,2025-11-15,3,3,51
2058,2025-05-19,2025-05-19,3,3,32
2059,2026-07-30,2026-07-30,3,3,40
2060,2024-01-02,2025-06-01,3,3,139
2061,2023-07-04,2023-07-04,3,3,118
2062,2025-06-27,2025-08-15,3,0,344
2063,2025-09-05,2026-08-11,3,3,114
2064,2023-08-26,2024-04-28,2,3,11
2065,2024-06-11,2024-06-11,3,3,94
2066,2025-12-02,2025-12-02,3,3,282
2067,2025-02-10,2025-08-18,3,3,129
2068,2025-02-24,2025-02-24,3,3,26
2069,2024-09-22,2024-09-22,3,3,11
2070,2026-05-28,2026-05-28,3,3,179
2071,2024-03-07,2026-05-03,3,3,39
2072,2023-06-24,2024-04-11,3,1,48
2073,2023-08-19,2023-08-19,3,3,10
2074,2024-09-25,2026-06-20,3,0,10
2075,2024-10-30,2024-10-30,3,3,228
2076,2024-01-03,2025-02-10,3,3,122
2077,2023-11-03,2023-12-23,3,3,34
2078,2023-11-16,2023-11-16,3,3,342
2079,2023-07-30,2023-07-30,3,3,106
2080,2025-01-14,2025-01-14,3,3,36
2081,2025-07-18,2025-07-18,3,3,50
2082,2025-09-01,2026-07-27,3,3,249
2083,2025-07-29,2025-10-23,3,3,135
2084,2025-11-05,2025-11-05,3,3,112
2085,2023-06-05,2025-12-28,1,3,315
2086,2023-07-15,2025-05-07,3,3,285
2087,2024-11-02,2025-07-30,3,3,28
2088,2024-11-03,2024-11-03,1,1,62
2089,2026-08-17,2026-08-17,3,3,120
2090,2025-01-15,2025-01-15,3,3,103
2091,2025-03-17,2025-03-17,3,3,87
2092,2023-12-03,2026-07-04,3,2,79
2093,2023-08-18,2023-08-18,3,3,338
2094,2023-10-14,2023-10-14,3,3,93
2095,2025-10-15,2025-10-15,3,3,24
2096,2025-01-06,2026-08-14,3,1,333
2097,2025-03-06,2025-03-06,1,1,15
2098,2025-11-26,2025-12-10,3,1,38
2099,2025-08-21,2025-10-20,3,3,119
2100,2023-11-09,2023-11-09,0,0,370
2101,2024-06-04,2024-06-04,3,3,39
2102,2023-06-25,2024-04-17,3,3,24
2103,2026-05-24,2026-05-24,3,3,199
2104,2024-11-11,2024-11-11,3,3,19
2105,2024-08-09,2024-08-09,3,3,324
2106,2024-01-04,2026-02-28,3,3,67
2107,2024-10-16,2024-10-16,3,3,45
2108,2024-03-06,2024-03-06,3,3,13
2109,2026-07-01,2026-07-01,3,3,313
2110,2024-12-06,2024-12-06,3,3,12
2111,2025-12-24,2025-12-24,3,3,57
2112,2025-01-21,2025-01-21,3,3,36
2113,2026-05-14,2026-05-17,3,3,72
2114,2023-11-25,2023-11-25,3,3,15
2115,2024-07-08,2024-07-08,3,3,124
2116,2024-02-14,2024-02-14,1,1,66
2117,2024-01-16,2024-01-16,3,3,131
2118,2024-03-17,2026-05-30,3,3,33
2119,2024-05-02,2024-05-02,3,3,18
2120,2023-09-17,2026-03-28,3,3,30
2121,2023-07-24,2023-10-24,3,3,67
2122,2023-10-26,2024-10-03,3,3,80
2123,2024-04-03,2024-08-12,1,3,97
2124,2026-01-07,2026-01-07,3,3,155
2125,2026-09-01,2026-09-01,3,3,67
2126,2023-07-03,2023-07-03,3,3,40
2127,2024-11-28,2024-11-28,3,3,119
2128,2024-07-31,2024-07-31,3,3,371
2129,2023-12-19,2025-10-25,3,3,83
2130,2023-06-16,2023-06-16,3,3,380
2131,2025-01-14,2025-01-14,3,3,28
2132,2024-01-15,2024-07-19,1,2,30
2133,2024-06-25,2024-10-01,3,3,26
2134,2024-07-12,2026-07-18,3,3,11
2135,2024-02-18,2024-04-04,3,3,28
2136,2025-10-01,2025-10-01,3,3,140
2137,2026-09-07,2026-09-07,3,3,19
2138,2024-09-14,2025-12-13,3,3,120
2139,2023-12-27,2026-08-28,3,3,147
2140,2026-06-15,2026-06-15,3,3,357
2141,2024-05-05,2024-05-05,3,3,229
2142,2026-09-18,2026-09-18,3,3,47
2143,2025-02-15,2025-02-15,3,3,35
2144,2023-10-12,2023-10-12,3,3,25
2145,2024-07-27,2025-09-20,3,3,10
2146,2025-10-11,2025-10-11,3,3,60
2147,2025-06-19,2025-07-24,3,3,19
2148,2026-04-24,2026-04-24,3,3,261
2149,2025-11-20,2025-11-20,3,3,28
2150,2023-09-18,2024-10-24,3,3,188
2151,2023-06-23,2024-11-04,3,3,17
2152,2024-03-28,2025-04-09,3,3,202
2153,2023-08-04,2025-09-04,3,3,91
2154,2025-11-07,2025-11-08,3,3,55
2155,2023-06-12,2024-09-20,3,3,86
2156,2023-08-25,2024-11-03,3,3,42
2157,2026-07-21,2026-08-30,3,3,33
2158,2025-02-25,2026-09-04,3,0,23
2159,2024-02-07,2024-02-07,3,3,15
2160,2024-01-23,2024-01-23,3,3,13
2161,2025-09-08,2025-09-08,1,1,70
2162,2023-11-05,2023-11-05,3,3,51
2163,2025-10-05,2025-10-05,3,3,11
2164,2023-10-10,2026-06-07,3,3,306
2165,2025-12-31,2025-12-31,3,3,39
2166,2025-07-08,2025-11-06,3,3,133
2167,2024-05-14,2026-07-28,3,3,33
2168,2023-12-02,2023-12-02,3,3,19
2169,2023-10-21,2024-11-30,3,3,13
2170,2025-12-05,2026-05-18,3,3,63
2171,2023-08-09,2024-06-15,3,3,49
2172,2023-06-19,2024-07-10,3,3,20
2173,2024-08-02,2025-06-10,3,3,33
2174,2023-07-01,2023-07-01,3,3,41
2175,2025-10-30,2025-10-30,3,3,40
2176,2025-03-25,2025-04-07,3,1,48
2177,2023-08-22,2024-10-21,3,3,66
2178,2026-06-23,2026-08-05,3,3,31
2179,2025-10-18,2025-10-18,3,3,22
2180,2023-11-05,2023-11-05,3,3,64
2181,2025-12-04,2026-02-06,3,3,17
2182,2024-07-31,2026-01-28,3,3,78
2183,2024-05-29,2024-05-29,3,3,141
2184,2024-01-04,2024-04-18,1,1,52
2185,2024-08-02,2024-08-02,3,3,357
2186,2026-05-19,2026-07-01,2,3,15
2187,2024-07-05,2026-04-08,3,1,81
2188,2024-04-11,2025-11-16,1,3,154
2189,2025-05-28,2026-01-21,3,3,48
2190,2025-11-03,2025-11-03,3,3,337
2191,2024-06-12,2026-08-13,3,0,19
2192,2023-07-09,2023-09-21,3,1,76
2193,2025-03-29,2025-03-29,3,3,369
2194,2023-07-15,2023-07-15,3,3,12
2195,2025-07-24,2025-07-24,3,3,12
2196,2025-02-23,2025-02-23,3,3,260
2197,2024-12-22,2025-03-21,3,3,80
2198,2023-10-26,2024-01-30,3,3,37
2199,2025-09-17,2026-08-05,3,3,338
2200,2024-07-18,2024-07-18,3,3,11
2201,2024-03-11,2024-03-11,1,1,349
2202,2024-06-30,2024-06-30,3,3,20
2203,2025-02-26,2026-01-16,3,3,33
2204,2024-09-11,2026-09-12,3,3,104
2205,2023-06-28,2023-06-28,3,3,19
2206,2025-11-29,2025-11-29,2,2,276
2207,2023-11-19,2023-11-19,3,3,38
2208,2026-01-12,2026-01-12,3,3,29
2209,2025-03-08,2025-03-08,3,3,67
2210,2023-10-19,2024-02-28,3,3,16
2211,2023-09-24,2026-08-14,3,3,122
2212,2023-07-11,2024-05-06,3,3,20
2213,2026-08-16,2026-08-16,3,3,24
2214,2023-11-16,2023-11-16,1,1,47
2215,2025-03-13,2026-08-27,3,3,17
2216,2023-06-14,2023-06-14,3,3,128
2217,2025-09-05,2025-09-05,3,3,10
2218,2025-01-13,2025-12-02,1,3,84
2219,2024-10-31,2025-05-28,3,3,63
2220,2025-07-05,2025-07-05,3,3,14
2221,2023-10-05,2023-10-05,3,3,104
2222,2025-11-06,2025-11-06,1,1,306
2223,2025-05-28,2025-05-28,3,3,72
2224,2026-03-10,2026-03-10,3,3,164
2225,2026-03-19,2026-03-30,3,3,259
2226,2025-08-11,2025-11-11,3,3,168
2227,2024-07-25,2024-07-25,3,3,256
2228,2025-09-23,2026-03-07,3,3,10
2229,2024-01-01,2024-12-27,3,3,305
2230,2023-11-02,2024-12-23,3,3,13
2231,2025-11-21,2025-11-21,3,3,17
2232,2024-03-30,2024-03-30,3,3,31
2233,2023-09-30,2023-09-30,3,3,31
2234,2024-11-28,2024-11-28,3,3,54
2235,2023-11-20,2024-12-25,3,3,41
2236,2024-08-08,2025-01-07,1,3,16
2237,2025-04-02,2025-04-02,3,3,43
2238,2023-08-28,2023-08-28,1,1,38
2239,2024-05-17,2026-04-27,1,3,11
2240,2023-11-07,2023-12-02,3,3,125
2241,2026-07-25,2026-07-25,3,3,159
2242,2026-04-24,2026-04-24,3,3,184
2243,2024-07-01,2024-07-01,3,3,13
2244,2024-08-03,2024-08-03,3,3,14
2245,2023-10-22,2024-07-05,3,3,303
2246,2025-08-12,2026-03-01,3,3,65
2247,2025-10-03,2025-10-03,3,3,30
2248,2023-07-11,2025-06-18,3,3,118
2249,2025-08-26,2025-08-26,3,3,27
2250,2025-12-19,2025-12-19,3,3,18
2251,2024-08-11,2025-12-12,3,3,319
2252,2025-01-18,2025-04-06,0,3,10
2253,2026-09-15,2026-09-15,3,3,21
2254,2025-01-07,2025-01-07,1,1,18
2255,2023-07-20,2024-02-21,3,3,15
2256,2024-03-14,2024-03-14,3,3,30
2257,2025-07-02,2025-07-02,1,1,30
2258,2024-05-27,2024-05-27,3,3,91
2259,2024-11-04,2026-08-29,3,1,26
2260,2023-12-12,2024-06-20,3,3,66
2261,2024-04-21,2026-05-23,3,3,37
2262,2024-10-19,2025-10-16,3,3,119
2263,2023-10-31,2023-10-31,3,3,258
2264,2024-02-28,2024-02-28,3,3,190
2265,2024-09-15,2025-11-22,1,3,11
2266,2025-03-17,2025-08-03,3,3,166
2267,2023-12-31,2023-12-31,3,3,96
2268,2024-12-18,2024-12-18,3,3,18
2269,2024-03-01,2025-09-27,3,3,37
2270,2025-12-29,2025-12-29,3,3,163
2271,2024-02-17,2024-02-17,3,3,35
2272,2024-06-01,2025-03-05,1,3,47
2273,2023-11-09,2025-02-04,1,3,147
2274,2024-06-17,2026-04-18,3,1,85
2275,2024-08-16,2025-08-03,3,3,20
2276,2025-05-06,2025-05-06,3,3,352
2277,2025-06-07,2025-06-07,1,1,34
2278,2024-09-02,2025-09-10,3,1,84
2279,2023-07-24,2023-07-24,3,3,426
2280,2024-06-24,2025-06-05,3,1,92
2281,2024-08-23,2025-04-28,1,3,11
2282,2026-08-11,2026-08-11,1,1,10
2283,2024-02-04,2024-02-04,3,3,46
2284,2025-05-19,2025-05-19,3,3,86
2285,2025-10-29,2025-10-29,3,3,369
2286,2026-01-27,2026-01-27,3,3,149
2287,2024-09-10,2024-09-10,3,3,53
2288,2025-10-17,2025-10-17,3,3,145
2289,2023-11-28,2023-11-28,3,3,42
2290,2025-12-20,2026-03-08,3,3,14
2291,2025-01-22,2025-10-27,3,3,38
2292,2025-06-27,2025-06-27,1,1,130
2293,2026-03-03,2026-09-02,3,3,38
2294,2024-07-11,2025-06-13,3,1,21
2295,2023-11-02,2024-09-23,3,3,42
2296,2025-07-20,2026-02-12,3,1,231
2297,2026-03-10,2026-03-10,3,3,35
2298,2025-01-05,2025-01-05,3,3,47
2299,2023-07-12,2025-11-20,3,3,103
2300,2025-07-20,2025-07-20,3,3,247
2301,2023-08-10,2023-08-10,3,3,57
2302,2024-01-29,2026-04-04,3,3,22
2303,2024-05-23,2024-05-23,3,3,381
2304,2024-06-14,2025-11-02,1,3,32
2305,2025-11-04,2025-11-04,3,3,49
2306,2025-06-16,2025-06-16,3,3,15
2307,2024-11-01,2025-06-09,3,3,146
2308,2023-07-20,2024-05-24,3,3,60
2309,2024-11-03,2025-05-28,1,3,198
2310,2026-05-20,2026-05-20,3,3,43
2311,2024-02-22,2024-02-22,3,3,19
2312,2025-09-21,2026-05-13,3,3,242
2313,2023-11-09,2024-02-13,3,3,42
2314,2023-10-05,2024-11-08,2,1,172
2315,2024-07-05,2024-07-14,3,3,135
2316,2024-05-31,2025-04-01,3,1,23
2317,2024-08-26,2024-08-26,3,3,84
2318,2024-10-19,2024-10-19,3,3,153
2319,2024-10-26,2026-05-19,3,0,297
2320,2024-04-04,2026-08-15,3,3,703
2321,2025-08-07,2025-08-07,3,3,13
2322,2026-04-04,2026-04-04,3,3,506
2323,2025-07-28,2025-07-28,1,1,17
2324,2025-09-05,2025-09-05,3,3,15
2325,2023-07-24,2025-08-08,3,3,18
2326,2025-02-15,2026-02-05,3,3,518
2327,2023-07-27,2023-07-27,3,3,177
2328,2025-05-25,2025-05-25,3,3,105
2329,2024-01-17,2024-02-16,3,3,75
2330,2023-11-21,2023-11-21,3,3,38
2331,2024-01-18,2024-06-01,3,3,265
2332,2024-10-28,2025-01-13,3,3,232
2333,2023-12-04,2025-06-10,1,3,166
2334,2023-11-12,2023-11-12,3,3,85
2335,2023-11-12,2026-06-11,3,3,31
2336,2025-11-21,2025-11-21,3,3,87
2337,2026-01-26,2026-01-26,3,3,54
2338,2026-01-19,2026-01-19,3,3,249
2339,2025-03-15,2025-03-15,3,3,36
2340,2025-01-03,2026-05-31,3,3,49
2341,2025-11-19,2025-11-19,1,1,18
2342,2023-08-28,2023-12-29,3,3,74
2343,2026-02-20,2026-05-23,3,3,137
2344,2023-06-15,2023-06-15,1,1,45
2345,2024-10-03,2024-10-03,3,3,30
2346,2025-06-28,2025-06-28,3,3,27
2347,2024-11-14,2025-04-19,3,3,72
2348,2025-07-14,2026-09-09,3,3,783
2349,2024-06-02,2024-06-02,3,3,300
2350,2024-11-25,2026-04-03,3,3,54
2351,2023-12-05,2025-07-24,3,3,34
2352,2024-02-17,2025-12-06,3,3,49
2353,2024-03-05,2024-03-05,3,3,424
2354,2024-05-27,2025-01-06,3,3,194
2355,2026-02-09,2026-02-09,3,3,164
2356,2025-12-10,2025-12-10,3,3,184
2357,2023-07-26,2024-02-29,3,1,168
2358,2024-11-02,2025-04-04,1,3,16
2359,2023-10-29,2025-08-19,3,3,49
2360,2024-03-01,2026-03-21,3,3,59
2361,2025-03-14,2025-03-14,3,3,272
2362,2025-12-14,2025-12-14,3,3,11
2363,2026-04-28,2026-04-28,3,3,219
2364,2026-03-20,2026-06-23,3,3,30
2365,2023-10-29,2025-09-06,3,3,176
2366,2025-04-25,2025-07-26,3,3,175
2367,2024-08-17,2024-10-15,3,3,105
2368,2024-12-04,2024-12-04,3,3,73
2369,2025-10-26,2025-10-26,3,3,87
2370,2025-03-01,2025-03-01,3,3,17
2371,2025-11-06,2025-11-06,3,3,309
2372,2024-04-19,2024-04-19,3,3,62
2373,2025-06-16,2026-05-25,3,3,191
2374,2023-07-01,2023-07-01,3,3,189
2375,2024-12-17,2024-12-17,3,3,68
2376,2024-02-24,2024-06-18,3,3,23
2377,2026-07-09,2026-07-09,3,3,10
2378,2024-05-23,2025-11-24,3,3,256
2379,2023-11-02,2024-09-05,3,3,19
2380,2023-12-29,2024-07-31,3,3,82
2381,2026-04-01,2026-04-01,3,3,331
2382,2023-06-10,2026-05-20,3,1,62
2383,2023-12-04,2024-10-24,3,1,176
2384,2026-05-27,2026-05-27,3,3,65
2385,2025-03-22,2026-08-20,3,3,102
2386,2025-03-18,2026-05-04,3,3,58
2387,2023-08-20,2024-11-25,3,3,67
2388,2026-01-05,2026-01-05,1,1,120
2389,2023-10-31,2025-03-31,3,3,22
2390,2024-05-08,2025-04-02,3,3,34
2391,2024-05-14,2024-05-28,3,3,37
2392,2023-08-31,2026-05-04,3,3,18
2393,2024-07-20,2026-06-28,3,3,30
2394,2026-06-24,2026-06-24,3,3,86
2395,2023-07-05,2023-10-21,3,3,62
2396,2024-07-31,2024-07-31,3,3,28
2397,2025-11-24,2025-11-24,3,3,70
2398,2023-12-14,2025-12-29,3,3,95
2399,2023-07-22,2025-09-12,3,3,27
2400,2024-12-18,2025-07-19,3,3,107
2401,2025-06-06,2025-06-06,3,3,79
2402,2023-10-17,2024-06-01,3,3,71
2403,2024-02-27,2026-02-14,3,3,40
2404,2024-07-08,2024-07-08,3,3,46
2405,2026-07-24,2026-07-24,3,3,10
2406,2024-10-03,2024-10-03,3,3,45
2407,2024-06-21,2025-05-28,3,1,28
2408,2024-05-08,2024-05-08,3,3,15
2409,2024-10-17,2026-01-21,3,3,23
2410,2023-06-21,2024-02-27,3,1,11
2411,2024-02-27,2024-02-27,3,3,46
2412,2026-02-12,2026-02-12,3,3,97
2413,2024-03-12,2026-01-17,1,3,20
2414,2023-08-24,2024-08-17,3,3,10
2415,2023-08-13,2024-07-07,3,3,48
2416,2026-04-19,2026-04-19,3,3,25
2417,2024-07-01,2025-06-19,3,3,55
2418,2024-05-20,2024-06-23,3,3,36
2419,2023-07-02,2023-07-02,3,3,78
2420,2025-08-01,2026-08-02,1,1,102
2421,2025-04-07,2026-04-23,3,3,109
2422,2023-07-02,2023-07-02,3,3,81
2423,2024-11-30,2025-03-27,0,3,366
2424,2023-09-28,2023-09-28,3,3,76
2425,2024-05-04,2024-07-13,1,3,139
2426,2026-01-27,2026-04-08,3,1,102
2427,2024-02-13,2024-02-13,3,3,77
2428,2024-11-29,2024-11-29,3,3,26
2429,2025-09-19,2026-09-18,3,3,99
2430,2026-02-04,2026-07-29,3,3,253
2431,2023-08-10,2023-08-10,3,3,18
2432,2024-05-01,2026-07-01,3,3,43
2433,2025-04-12,2026-05-25,1,3,36
2434,2024-02-10,2024-02-10,3,3,17
2435,2024-12-30,2024-12-30,3,3,148
2436,2024-04-06,2024-04-06,3,3,24
2437,2025-09-21,2025-09-21,3,3,48
2438,2025-03-20,2025-11-15,3,3,15
2439,2025-08-19,2025-10-13,3,3,202
2440,2024-02-23,2024-02-23,3,3,66
2441,2024-02-13,2025-05-28,3,3,49
2442,2024-07-06,2025-12-24,3,3,48
2443,2024-06-12,2026-05-21,3,3,70
2444,2024-11-04,2024-11-04,3,3,59
2445,2025-04-16,2025-08-26,1,3,231
2446,2023-08-19,2024-03-19,3,3,17
2447,2024-01-03,2025-07-27,3,3,328
2448,2026-02-15,2026-02-15,3,3,77
2449,2025-02-25,2025-04-08,3,3,33
2450,2026-07-05,2026-07-05,2,2,91
2451,2024-03-08,2024-03-08,3,3,13
2452,2023-08-26,2026-04-16,3,3,49
2453,2024-03-13,2025-05-22,3,3,67
2454,2025-09-30,2026-05-25,3,3,101
2455,2024-08-09,2024-08-21,3,3,35
2456,2023-07-15,2023-07-15,3,3,62
2457,2025-04-02,2025-07-12,3,3,31
2458,2025-01-12,2026-09-05,3,3,30
2459,2023-06-25,2023-06-25,3,3,75
2460,2023-09-12,2023-09-12,3,3,14
2461,2023-11-09,2024-02-27,3,3,38
2462,2023-07-21,2024-02-07,1,3,80
2463,2024-06-10,2025-08-06,3,3,67
2464,2024-05-30,2024-05-30,3,3,242
2465,2024-06-15,2024-06-15,3,3,47
2466,2023-09-12,2025-04-09,3,3,14
2467,2025-11-19,2025-11-19,3,3,52
2468,2024-10-18,2025-04-20,3,3,151
2469,2023-09-15,2023-11-28,3,3,19
2470,2024-01-08,2024-07-22,3,1,182
2471,2024-12-06,2026-07-09,3,3,67
2472,2026-05-22,2026-05-22,3,3,11
2473,2024-07-17,2024-07-17,3,3,113
2474,2023-11-02,2023-11-02,3,3,42
2475,2025-05-07,2026-07-26,2,1,118
2476,2024-01-05,2024-01-05,3,3,312
2477,2023-07-16,2023-07-16,3,3,59
2478,2025-10-12,2025-10-12,3,3,47
2479,2024-04-30,2025-04-03,3,3,18
2480,2024-07-16,2024-07-16,1,1,47
2481,2025-12-04,2026-02-24,3,3,19
2482,2026-01-15,2026-01-15,3,3,138
2483,2024-01-10,2026-01-12,3,3,218
2484,2024-04-25,2024-04-25,3,3,32
2485,2025-06-02,2025-06-02,3,3,58
2486,2023-10-21,2025-08-06,1,3,42
2487,2026-09-22,2026-09-22,1,1,63
2488,2024-07-14,2024-07-14,3,3,46
2489,2023-10-13,2023-12-15,3,3,65
2490,2023-06-27,2026-01-29,3,1,67
2491,2023-07-25,2025-02-16,3,3,31
2492,2026-04-09,2026-07-07,3,3,91
2493,2025-03-30,2026-09-02,3,3,46
2494,2025-05-30,2026-01-08,3,3,269
2495,2026-02-22,2026-03-12,3,3,11
2496,2023-10-26,2023-10-26,3,3,12
2497,2023-08-03,2025-10-10,3,3,89
2498,2024-11-14,2025-01-14,1,3,183
2499,2023-08-06,2026-05-24,3,1,42
2500,2024-02-15,2026-01-02,3,3,28
2501,2023-06-12,2026-06-11,3,3,303
2502,2025-09-06,2026-08-19,3,3,18
2503,2025-08-05,2026-02-17,3,1,93
2504,2023-10-22,2026-05-01,3,3,48
2505,2023-08-09,2023-09-19,3,3,176
2506,2026-02-20,2026-02-20,3,3,102
2507,2024-09-21,2024-09-21,3,3,165
2508,2024-08-10,2024-10-29,3,3,15
2509,2024-01-27,2024-06-15,3,3,10
2510,2025-12-20,2026-08-22,3,3,14
2511,2025-12-02,2025-12-02,3,3,166
2512,2023-07-19,2026-08-18,3,3,87
2513,2025-04-06,2025-04-06,3,3,94
2514,2024-11-28,2024-11-28,3,3,10
2515,2026-04-25,2026-04-25,3,3,28
2516,2024-01-18,2024-01-18,2,2,34
2517,2024-01-02,2024-01-02,3,3,46
2518,2025-02-07,2025-02-07,3,3,25
2519,2025-10-05,2026-05-05,3,3,99
2520,2026-04-22,2026-06-19,3,3,256
2521,2023-10-23,2023-10-23,3,3,86
2522,2024-07-15,2026-06-14,3,3,278
2523,2023-09-24,2023-10-19,3,3,305
2524,2024-03-22,2024-08-03,3,3,38
2525,2026-05-09,2026-05-09,3,3,75
2526,2023-06-22,2023-06-22,3,3,15
2527,2026-03-25,2026-03-25,1,1,16
2528,2023-12-12,2023-12-12,1,1,49
2529,2025-02-11,2025-12-22,1,3,198
2530,2024-11-04,2026-08-23,3,3,23
2531,2025-07-07,2026-06-27,3,3,15
2532,2023-09-02,2024-09-23,3,3,43
2533,2023-07-31,2023-07-31,1,1,198
2534,2025-10-23,2025-10-23,3,3,30
2535,2026-05-11,2026-05-11,3,3,121
2536,2026-09-18,2026-09-18,3,3,38
2537,2024-03-06,2024-03-21,3,3,38
2538,2025-07-22,2026-05-15,3,3,280
2539,2025-03-03,2025-03-03,3,3,11
2540,2024-01-17,2025-12-24,3,3,16
2541,2025-11-27,2025-11-27,3,3,19
2542,2026-07-11,2026-07-11,3,3,19
2543,2023-10-26,2026-02-27,3,3,39
2544,2025-12-06,2025-12-06,3,3,91
2545,2024-02-28,2024-02-28,3,3,16
2546,2026-08-02,2026-08-02,3,3,47
2547,2023-12-26,2025-09-14,3,3,85
2548,2025-12-01,2025-12-01,3,3,127
2549,2025-10-05,2025-11-05,3,2,82
2550,2024-02-28,2024-02-28,1,1,167
2551,2024-03-12,2026-05-31,3,3,81
2552,2024-09-27,2025-09-13,1,3,15
2553,2025-12-29,2025-12-29,3,3,19
2554,2025-11-20,2026-02-14,3,3,155
2555,2026-04-23,2026-04-23,3,3,15
2556,2023-12-18,2023-12-18,3,3,102
2557,2023-08-06,2023-08-06,3,3,30
2558,2026-02-27,2026-02-27,3,3,21
2559,2025-03-10,2025-03-10,1,1,14
2560,2023-10-18,2025-04-04,3,3,70
2561,2023-07-04,2025-10-03,3,3,74
2562,2025-08-08,2025-08-08,3,3,14
2563,2025-03-17,2025-06-30,3,3,15
2564,2025-04-14,2025-04-14,3,3,16
2565,2023-10-17,2024-09-20,3,3,46
2566,2023-12-02,2025-05-31,3,3,121
2567,2025-06-16,2025-06-16,3,3,18
2568,2023-12-29,2023-12-29,3,3,108
2569,2024-09-12,2026-07-23,3,3,311
2570,2024-05-04,2024-05-04,1,1,14
2571,2023-08-25,2023-08-25,1,1,19
2572,2024-11-13,2024-11-13,3,3,19
2573,2025-06-29,2025-06-29,3,3,331
2574,2023-10-13,2024-06-18,1,3,45
2575,2025-11-07,2026-08-31,3,3,76
2576,2024-01-01,2025-01-28,3,3,59
2577,2024-05-23,2026-08-17,3,3,157
2578,2024-08-13,2024-08-13,3,3,15
2579,2025-01-24,2025-12-28,3,3,33
2580,2023-07-19,2024-01-08,3,3,177
2581,2023-11-26,2023-11-26,3,3,30
2582,2023-12-15,2023-12-15,3,3,357
2583,2023-07-15,2026-09-16,3,3,200
2584,2023-07-12,2023-08-10,3,3,38
2585,2024-03-13,2024-09-22,2,3,54
2586,2026-05-21,2026-05-21,3,3,51
2587,2023-07-14,2025-05-01,1,3,13
2588,2024-03-13,2024-03-13,3,3,37
2589,2025-07-13,2025-07-13,3,3,44
2590,2024-03-19,2026-08-25,1,3,97
2591,2024-12-01,2024-12-01,3,3,34
2592,2025-10-18,2025-10-18,3,3,10
2593,2024-11-01,2026-08-26,3,3,237
2594,2024-11-11,2025-03-18,1,3,179
2595,2024-03-10,2024-03-10,3,3,40
2596,2024-12-30,2024-12-30,3,3,73
2597,2024-12-13,2024-12-13,3,3,39
2598,2025-01-01,2025-03-21,3,3,38
2599,2023-06-20,2024-05-07,3,1,46
2600,2023-07-11,2026-09-13,3,1,22
2601,2024-01-23,2025-05-22,3,1,14
2602,2024-12-13,2024-12-13,3,3,16
2603,2025-01-30,2026-09-14,1,3,15
2604,2024-03-15,2024-03-15,3,3,78
2605,2025-01-24,2025-01-24,3,3,156
2606,2024-04-25,2024-04-25,1,1,16
2607,2026-09-10,2026-09-10,3,3,17
2608,2024-01-13,2026-01-11,0,3,192
2609,2026-01-05,2026-01-05,3,3,89
2610,2023-10-22,2024-06-30,3,3,29
2611,2024-07-18,2024-07-18,3,3,153
2612,2024-08-03,2024-08-03,3,3,285
2613,2023-09-20,2023-09-20,3,3,29
2614,2024-03-14,2024-03-14,3,3,18
2615,2025-08-30,2025-08-30,3,3,81
2616,2025-12-14,2025-12-14,3,3,16
2617,2023-12-12,2023-12-12,3,3,70
2618,2024-01-19,2025-04-20,1,3,73
2619,2026-07-16,2026-07-16,3,3,226
2620,2024-11-03,2024-11-08,1,3,180
2621,2026-05-18,2026-09-11,3,3,235
2622,2025-12-28,2025-12-28,3,3,14
2623,2025-02-22,2026-02-20,3,3,13
2624,2024-05-19,2024-05-19,3,3,36
2625,2025-08-22,2025-09-15,1,3,16
2626,2025-08-06,2025-11-13,3,3,330
2627,2024-02-05,2025-07-09,3,3,46
2628,2025-08-06,2026-09-15,3,3,160
2629,2024-04-07,2024-04-07,1,1,21
2630,2024-11-29,2024-11-29,3,3,64
2631,2025-07-25,2025-07-25,3,3,91
2632,2026-01-13,2026-01-13,1,1,57
2633,2024-07-01,2026-02-02,3,3,20
2634,2023-10-17,2026-02-04,3,3,53
2635,2024-12-19,2025-06-26,3,3,154
2636,2025-02-05,2025-12-27,3,1,54
2637,2026-03-06,2026-03-06,3,3,224
2638,2023-12-08,2023-12-08,3,3,84
2639,2026-04-19,2026-04-19,3,3,71
2640,2023-09-07,2023-09-07,3,3,160
2641,2025-11-11,2025-11-11,3,3,179
2642,2025-02-28,2025-02-28,3,3,162
2643,2025-12-23,2026-09-07,3,3,389
2644,2025-05-23,2025-07-27,3,3,16
2645,2024-03-12,2026-07-12,3,2,342
2646,2025-07-13,2026-01-28,3,3,22
2647,2024-05-25,2024-05-25,3,3,192
2648,2023-07-10,2024-05-23,3,3,113
2649,2024-02-04,2025-03-22,3,3,21
2650,2026-06-08,2026-06-08,3,3,89
2651,2026-04-22,2026-04-29,1,3,85
2652,2026-03-30,2026-05-01,3,3,370
2653,2024-11-08,2025-07-15,3,3,36
2654,2026-01-05,2026-06-01,3,2,19
2655,2024-04-30,2024-11-29,3,3,149
2656,2026-03-17,2026-03-17,3,3,37
2657,2023-09-12,2024-12-19,1,3,36
2658,2023-10-20,2025-05-06,3,1,12
2659,2023-08-03,2025-12-26,3,3,142
2660,2025-06-04,2025-08-07,3,3,30
2661,2025-01-18,2025-01-18,3,3,11
2662,2025-02-18,2025-02-18,3,3,71
2663,2024-09-22,2024-09-22,3,3,90
2664,2025-06-03,2025-06-03,3,3,164
2665,2024-02-25,2024-02-25,3,3,36
2666,2024-06-08,2024-06-08,3,3,33
2667,2025-04-04,2025-04-04,3,3,10
2668,2026-01-14,2026-01-14,3,3,52
2669,2026-03-27,2026-08-28,3,3,14
2670,2024-12-24,2024-12-24,3,3,35
2671,2025-12-09,2025-12-09,1,1,189
2672,2024-01-08,2024-01-08,3,3,20
2673,2024-07-24,2024-07-24,3,3,121
2674,2026-02-23,2026-02-23,3,3,179
2675,2024-08-24,2025-01-21,3,3,15
2676,2025-03-24,2026-06-25,3,3,41
2677,2023-06-13,2023-06-13,1,1,197
2678,2024-01-14,2026-04-19,3,1,72
2679,2025-12-24,2026-06-18,3,2,15
2680,2023-07-16,2025-09-21,3,1,123
2681,2024-03-30,2024-03-30,3,3,25
2682,2024-04-07,2024-04-07,3,3,10
2683,2023-08-01,2026-04-03,3,1,120
2684,2024-11-19,2025-02-16,3,3,29
2685,2026-08-28,2026-08-28,3,3,13
2686,2023-08-27,2025-08-27,3,3,18
2687,2025-10-25,2025-10-25,3,3,291
2688,2023-09-17,2025-08-20,3,3,449
2689,2024-08-08,2024-08-08,3,3,10
2690,2025-01-24,2025-01-24,3,3,26
2691,2023-06-21,2025-10-08,3,3,29
2692,2024-09-02,2025-01-24,3,3,44
2693,2023-10-10,2026-06-12,3,3,62
2694,2026-05-18,2026-05-18,3,3,12
2695,2025-02-21,2026-08-03,3,3,129
2696,2025-08-14,2025-08-14,3,3,158
2697,2025-03-04,2025-03-04,1,1,228
2698,2023-11-05,2025-06-29,3,1,48
2699,2024-07-14,2024-07-14,3,3,89
2700,2026-03-25,2026-04-12,3,3,29
2701,2025-05-14,2025-05-14,3,3,143
2702,2023-11-18,2024-12-22,1,1,10
2703,2024-03-06,2025-06-17,3,3,29
2704,2024-08-11,2025-02-12,3,3,79
2705,2026-08-05,2026-08-05,3,3,66
2706,2023-07-14,2024-07-10,3,3,26
2707,2023-09-09,2025-01-16,3,3,188
2708,2025-08-30,2025-08-30,3,3,44
2709,2026-08-14,2026-08-14,1,1,105
2710,2023-08-22,2023-12-29,3,3,149
2711,2025-07-02,2025-07-02,3,3,19
2712,2026-07-23,2026-07-23,3,3,330
2713,2024-07-16,2024-07-16,3,3,104
2714,2023-07-26,2023-07-28,3,3,91
2715,2025-07-29,2025-07-29,3,3,130
2716,2026-04-06,2026-04-06,1,1,51
2717,2025-02-28,2025-02-28,3,3,154
2718,2026-03-30,2026-03-30,3,3,46
2719,2025-02-16,2025-02-16,1,1,334
2720,2024-11-04,2024-11-04,3,3,86
2721,2024-10-12,2024-12-11,3,3,34
2722,2024-10-22,2025-03-12,3,3,150
2723,2023-10-14,2023-10-14,3,3,378
2724,2026-08-15,2026-09-15,3,3,215
2725,2025-12-13,2025-12-13,3,3,14
2726,2023-10-25,2025-06-20,3,3,58
2727,2023-07-01,2026-04-30,3,3,60
2728,2025-03-13,2025-03-13,3,3,109
2729,2026-02-25,2026-06-10,3,3,43
2730,2023-12-05,2025-02-20,3,3,90
2731,2024-03-03,2025-03-20,3,1,52
2732,2026-08-25,2026-08-25,3,3,259
2733,2025-05-21,2026-01-19,3,3,46
2734,2023-10-06,2023-10-06,3,3,207
2735,2024-02-02,2024-02-02,3,3,85
2736,2023-10-09,2023-10-09,3,3,96
2737,2026-01-19,2026-01-19,3,3,38
2738,2025-04-27,2025-04-27,3,3,19
2739,2023-06-27,2023-06-27,2,2,162
2740,2025-03-23,2026-04-08,3,3,697
2741,2025-05-29,2025-05-29,3,3,123
2742,2023-11-05,2024-07-26,3,3,37
2743,2026-06-09,2026-06-09,3,3,383
2744,2025-09-04,2025-09-04,3,3,72
2745,2024-05-09,2026-08-08,3,3,153
2746,2023-08-03,2025-09-27,3,3,11
2747,2025-02-12,2026-02-28,3,3,191
2748,2023-12-09,2023-12-09,3,3,14
2749,2025-02-21,2026-02-11,3,1,19
2750,2025-02-04,2025-02-04,3,3,16
2751,2026-05-08,2026-05-08,3,3,84
2752,2023-11-20,2025-01-18,3,3,142
2753,2024-05-04,2024-05-04,3,3,351
2754,2025-12-27,2025-12-27,3,3,663
2755,2026-03-21,2026-03-21,3,3,189
2756,2023-12-22,2026-07-27,3,3,15
2757,2025-01-02,2025-01-02,3,3,11
2758,2024-08-22,2024-08-22,1,1,10
2759,2025-11-02,2025-11-02,3,3,55
2760,2024-08-27,2024-08-27,3,3,98
2761,2024-09-07,2024-09-07,3,3,43
2762,2024-05-31,2024-05-31,3,3,34
2763,2023-07-11,2024-04-06,3,3,118
2764,2026-03-26,2026-03-26,3,3,15
2765,2026-04-13,2026-04-13,3,3,12
2766,2024-12-06,2025-04-08,3,3,34
2767,2025-02-28,2025-02-28,3,3,25
2768,2025-11-13,2025-11-13,3,3,193
2769,2025-09-30,2026-07-06,3,3,37
2770,2024-01-22,2024-08-07,3,3,13
2771,2026-07-13,2026-07-13,3,3,49
2772,2025-01-25,2025-03-18,3,3,360
2773,2025-06-10,2026-02-20,3,3,45
2774,2025-11-02,2026-04-20,3,3,81
2775,2024-09-24,2024-10-28,3,3,16
2776,2024-11-10,2024-11-10,3,3,40
2777,2023-11-20,2023-11-20,3,3,95
2778,2025-07-29,2025-07-29,3,3,174
2779,2026-01-08,2026-01-08,3,3,34
2780,2023-09-26,2023-09-26,3,3,12
2781,2024-11-05,2025-03-01,3,3,166
2782,2024-01-10,2024-01-10,3,3,48
2783,2024-08-27,2024-08-27,3,3,51
2784,2024-01-28,2025-07-11,3,3,39
2785,2023-06-09,2023-06-09,3,3,130
2786,2024-03-31,2024-03-31,3,3,14
2787,2026-09-23,2026-09-23,3,3,32
2788,2024-11-23,2025-08-21,3,3,46
2789,2023-06-25,2026-03-05,2,3,198
2790,2024-09-23,2026-09-01,3,3,100
2791,2023-12-30,2024-07-22,3,3,29
2792,2024-07-09,2024-07-09,3,3,44
2793,2024-12-31,2024-12-31,3,3,267
2794,2025-07-25,2025-07-25,3,3,73
2795,2024-11-15,2024-11-15,3,3,37
2796,2025-05-22,2025-12-30,3,3,18
2797,2024-12-12,2026-08-27,3,3,10
2798,2023-08-04,2023-08-04,3,3,85
2799,2024-05-01,2026-04-09,3,3,148
2800,2023-07-10,2023-07-10,1,1,14
2801,2023-07-22,2023-07-22,3,3,87
2802,2025-02-18,2026-08-24,3,3,12
2803,2023-11-09,2025-02-26,3,3,200
2804,2023-09-16,2023-09-16,3,3,85
2805,2025-05-25,2025-12-26,3,3,10
2806,2024-07-12,2026-09-03,3,3,46
2807,2025-07-14,2025-07-14,1,1,284
2808,2024-11-04,2024-11-04,3,3,34
2809,2023-08-16,2026-07-26,3,3,80
2810,2026-01-13,2026-01-13,2,2,14
2811,2025-08-06,2026-03-07,3,3,18
2812,2025-04-30,2025-07-27,3,3,38
2813,2025-12-26,2025-12-26,3,3,53
2814,2025-05-20,2025-05-20,3,3,373
2815,2025-05-06,2025-05-06,3,3,437
2816,2023-06-16,2025-07-30,3,3,181
2817,2024-01-23,2024-01-23,3,3,29
2818,2024-11-22,2024-11-22,3,3,132
2819,2024-04-10,2024-04-10,3,3,266
2820,2023-11-27,2025-01-06,3,3,22
2821,2025-03-30,2025-03-30,3,3,26
2822,2025-02-03,2025-10-12,3,3,370
2823,2025-01-04,2025-01-04,3,3,23
2824,2024-01-04,2025-02-04,3,3,126
2825,2024-12-31,2025-04-28,3,3,77
2826,2024-10-09,2026-08-09,3,3,16
2827,2025-10-05,2026-06-17,3,3,166
2828,2023-12-17,2026-04-02,3,3,317
2829,2025-09-17,2025-09-17,1,1,31
2830,2023-12-10,2023-12-10,3,3,181
2831,2024-06-27,2024-09-28,3,3,78
2832,2024-10-22,2024-12-11,1,3,46
2833,2026-05-14,2026-05-14,3,3,19
2834,2025-05-10,2025-08-21,3,3,77
2835,2023-06-20,2025-02-05,3,3,26
2836,2023-11-26,2023-11-26,3,3,20
2837,2023-12-24,2024-10-07,3,3,26
2838,2024-07-08,2024-07-08,3,3,49
2839,2025-05-06,2026-01-26,1,3,317
2840,2024-02-23,2025-03-29,1,3,94
2841,2025-08-05,2025-08-05,3,3,160
2842,2024-03-07,2025-05-25,3,3,64
2843,2024-11-15,2026-04-03,3,3,150
2844,2026-03-28,2026-03-28,3,3,168
2845,2023-10-01,2023-10-01,3,3,70
2846,2025-07-10,2025-11-23,3,3,299
2847,2023-10-30,2023-10-30,3,3,181
2848,2023-09-01,2023-09-01,3,3,30
2849,2024-09-27,2025-07-01,3,3,19
2850,2026-08-22,2026-08-22,3,3,200
2851,2026-02-22,2026-02-22,3,3,14
2852,2024-07-07,2026-04-17,3,1,43
2853,2023-12-25,2024-01-19,3,3,95
2854,2025-02-15,2025-02-15,3,3,30
2855,2023-08-04,2026-07-27,3,3,157
2856,2023-08-31,2023-08-31,3,3,91
2857,2026-02-16,2026-02-16,3,3,30
2858,2024-02-21,2026-05-28,3,3,13
2859,2025-10-02,2026-01-25,3,3,66
2860,2023-12-22,2023-12-22,3,3,39
2861,2023-09-07,2023-09-07,3,3,56
2862,2026-09-18,2026-09-18,3,3,189
2863,2026-08-22,2026-08-22,1,1,29
2864,2026-02-21,2026-08-20,3,3,36
2865,2023-11-10,2024-02-09,3,3,89
2866,2025-10-31,2025-10-31,3,3,36
2867,2023-11-19,2024-11-06,3,3,15
2868,2026-07-06,2026-07-06,3,3,23
2869,2026-01-02,2026-01-02,3,3,56
2870,2024-07-25,2024-07-25,3,3,12
2871,2024-03-15,2025-07-20,2,3,514
2872,2023-10-25,2023-10-25,3,3,29
2873,2024-01-04,2024-01-04,1,1,292
2874,2025-09-21,2025-09-21,3,3,37
2875,2024-02-28,2024-02-28,3,3,27
2876,2025-10-26,2025-10-26,3,3,288
2877,2025-11-09,2025-11-09,2,2,64
2878,2023-12-24,2023-12-24,3,3,37
2879,2025-11-12,2025-11-12,3,3,54
2880,2026-02-20,2026-02-20,3,3,198
2881,2023-09-26,2023-09-26,3,3,22
2882,2023-08-11,2025-11-10,3,3,267
2883,2023-08-04,2026-04-20,3,3,27
2884,2023-12-15,2023-12-15,3,3,76
2885,2023-10-04,2023-10-04,3,3,71
2886,2023-10-29,2025-06-26,3,1,51
2887,2023-10-22,2025-12-07,3,3,211
2888,2024-02-10,2026-09-20,3,3,46
2889,2025-07-27,2026-04-21,3,1,25
2890,2026-09-03,2026-09-03,3,3,110
2891,2023-12-03,2026-05-23,3,3,21
2892,2025-10-10,2025-10-10,3,3,48
2893,2025-04-10,2026-07-24,3,3,47
2894,2025-05-10,2025-05-10,3,3,167
2895,2026-07-10,2026-07-10,3,3,44
2896,2023-10-06,2025-07-22,3,3,17
2897,2024-01-01,2024-01-01,3,3,361
2898,2025-05-14,2026-03-17,3,3,27
2899,2024-05-23,2024-05-23,3,3,84
2900,2024-05-09,2024-05-09,3,3,24
2901,2025-09-04,2025-09-16,3,3,57
2902,2023-12-10,2025-07-10,3,3,193
2903,2023-10-23,2023-10-23,3,3,43
2904,2023-12-12,2023-12-12,3,3,165
2905,2024-12-21,2024-12-21,3,3,35
2906,2023-11-28,2023-11-28,3,3,142
2907,2025-07-17,2025-07-17,3,3,107
2908,2023-08-20,2023-08-20,3,3,55
2909,2023-10-14,2023-10-14,3,3,22
2910,2025-11-07,2025-11-07,3,3,314
2911,2024-06-27,2024-06-27,2,2,346
2912,2025-07-13,2025-11-11,3,3,136
2913,2024-08-21,2024-08-21,3,3,60
2914,2026-05-04,2026-05-04,3,3,181
2915,2025-03-16,2025-03-16,1,1,39
2916,2025-10-07,2025-10-07,3,3,10
2917,2025-05-03,2025-05-03,3,3,15
2918,2025-12-19,2025-12-19,3,3,11
2919,2023-10-21,2026-07-25,3,0,100
2920,2023-10-06,2025-08-01,3,3,396
2921,2026-04-30,2026-04-30,3,3,87
2922,2024-02-10,2024-02-10,3,3,31
2923,2024-06-26,2026-08-19,3,1,45
2924,2024-01-09,2024-01-30,3,3,24
2925,2023-12-01,2023-12-01,3,3,42
2926,2026-04-14,2026-04-14,3,3,96
2927,2025-06-03,2025-06-03,3,3,113
2928,2023-06-10,2023-08-13,3,3,33
2929,2025-11-03,2025-11-03,3,3,112
2930,2025-03-23,2025-03-23,3,3,16
2931,2025-05-26,2025-05-26,1,1,30
2932,2023-11-23,2024-02-01,3,3,16
2933,2024-09-19,2024-09-19,3,3,31
2934,2024-07-27,2025-12-21,3,1,259
2935,2025-12-11,2025-12-11,3,3,39
2936,2024-08-30,2024-08-30,3,3,373
2937,2026-06-17,2026-06-17,3,3,27
2938,2025-02-21,2026-09-04,3,3,79
2939,2024-08-24,2024-12-19,3,3,129
2940,2024-10-20,2024-10-20,3,3,172
2941,2023-11-15,2024-05-11,3,3,58
2942,2026-09-24,2026-09-24,3,3,41
2943,2025-06-16,2025-06-16,3,3,310
2944,2024-11-19,2024-11-19,3,3,119
2945,2023-12-26,2023-12-26,3,3,32
2946,2024-03-10,2024-03-10,3,3,14
2947,2024-03-29,2025-12-24,3,3,68
2948,2025-08-20,2025-08-20,3,3,26
2949,2024-07-17,2024-07-17,3,3,33
2950,2024-06-16,2024-06-16,3,3,25
2951,2024-08-12,2025-05-02,3,3,11
2952,2023-11-15,2023-11-15,3,3,14
2953,2025-03-20,2025-03-20,3,3,126
2954,2025-09-18,2026-05-31,2,3,71
2955,2026-06-30,2026-06-30,3,3,37
2956,2025-08-08,2026-09-15,3,3,16
2957,2023-07-02,2025-06-14,3,3,136
2958,2024-11-13,2026-05-31,3,3,216
2959,2023-10-12,2024-08-03,3,3,83
2960,2024-02-04,2024-02-04,3,3,18
2961,2025-03-14,2026-02-13,3,3,94
2962,2023-06-14,2025-12-08,3,3,37
2963,2025-10-18,2026-06-14,3,3,99
2964,2023-10-22,2026-03-11,1,1,177
2965,2024-08-04,2025-09-02,3,1,15
2966,2024-04-29,2024-04-29,3,3,32
2967,2024-01-28,2024-01-28,3,3,185
2968,2023-06-16,2026-01-04,3,3,38
2969,2023-07-20,2023-07-20,3,3,33
2970,2026-08-17,2026-08-17,3,3,300
2971,2024-11-07,2025-05-24,3,3,47
2972,2023-06-28,2023-06-28,1,1,115
2973,2023-09-01,2026-09-17,1,3,48
2974,2023-06-11,2023-06-11,3,3,28
2975,2026-08-17,2026-08-17,3,3,145
2976,2026-04-30,2026-04-30,0,0,76
2977,2025-04-09,2026-05-11,3,3,45
2978,2023-08-17,2025-06-12,3,3,17
2979,2025-05-24,2025-05-24,3,3,317
2980,2023-07-07,2026-09-13,3,3,37
2981,2026-01-05,2026-01-05,3,3,58
2982,2023-08-31,2026-05-01,1,0,119
2983,2023-12-10,2026-05-07,3,3,18
2984,2023-09-25,2025-11-05,3,3,17
2985,2025-10-24,2025-10-24,3,3,236
2986,2026-08-05,2026-08-05,3,3,332
2987,2026-03-06,2026-03-06,3,3,223
2988,2023-11-02,2026-02-06,3,3,69
2989,2025-04-25,2025-04-25,3,3,53
2990,2024-11-02,2024-11-02,3,3,189
2991,2023-10-18,2025-11-23,3,3,34
2992,2024-10-14,2024-10-14,3,3,61
2993,2024-11-27,2026-07-28,3,3,57
2994,2024-09-07,2026-03-27,3,3,18
2995,2024-05-26,2024-05-26,3,3,176
2996,2025-05-19,2026-05-16,3,1,133
2997,2023-06-21,2023-06-21,1,1,13
2998,2024-12-14,2026-07-17,3,3,28
2999,2025-05-29,2025-05-29,3,3,64
3000,2024-06-13,2024-08-14,3,3,25
3001,2023-06-29,2023-06-29,3,3,10
3002,2024-09-17,2026-06-15,3,3,96
3003,2025-06-26,2025-06-26,3,3,30
3004,2024-01-14,2025-04-03,3,3,321
3005,2023-10-05,2025-12-26,3,3,198
3006,2024-05-10,2024-12-09,3,3,36
3007,2024-04-13,2025-10-23,3,3,23
3008,2026-01-11,2026-01-11,3,3,13
3009,2026-09-22,2026-09-22,3,3,133
3010,2024-12-03,2026-04-17,3,3,46
3011,2025-11-30,2025-11-30,3,3,104
3012,2023-11-22,2024-12-05,3,3,89
3013,2023-07-23,2023-07-23,3,3,12
3014,2023-07-01,2023-07-01,3,3,723
3015,2025-03-18,2025-03-18,3,3,55
3016,2023-06-24,2023-11-06,3,1,187
3017,2026-07-02,2026-07-02,3,3,12
3018,2024-11-02,2025-09-02,3,3,14
3019,2024-04-24,2025-05-20,3,3,20
3020,2024-03-14,2026-06-02,3,1,97
3021,2024-02-09,2024-07-28,3,3,61
3022,2024-02-06,2024-02-06,3,3,28
3023,2026-08-26,2026-08-26,3,3,19
3024,2023-06-11,2023-06-11,1,1,36
3025,2024-10-21,2025-11-19,3,3,130
3026,2025-07-14,2025-09-24,3,3,142
3027,2025-09-18,2025-09-18,3,3,162
3028,2024-10-25,2026-08-05,3,3,48
3029,2025-08-12,2025-08-12,3,3,51
3030,2024-10-15,2026-08-17,3,3,323
3031,2025-01-07,2025-01-07,3,3,15
3032,2024-08-28,2024-08-28,3,3,48
3033,2025-02-20,2025-09-02,3,3,79
3034,2025-09-19,2026-03-12,3,3,15
3035,2024-10-13,2025-05-04,3,3,34
3036,2023-07-29,2026-04-23,3,1,39
3037,2025-12-06,2025-12-06,3,3,53
3038,2026-01-31,2026-04-28,3,3,109
3039,2025-10-17,2025-10-17,3,3,93
3040,2025-02-02,2026-04-17,2,3,112
3041,2024-09-19,2026-05-01,3,3,19
3042,2026-08-19,2026-08-19,2,2,79
3043,2024-02-13,2026-09-24,3,3,70
3044,2023-10-22,2026-05-27,3,3,99
3045,2023-06-05,2023-06-05,3,3,147
3046,2025-07-11,2025-07-11,3,3,95
3047,2024-02-16,2026-09-24,3,3,168
3048,2026-01-09,2026-01-09,3,3,135
3049,2024-11-22,2025-01-19,3,3,74
3050,2023-07-07,2024-05-30,3,3,645
3051,2023-06-07,2023-06-07,3,3,33
3052,2024-07-31,2024-07-31,3,3,48
3053,2024-07-18,2026-02-22,3,3,104
3054,2023-10-02,2023-10-02,3,3,51
3055,2023-11-13,2025-12-30,3,3,67
3056,2024-03-09,2025-01-25,3,3,31
3057,2026-07-08,2026-07-08,3,3,317
3058,2024-05-19,2026-01-10,3,3,22
3059,2025-05-22,2025-05-22,1,1,122
3060,2024-10-04,2024-10-04,3,3,92
3061,2026-06-21,2026-06-29,1,3,44
3062,2025-09-24,2026-07-22,3,3,80
3063,2024-08-14,2024-08-14,3,3,81
3064,2024-12-01,2024-12-01,3,3,16
3065,2025-10-22,2025-10-22,3,3,49
3066,2024-03-19,2026-09-19,3,3,16
3067,2024-05-23,2025-02-15,3,3,177
3068,2024-02-17,2026-09-23,3,3,141
3069,2024-11-04,2026-04-24,3,1,123
3070,2025-11-19,2025-11-19,3,3,29
3071,2024-12-23,2024-12-23,3,3,11
3072,2023-10-18,2025-09-06,3,3,91
3073,2023-12-30,2024-05-23,3,1,197
3074,2023-10-07,2024-11-25,3,3,173
3075,2023-12-09,2026-04-21,3,3,321
3076,2026-03-04,2026-03-04,3,3,104
3077,2025-09-18,2025-09-18,3,3,11
3078,2023-10-12,2025-08-14,3,3,85
3079,2024-09-16,2024-09-16,3,3,18
3080,2023-06-13,2023-08-02,1,3,30
3081,2025-03-22,2025-03-22,3,3,111
3082,2023-10-15,2023-10-15,3,3,10
3083,2023-09-01,2023-09-01,3,3,23
3084,2025-07-02,2026-04-16,3,3,109
3085,2023-09-19,2023-09-19,3,3,12
3086,2026-06-15,2026-06-15,3,3,16
3087,2024-06-17,2024-06-17,3,3,74
3088,2025-03-10,2025-03-10,3,3,29
3089,2024-07-11,2026-09-12,3,3,44
3090,2026-06-03,2026-06-03,3,3,187
3091,2023-11-18,2023-11-18,3,3,28
3092,2025-02-20,2025-02-20,3,3,107
3093,2024-01-27,2024-01-27,3,3,19
3094,2025-08-24,2025-08-24,1,1,42
3095,2024-04-16,2025-12-11,3,3,207
3096,2026-06-22,2026-06-22,3,3,14
3097,2023-11-15,2023-11-20,3,3,271
3098,2024-03-28,2024-11-02,3,3,10
3099,2025-11-01,2026-07-30,3,3,156
3100,2023-10-05,2023-10-05,3,3,258
3101,2024-04-21,2025-01-07,3,3,314
3102,2024-08-08,2025-06-19,3,3,303
3103,2024-08-22,2025-11-28,3,3,198
3104,2025-04-09,2025-04-09,3,3,16
3105,2025-05-23,2025-12-29,3,3,33
3106,2024-06-18,2025-03-13,3,3,284
3107,2024-11-03,2025-01-01,3,3,197
3108,2023-09-19,2025-08-04,3,3,53
3109,2023-09-30,2026-09-15,3,3,36
3110,2024-02-19,2024-02-19,3,3,26
3111,2025-01-27,2026-01-27,3,3,16
3112,2024-07-06,2025-03-27,3,3,14
3113,2024-12-20,2024-12-20,3,3,147
3114,2024-11-14,2024-11-14,3,3,314
3115,2024-02-22,2026-04-09,3,3,42
3116,2024-03-12,2024-03-12,3,3,623
3117,2025-04-19,2025-04-19,3,3,78
3118,2025-12-26,2025-12-26,3,3,10
3119,2024-11-15,2025-03-17,3,3,11
3120,2024-07-26,2024-07-26,3,3,18
3121,2024-12-12,2025-10-30,3,3,12
3122,2024-07-06,2025-03-26,3,3,45
3123,2023-09-16,2023-09-16,3,3,16
3124,2023-07-20,2026-06-13,3,3,280
3125,2023-08-25,2023-08-25,3,3,167
3126,2025-04-04,2025-08-04,3,1,278
3127,2024-01-18,2024-10-05,3,3,65
3128,2025-05-22,2025-05-22,3,3,30
3129,2024-02-10,2025-11-22,3,3,92
3130,2025-02-12,2026-06-30,3,3,315
3131,2024-09-28,2024-09-28,3,3,93
3132,2024-06-15,2024-12-05,3,3,60
3133,2023-11-18,2025-05-09,1,3,25
3134,2024-08-20,2024-08-20,3,3,343
3135,2024-08-10,2025-06-12,3,3,19
3136,2023-12-13,2023-12-13,3,3,352
3137,2025-10-05,2025-10-05,3,3,57
3138,2024-05-27,2026-08-02,3,3,120
3139,2025-05-19,2025-07-09,3,1,29
3140,2023-07-16,2025-09-08,3,3,18
3141,2025-06-15,2026-01-19,3,3,302
3142,2024-05-23,2024-05-23,3,3,137
3143,2024-03-24,2025-05-22,1,3,31
3144,2023-07-03,2025-10-04,3,3,33
3145,2025-03-18,2025-04-09,3,3,78
3146,2023-11-03,2023-11-03,0,0,194
3147,2025-05-11,2025-05-11,3,3,268
3148,2026-01-12,2026-01-12,3,3,27
3149,2024-03-06,2024-10-15,3,3,43
3150,2025-12-05,2025-12-05,3,3,16
3151,2026-02-21,2026-07-15,1,3,19
3152,2024-02-07,2024-02-07,3,3,297
3153,2025-06-03,2025-06-03,3,3,10
3154,2026-08-18,2026-08-18,3,3,321
3155,2024-10-17,2024-10-17,1,1,15
3156,2024-11-11,2024-11-11,3,3,201
3157,2024-06-20,2024-06-20,3,3,12
3158,2024-09-17,2024-09-17,3,3,66
3159,2025-05-28,2026-06-28,3,0,28
3160,2024-03-09,2024-03-09,3,3,60
3161,2023-07-22,2023-07-22,3,3,14
3162,2023-06-15,2023-07-16,1,3,220
3163,2024-06-08,2024-09-10,1,3,11
3164,2024-11-07,2025-10-13,3,3,18
3165,2025-11-09,2026-07-31,3,3,248
3166,2023-12-06,2024-11-05,3,3,26
3167,2023-09-10,2024-05-31,3,1,36
3168,2025-11-13,2025-11-13,3,3,112
3169,2024-07-29,2024-08-08,3,1,574
3170,2025-09-10,2025-09-10,3,3,18
3171,2026-03-01,2026-03-11,3,3,47
3172,2024-12-19,2025-01-19,3,1,89
3173,2025-11-29,2025-11-29,3,3,111
3174,2026-06-17,2026-06-17,3,3,347
3175,2025-12-18,2025-12-18,3,3,53
3176,2024-01-10,2024-01-10,3,3,220
3177,2026-07-14,2026-07-14,1,1,11
3178,2023-06-06,2025-12-18,3,1,99
3179,2024-12-24,2024-12-24,3,3,30
3180,2023-06-10,2026-08-19,1,3,41
3181,2025-01-21,2025-01-21,3,3,306
3182,2025-08-29,2025-12-11,3,3,68
3183,2025-09-12,2025-09-12,3,3,190
3184,2023-06-18,2026-03-15,3,3,282
3185,2024-07-10,2025-01-29,3,3,22
3186,2023-06-19,2024-11-07,3,3,64
3187,2026-04-28,2026-04-28,3,3,65
3188,2023-07-14,2026-03-23,3,1,23
3189,2026-08-18,2026-08-18,1,1,131
3190,2025-09-28,2025-09-28,3,3,56
3191,2024-12-03,2024-12-03,3,3,71
3192,2024-10-24,2026-09-01,3,1,15
3193,2024-11-08,2025-11-22,1,1,197
3194,2023-10-28,2025-04-08,3,3,78
3195,2023-08-24,2025-03-01,3,1,201
3196,2024-09-12,2025-07-14,3,3,29
3197,2025-01-19,2025-01-19,3,3,57
3198,2023-07-27,2023-07-27,3,3,84
3199,2024-09-18,2024-09-18,3,3,88
3200,2024-06-03,2025-07-17,3,3,15
3201,2023-12-16,2026-08-09,3,3,107
3202,2024-05-21,2024-05-21,3,3,64
3203,2024-04-06,2024-04-06,3,3,49
3204,2023-10-15,2023-10-15,3,3,153
3205,2023-10-11,2023-10-11,3,3,44
3206,2024-12-16,2025-01-19,3,3,94
3207,2025-05-28,2025-05-28,0,0,45
3208,2025-03-23,2025-10-26,3,3,314
3209,2025-02-10,2025-02-10,3,3,10
3210,2026-09-10,2026-09-10,3,3,30
3211,2026-01-05,2026-01-05,3,3,42
3212,2023-07-02,2024-08-18,3,1,185
3213,2026-03-28,2026-05-17,1,3,158
3214,2023-06-16,2023-06-16,3,3,90
3215,2025-12-02,2026-06-27,3,3,136
3216,2026-09-04,2026-09-04,3,3,33
3217,2025-12-18,2026-08-20,3,3,14
3218,2023-07-02,2025-10-11,3,1,68
3219,2024-06-08,2025-10-07,3,3,213
3220,2024-03-10,2026-09-08,3,3,47
3221,2024-03-22,2026-08-16,3,3,186
3222,2026-03-17,2026-03-17,3,3,18
3223,2023-12-29,2024-04-05,3,3,43
3224,2026-06-18,2026-06-18,3,3,24
3225,2024-10-22,2024-10-22,1,1,32
3226,2025-11-06,2025-11-06,1,1,54
3227,2025-08-02,2025-08-02,3,3,25
3228,2025-12-26,2025-12-26,3,3,49
3229,2024-09-10,2024-09-10,3,3,40
3230,2024-07-17,2024-07-17,3,3,21
3231,2023-08-13,2026-01-20,3,3,11
3232,2024-07-18,2024-07-18,3,3,95
3233,2024-04-01,2024-06-08,3,3,167
3234,2024-08-15,2025-04-14,3,3,118
3235,2024-07-07,2024-11-22,3,3,247
3236,2025-07-06,2025-07-06,3,3,83
3237,2024-02-11,2025-02-12,3,3,36
3238,2024-05-03,2026-08-04,3,1,12
3239,2025-11-19,2026-06-03,3,3,27
3240,2024-07-10,2024-07-10,3,3,189
3241,2023-08-01,2023-08-01,3,3,354
3242,2024-10-08,2026-05-15,3,3,310
3243,2024-11-27,2024-11-27,3,3,260
3244,2025-04-21,2025-04-21,3,3,47
3245,2023-12-07,2023-12-07,3,3,15
3246,2025-12-30,2026-04-12,3,3,98
3247,2023-08-23,2023-08-23,3,3,30
3248,2026-09-18,2026-09-18,3,3,206
3249,2026-02-15,2026-02-15,3,3,164
3250,2024-11-19,2024-11-19,3,3,141
3251,2023-12-11,2023-12-11,3,3,28
3252,2023-12-18,2023-12-18,3,3,637
3253,2025-08-12,2025-08-12,3,3,61
3254,2023-12-15,2025-02-05,3,3,19
3255,2025-09-14,2026-05-13,3,3,31
3256,2025-07-04,2025-09-05,3,3,10
3257,2023-06-19,2025-10-20,3,3,34
3258,2025-01-01,2025-04-04,2,3,14
3259,2025-09-25,2025-09-25,3,3,16
3260,2024-04-30,2025-03-18,3,3,48
3261,2026-08-20,2026-08-20,3,3,314
3262,2024-10-23,2026-03-11,2,3,94
3263,2025-11-19,2025-11-19,3,3,10
3264,2023-08-12,2025-04-08,3,1,277
3265,2024-11-29,2026-04-09,3,3,38
3266,2023-12-27,2023-12-27,1,1,18
3267,2025-10-17,2025-10-17,3,3,32
3268,2025-10-18,2025-10-18,3,3,115
3269,2023-06-21,2025-08-08,3,3,59
3270,2023-08-29,2023-08-29,3,3,370
3271,2024-01-19,2024-08-23,3,3,32
3272,2024-12-20,2024-12-20,3,3,64
3273,2023-12-26,2024-11-28,3,3,30
3274,2025-02-16,2025-02-16,3,3,674
3275,2024-12-01,2026-08-21,3,3,63
3276,2024-06-11,2024-06-11,3,3,197
3277,2026-09-05,2026-09-05,3,3,96
3278,2023-09-25,2023-09-25,1,1,324
3279,2024-08-08,2025-04-21,3,3,381
3280,2023-08-19,2023-08-19,3,3,41
3281,2024-05-06,2025-05-02,3,3,41
3282,2024-11-24,2025-10-08,3,3,37
3283,2023-08-14,2025-05-16,3,0,292
3284,2026-07-31,2026-07-31,3,3,82
3285,2023-06-20,2023-06-20,3,3,16
3286,2024-01-23,2024-01-23,3,3,143
3287,2024-07-15,2026-02-12,3,3,15
3288,2025-03-23,2025-03-23,3,3,97
3289,2024-12-27,2024-12-27,3,3,46
3290,2025-01-02,2025-01-02,2,2,80
3291,2026-07-15,2026-07-15,1,1,27
3292,2023-12-05,2023-12-05,3,3,23
3293,2026-08-19,2026-08-19,1,1,37
3294,2023-12-15,2026-04-24,3,1,18
3295,2024-06-12,2024-06-12,3,3,10
3296,2025-04-09,2025-04-09,3,3,26
3297,2024-07-01,2024-07-01,3,3,11
3298,2023-06-06,2024-10-13,1,3,25
3299,2025-12-09,2025-12-09,3,3,10
3300,2024-02-12,2024-02-12,3,3,180
3301,2023-07-28,2026-07-26,3,3,227
3302,2024-11-27,2026-06-03,3,3,167
3303,2024-12-19,2024-12-19,3,3,16
3304,2024-04-25,2025-05-25,3,3,34
3305,2023-08-28,2023-08-28,3,3,79
3306,2023-06-28,2023-06-28,3,3,38
3307,2025-10-15,2026-02-25,3,3,150
3308,2024-08-21,2024-08-21,3,3,83
3309,2024-11-10,2024-11-10,3,3,87
3310,2023-08-01,2024-09-19,3,3,40
3311,2025-08-22,2025-10-29,1,3,12
3312,2026-07-22,2026-07-22,3,3,277
3313,2026-04-26,2026-04-26,3,3,383
3314,2023-07-05,2023-07-05,3,3,34
3315,2023-11-18,2025-07-05,3,1,90
3316,2024-05-13,2024-05-13,3,3,33
3317,2023-09-18,2023-12-17,3,3,21
3318,2024-02-04,2024-02-04,3,3,10
3319,2025-05-28,2025-05-28,1,1,42
3320,2023-11-21,2025-10-17,3,3,28
3321,2024-11-20,2026-05-05,3,3,91
3322,2025-04-02,2025-04-02,3,3,28
3323,2023-12-30,2025-08-07,3,3,19
3324,2026-08-10,2026-08-10,3,3,189
3325,2025-07-29,2026-04-05,3,3,39
3326,2025-01-06,2025-01-06,1,1,11
3327,2026-02-26,2026-02-26,3,3,84
3328,2025-03-03,2025-03-03,3,3,15
3329,2023-07-08,2024-12-23,3,3,331
3330,2025-03-01,2025-06-04,3,3,12
3331,2023-07-24,2023-07-24,3,3,316
3332,2026-03-07,2026-03-07,2,2,318
3333,2023-08-06,2026-04-19,3,3,18
3334,2023-06-24,2025-12-18,3,3,67
3335,2023-12-28,2023-12-28,3,3,203
3336,2023-10-21,2023-10-21,3,3,67
3337,2024-11-09,2024-11-09,3,3,15
3338,2024-10-22,2024-10-22,3,3,64
3339,2024-01-27,2024-01-27,3,3,68
3340,2025-08-23,2025-09-06,3,3,47
3341,2023-06-28,2024-05-04,3,1,18
3342,2024-01-10,2025-11-07,3,3,169
3343,2023-08-06,2023-08-06,3,3,196
3344,2024-05-28,2024-05-28,3,3,49
3345,2023-11-02,2024-08-23,3,3,25
3346,2024-08-10,2025-11-05,0,3,47
3347,2024-07-08,2024-07-14,1,1,24
3348,2025-10-29,2025-10-29,3,3,10
3349,2024-12-17,2024-12-17,1,1,136
3350,2025-03-05,2026-03-31,3,3,15
3351,2024-01-12,2024-01-12,3,3,374
3352,2026-07-08,2026-07-08,3,3,43
3353,2024-12-16,2026-07-24,3,3,132
3354,2026-03-20,2026-05-03,3,3,11
3355,2023-12-15,2024-11-02,3,3,14
3356,2025-07-26,2025-07-26,3,3,346
3357,2023-08-29,2024-12-23,3,3,76
3358,2026-04-01,2026-04-01,3,3,260
3359,2024-09-09,2026-07-11,3,3,105
3360,2023-08-28,2023-08-28,2,2,226
3361,2024-08-21,2024-08-21,3,3,51
3362,2025-12-25,2025-12-25,1,1,91
3363,2026-06-16,2026-06-16,3,3,57
3364,2024-04-20,2026-08-21,3,3,55
3365,2025-08-13,2025-08-13,3,3,105
3366,2023-08-16,2023-08-16,3,3,11
3367,2023-09-25,2023-09-25,3,3,31
3368,2025-03-17,2025-06-13,3,3,254
3369,2024-06-17,2024-06-17,3,3,53
3370,2023-08-26,2023-08-26,3,3,30
3371,2024-09-24,2024-09-24,3,3,50
3372,2025-12-02,2025-12-02,3,3,21
3373,2024-12-19,2025-05-28,1,3,81
3374,2025-05-07,2025-05-07,3,3,360
3375,2024-12-23,2024-12-23,3,3,80
3376,2024-10-13,2024-10-13,3,3,197
3377,2025-10-14,2026-01-15,3,3,44
3378,2025-12-21,2025-12-21,3,3,167
3379,2026-02-28,2026-02-28,3,3,376
3380,2025-06-07,2025-06-07,3,3,290
3381,2023-06-11,2023-06-11,3,3,365
3382,2023-09-17,2023-09-17,3,3,27
3383,2024-07-13,2026-04-06,3,1,12
3384,2023-11-15,2026-04-05,3,3,214
3385,2023-06-18,2024-10-31,3,3,32
3386,2024-08-15,2025-02-25,3,3,13
3387,2024-08-06,2024-08-06,3,3,153
3388,2023-07-15,2025-03-08,3,3,146
3389,2024-01-18,2024-05-10,3,3,148
3390,2023-10-14,2025-01-07,3,3,16
3391,2023-11-10,2023-11-10,3,3,39
3392,2026-06-18,2026-07-18,3,3,15
3393,2024-11-28,2024-11-28,3,3,32
3394,2026-01-26,2026-01-26,3,3,21
3395,2025-03-03,2025-03-18,3,3,17
3396,2023-11-05,2024-10-25,3,3,84
3397,2025-12-15,2026-02-26,3,3,137
3398,2024-09-19,2024-09-19,1,1,19
3399,2025-04-02,2026-01-03,3,3,17
3400,2023-11-19,2023-11-19,3,3,37
3401,2024-01-09,2025-04-26,3,3,54
3402,2024-08-20,2026-03-08,3,0,12
3403,2024-03-04,2026-01-28,3,3,32
3404,2024-04-18,2024-04-18,3,3,64
3405,2023-11-04,2023-11-04,3,3,22
3406,2025-08-12,2025-08-12,1,1,226
3407,2025-05-01,2025-05-01,3,3,17
3408,2024-09-01,2024-09-01,1,1,152
3409,2024-02-04,2024-02-04,3,3,15
3410,2023-10-25,2023-12-28,3,3,368
3411,2023-07-27,2023-09-26,3,3,188
3412,2024-10-08,2024-10-08,3,3,609
3413,2023-10-05,2023-10-05,3,3,87
3414,2023-10-14,2026-07-23,3,3,33
3415,2024-10-22,2024-10-22,3,3,155
3416,2023-09-26,2024-10-11,3,3,154
3417,2024-02-26,2026-08-07,3,3,164
3418,2025-09-20,2025-09-20,3,3,18
3419,2025-06-20,2025-06-30,3,3,89
3420,2025-12-30,2025-12-30,3,3,66
3421,2024-04-27,2024-04-27,1,1,18
3422,2023-11-18,2023-11-18,3,3,80
3423,2024-10-18,2026-05-11,3,3,75
3424,2024-01-17,2026-06-22,3,3,77
3425,2024-04-07,2024-04-07,1,1,10
3426,2025-11-24,2026-09-16,3,3,59
3427,2023-11-06,2023-11-06,3,3,47
3428,2025-06-17,2026-04-04,3,3,31
3429,2026-07-19,2026-07-19,3,3,188
3430,2025-12-20,2025-12-20,3,3,85
3431,2025-04-17,2025-11-29,3,3,140
3432,2023-07-31,2023-07-31,3,3,69
3433,2024-04-29,2024-04-29,3,3,26
3434,2026-01-23,2026-01-23,3,3,43
3435,2025-09-26,2026-01-01,3,3,26
3436,2025-11-19,2025-11-22,1,3,18
3437,2024-04-11,2024-04-11,0,0,327
3438,2024-01-14,2024-01-14,3,3,11
3439,2026-08-19,2026-08-19,3,3,281
3440,2024-05-10,2024-05-10,3,3,34
3441,2024-09-06,2025-06-01,1,3,115
3442,2024-06-09,2024-06-09,3,3,59
3443,2026-06-23,2026-06-23,3,3,92
3444,2025-07-12,2025-07-12,3,3,11
3445,2023-08-08,2024-03-07,3,3,31
3446,2026-07-08,2026-07-08,3,3,26
3447,2026-04-01,2026-04-01,3,3,37
3448,2024-01-07,2024-06-29,3,3,92
3449,2023-07-09,2025-07-01,3,3,295
3450,2025-10-02,2025-10-02,3,3,19
3451,2023-09-29,2026-08-24,3,3,27
3452,2025-07-13,2025-07-13,3,3,11
3453,2025-04-10,2026-06-22,3,3,23
3454,2023-10-19,2023-10-19,3,3,41
3455,2025-01-17,2025-01-17,3,3,243
3456,2025-04-16,2025-04-16,3,3,47
3457,2025-04-23,2026-01-27,3,3,82
3458,2026-08-04,2026-08-04,3,3,155
3459,2024-10-08,2024-10-08,1,1,30
3460,2025-12-30,2026-03-26,3,3,152
3461,2025-04-18,2025-08-06,3,3,215
3462,2024-09-21,2024-11-29,3,3,10
3463,2025-03-19,2026-08-16,3,0,220
3464,2023-06-28,2023-06-28,3,3,27
3465,2024-02-13,2024-02-13,3,3,51
3466,2024-04-22,2026-07-14,3,3,10
3467,2024-05-02,2026-07-27,1,3,215
3468,2023-06-28,2023-06-28,3,3,52
3469,2024-08-27,2024-08-27,3,3,20
3470,2025-02-13,2025-02-13,3,3,83
3471,2023-06-10,2024-07-04,3,1,397
3472,2025-10-20,2026-05-04,3,3,33
3473,2023-07-31,2026-08-02,3,1,89
3474,2025-08-23,2025-11-20,3,3,136
3475,2025-03-24,2025-08-12,3,3,423
3476,2024-02-17,2025-10-17,3,3,340
3477,2024-01-09,2024-01-09,3,3,76
3478,2023-11-03,2024-04-12,3,3,47
3479,2024-03-13,2024-03-13,3,3,77
3480,2024-05-13,2024-05-13,1,1,17
3481,2024-04-26,2025-06-29,3,3,17
3482,2023-06-24,2023-06-24,3,3,179
3483,2024-04-25,2025-10-03,3,3,94
3484,2026-03-12,2026-03-12,3,3,198
3485,2024-02-20,2024-02-20,1,1,14
3486,2024-11-27,2026-06-20,3,3,24
3487,2024-06-15,2024-06-15,2,2,155
3488,2025-07-25,2026-06-19,2,3,278
3489,2025-03-30,2026-01-06,3,3,241
3490,2025-05-21,2025-05-21,3,3,367
3491,2024-01-13,2024-01-13,3,3,25
3492,2023-11-24,2026-06-11,1,3,36
3493,2026-03-14,2026-03-14,3,3,19
3494,2025-06-02,2026-06-18,3,3,80
3495,2024-01-31,2025-06-15,3,3,383
3496,2023-07-16,2025-05-23,3,3,30
3497,2023-11-27,2025-09-06,3,3,30
3498,2025-08-18,2025-08-18,3,3,75
3499,2025-03-16,2026-08-06,3,3,35
3500,2024-11-29,2024-11-29,3,3,65
