_id,RSN,EVALUATION COMPLETED ON,CONFIRMED UNITS,YEAR BUILT,PROPERTY TYPE,TENANT SERVICE REQUEST LOG,WARDNAME,YEAR EVALUATED,completion_date
2130,4152554,2024-06-19,24,1950,PRIVATE,1,Scarborough Southwest,2024,2024-06-19
2128,4152555,2025-11-14,17,1957,PRIVATE,3,Scarborough Southwest,2025,2025-11-14
2127,4152556,2025-07-10,13,1937,PRIVATE,3,Scarborough Southwest,2025,2025-07-10
2121,4152557,2025-07-10,21,1932,PRIVATE,3,Scarborough Southwest,2025,2025-07-10
2117,4152558,2025-10-22,32,1920,PRIVATE,3,Scarborough Southwest,2025,2025-10-22
2140,4152559,2025-07-29,30,1954,SOCIAL HOUSING,3,Scarborough Southwest,2025,2025-07-29
2132,4152560,2025-10-22,24,1970,PRIVATE,3,Scarborough Southwest,2025,2025-10-22
4332,4152561,2024-07-25,21,1920,PRIVATE,3,Scarborough Southwest,2024,2024-07-25
2144,4152562,2024-08-15,16,1932,PRIVATE,3,Scarborough Southwest,2024,2024-08-15
2143,4152563,2025-09-05,16,1932,PRIVATE,3,Scarborough Southwest,2025,2025-09-05
1644,4152564,2025-10-07,15,1949,PRIVATE,3,Scarborough Southwest,2025,2025-10-07
4435,4152569,2025-08-12,18,1960,PRIVATE,3,Scarborough Southwest,2025,2025-08-12
4328,4152570,2024-07-18,202,1970,PRIVATE,3,Scarborough Southwest,2024,2024-07-18
4333,4152571,2024-08-12,61,1956,PRIVATE,3,Scarborough Southwest,2024,2024-08-12
4331,4152572,2024-07-18,51,1956,PRIVATE,3,Scarborough Southwest,2024,2024-07-18
4330,4152573,2025-07-22,34,1971,PRIVATE,3,Scarborough Southwest,2025,2025-07-22
4334,4152574,2025-08-12,37,1959,PRIVATE,3,Scarborough Southwest,2025,2025-08-12
4337,4152575,2026-08-19,36,1955,PRIVATE,3,Scarborough Southwest,2026,2026-08-19
418,4152576,2026-07-22,350,1970,TCHC,3,Scarborough Southwest,2026,2026-07-22
2355,4152577,2025-10-06,61,1959,PRIVATE,3,Scarborough Southwest,2025,2025-10-06
4833,4152578,2025-08-25,65,1964,PRIVATE,3,Scarborough Southwest,2025,2025-08-25
420,4152579,2025-08-14,11,1971,PRIVATE,3,Scarborough Southwest,2025,2025-08-14
424,4152580,2026-08-20,11,1971,PRIVATE,3,Scarborough Southwest,2026,2026-08-20
429,4152581,2026-08-19,22,1971,PRIVATE,3,Scarborough Southwest,2026,2026-08-19
633,4152582,2025-08-18,13,1960,PRIVATE,3,Scarborough Southwest,2025,2025-08-18
436,4152583,2024-08-13,48,1954,PRIVATE,2,Scarborough Southwest,2024,2024-08-13
1996,4152585,2026-09-02,11,1960,PRIVATE,3,Scarborough Southwest,2026,2026-09-02
4441,4152586,2025-07-31,118,1968,PRIVATE,3,Scarborough Southwest,2025,2025-07-31
4438,4152587,2025-07-30,201,1967,PRIVATE,3,Scarborough Southwest,2025,2025-07-30
4437,4152588,2024-08-22,201,1967,PRIVATE,3,Scarborough Southwest,2024,2024-08-22
4908,4152589,2026-08-18,255,1969,PRIVATE,3,Scarborough Southwest,2026,2026-08-18
6065,4152590,2024-08-21,194,1978,TCHC,3,Scarborough Southwest,2024,2024-08-21
6512,4152591,2024-08-08,575,1976,PRIVATE,3,Scarborough Southwest,2024,2024-08-08
6066,4152592,2026-09-14,15,1962,PRIVATE,0,Scarborough Southwest,2026,2026-09-14
6269,4152593,2025-07-14,238,1982,PRIVATE,3,Scarborough Southwest,2025,2025-07-14
6270,4152594,2025-07-14,163,1974,PRIVATE,3,Scarborough Southwest,2025,2025-07-14
1403,4152595,2025-06-20,168,1964,TCHC,3,Scarborough Southwest,2025,2025-06-20
2473,4152596,2025-06-25,223,1964,TCHC,3,Scarborough Southwest,2025,2025-06-25
257,4152597,2025-10-21,284,1970,PRIVATE,3,Scarborough Southwest,2025,2025-10-21
254,4152598,2025-10-21,285,1968,PRIVATE,3,Scarborough Southwest,2025,2025-10-21
2022,4152599,2025-08-11,329,1972,PRIVATE,3,Scarborough Southwest,2025,2025-08-11
2024,4152600,2024-09-06,280,1972,PRIVATE,3,Scarborough Southwest,2024,2024-09-06
2026,4152601,2025-08-11,267,1972,PRIVATE,3,Scarborough Southwest,2025,2025-08-11
2757,4152602,2026-07-30,11,1960,PRIVATE,1,Scarborough Southwest,2026,2026-07-30
2759,4152603,2026-08-11,11,1962,PRIVATE,1,Scarborough Southwest,2026,2026-08-11
2761,4152604,2026-08-06,12,1954,PRIVATE,3,Scarborough Southwest,2026,2026-08-06
2763,4152605,2025-09-08,52,1962,PRIVATE,3,Scarborough Southwest,2025,2025-09-08
2766,4152606,2025-09-08,37,1964,PRIVATE,3,Scarborough Southwest,2025,2025-09-08
2767,4152607,2026-07-29,18,1955,PRIVATE,1,Scarborough Southwest,2026,2026-07-29
6399,4152608,2024-09-09,17,1950,PRIVATE,3,Scarborough Southwest,2024,2024-09-09
846,4152609,2025-10-08,30,1968,PRIVATE,3,Scarborough Southwest,2025,2025-10-08
5045,4152610,2026-09-05,112,1969,PRIVATE,3,Scarborough Southwest,2026,2026-09-05
5041,4152611,2026-08-17,103,1972,PRIVATE,3,Scarborough Southwest,2026,2026-08-17
5039,4152612,2025-09-11,61,1974,PRIVATE,3,Scarborough Southwest,2025,2025-09-11
6703,4152613,2025-09-11,27,1960,PRIVATE,3,Scarborough Southwest,2025,2025-09-11
6700,4152614,2025-09-17,28,1960,PRIVATE,3,Scarborough Southwest,2025,2025-09-17
6699,4152615,2026-09-05,34,1962,PRIVATE,1,Scarborough Southwest,2026,2026-09-05
6068,4152617,2024-07-17,22,1965,PRIVATE,3,Scarborough Southwest,2024,2024-07-17
1269,4152618,2026-09-03,11,1956,PRIVATE,3,Scarborough Southwest,2026,2026-09-03
1272,4152619,2026-09-14,11,1956,PRIVATE,3,Scarborough Southwest,2026,2026-09-14
4770,4152620,2025-10-06,11,1956,PRIVATE,3,Scarborough Southwest,2025,2025-10-06
4768,4152621,2026-07-16,11,1956,PRIVATE,3,Scarborough Southwest,2026,2026-07-16
5740,4152622,2025-09-25,30,1956,PRIVATE,3,Scarborough Centre,2025,2025-09-25
5745,4152623,2024-06-21,27,1958,PRIVATE,3,Scarborough Centre,2024,2024-06-21
5747,4152624,2025-09-25,38,1956,PRIVATE,3,Scarborough Centre,2025,2025-09-25
5748,4152625,2026-08-28,36,1955,PRIVATE,3,Scarborough Centre,2026,2026-08-28
5742,4152626,2025-10-03,36,1955,PRIVATE,3,Scarborough Centre,2025,2025-10-03
5744,4152627,2026-09-04,32,1960,PRIVATE,3,Scarborough Centre,2026,2026-09-04
2204,4152628,2025-09-24,26,1955,PRIVATE,3,Scarborough Centre,2025,2025-09-24
3069,4152629,2026-09-16,33,1955,PRIVATE,3,Scarborough Centre,2026,2026-09-16
2029,4152630,2026-09-16,26,1955,PRIVATE,3,Scarborough Centre,2026,2026-09-16
5836,4152631,2025-09-25,30,1955,PRIVATE,3,Scarborough Centre,2025,2025-09-25
5750,4152632,2026-08-28,30,1955,PRIVATE,3,Scarborough Centre,2026,2026-08-28
2201,4152633,2026-08-12,30,1955,PRIVATE,3,Scarborough Centre,2026,2026-08-12
3067,4152634,2025-09-24,28,1959,PRIVATE,1,Scarborough Centre,2025,2025-09-24
2028,4152635,2025-09-24,30,1955,PRIVATE,3,Scarborough Centre,2025,2025-09-24
2774,4152636,2024-06-21,34,1954,PRIVATE,3,Scarborough Centre,2024,2024-06-21
2780,4152637,2025-09-26,54,1954,PRIVATE,3,Scarborough Centre,2025,2025-09-26
2782,4152638,2025-09-26,54,1954,PRIVATE,3,Scarborough Centre,2025,2025-09-26
2784,4152639,2025-09-26,59,1960,PRIVATE,3,Scarborough Centre,2025,2025-09-26
2785,4152640,2026-08-28,35,1958,PRIVATE,3,Scarborough Centre,2026,2026-08-28
2788,4152641,2025-09-29,26,1954,PRIVATE,3,Scarborough Centre,2025,2025-09-29
2790,4152642,2025-09-29,67,1964,PRIVATE,3,Scarborough Centre,2025,2025-09-29
2794,4152643,2025-09-29,54,1954,PRIVATE,3,Scarborough Centre,2025,2025-09-29
2805,4152644,2026-09-04,43,1958,PRIVATE,3,Scarborough Centre,2026,2026-09-04
2807,4152645,2026-09-04,43,1958,PRIVATE,3,Scarborough Centre,2026,2026-09-04
2809,4152646,2024-09-04,85,1962,PRIVATE,3,Scarborough Centre,2024,2024-09-04
2810,4152647,2026-08-31,35,1960,PRIVATE,3,Scarborough Centre,2026,2026-08-31
2812,4152648,2026-08-21,100,1963,PRIVATE,3,Scarborough Centre,2026,2026-08-21
2814,4152649,2025-09-22,100,1963,PRIVATE,3,Scarborough Centre,2025,2025-09-22
2404,4152650,2025-10-23,67,1961,PRIVATE,3,Scarborough Centre,2025,2025-10-23
3911,4152651,2025-10-09,43,1960,PRIVATE,3,Scarborough Centre,2025,2025-10-09
3913,4152652,2025-12-05,103,1964,PRIVATE,3,Scarborough Centre,2025,2025-12-05
2031,4152653,2024-09-06,72,1993,SOCIAL HOUSING,3,Scarborough Centre,2024,2024-09-06
3923,4152654,2025-11-27,243,1993,SOCIAL HOUSING,3,Scarborough Centre,2025,2025-11-27
2407,4152655,2025-09-30,36,1959,PRIVATE,3,Scarborough Centre,2025,2025-09-30
2409,4152656,2024-06-21,36,1959,PRIVATE,3,Scarborough Centre,2024,2024-06-21
3917,4152657,2025-10-01,36,1962,PRIVATE,3,Scarborough Centre,2025,2025-10-01
3915,4152658,2025-10-01,39,1961,PRIVATE,3,Scarborough Centre,2025,2025-10-01
3918,4152659,2026-09-16,90,1978,SOCIAL HOUSING,3,Scarborough Centre,2026,2026-09-16
2414,4152660,2026-09-08,91,1960,PRIVATE,3,Scarborough Centre,2026,2026-09-08
4808,4152661,2025-07-29,92,1965,PRIVATE,3,Scarborough Centre,2025,2025-07-29
2418,4152662,2026-09-08,72,1964,PRIVATE,3,Scarborough Centre,2026,2026-09-08
2420,4152663,2025-10-07,71,1964,PRIVATE,3,Scarborough Centre,2025,2025-10-07
2422,4152664,2024-09-06,69,1962,PRIVATE,3,Scarborough Centre,2024,2024-09-06
2423,4152665,2026-09-10,104,1960,PRIVATE,3,Scarborough Centre,2026,2026-09-10
678,4152666,2025-09-10,10,1958,PRIVATE,3,Scarborough Southwest,2025,2025-09-10
681,4152667,2025-09-10,30,1962,PRIVATE,3,Scarborough Southwest,2025,2025-09-10
3762,4152668,2026-08-04,18,1955,PRIVATE,3,Scarborough Southwest,2026,2026-08-04
3763,4152669,2026-08-04,18,1954,PRIVATE,3,Scarborough Southwest,2026,2026-08-04
3765,4152670,2025-07-30,71,1971,PRIVATE,3,Scarborough Southwest,2025,2025-07-30
3770,4152671,2026-08-06,49,1957,PRIVATE,3,Scarborough Southwest,2026,2026-08-06
3776,4152672,2025-07-17,49,1957,PRIVATE,3,Scarborough Southwest,2025,2025-07-17
3778,4152673,2026-08-06,186,1965,PRIVATE,3,Scarborough Southwest,2026,2026-08-06
5047,4152674,2025-09-12,124,1963,PRIVATE,3,Scarborough Southwest,2025,2025-09-12
5050,4152675,2026-06-09,53,1960,PRIVATE,3,Scarborough Southwest,2026,2026-06-09
5052,4152676,2025-10-31,65,1961,PRIVATE,3,Scarborough Southwest,2025,2025-10-31
5054,4152677,2025-09-19,102,1992,SOCIAL HOUSING,3,Scarborough Southwest,2025,2025-09-19
1491,4152678,2026-06-09,75,1971,PRIVATE,3,Scarborough Southwest,2026,2026-06-09
1494,4152679,2025-09-15,94,1971,PRIVATE,3,Scarborough Southwest,2025,2025-09-15
1495,4152680,2026-06-11,110,1958,PRIVATE,3,Scarborough Southwest,2026,2026-06-11
1497,4152681,2026-06-11,110,1958,PRIVATE,3,Scarborough Southwest,2026,2026-06-11
1500,4152682,2025-10-16,107,1960,PRIVATE,3,Scarborough Southwest,2025,2025-10-16
1502,4152683,2026-06-10,91,1968,PRIVATE,3,Scarborough Southwest,2026,2026-06-10
1510,4152684,2026-06-16,75,1962,PRIVATE,3,Scarborough Southwest,2026,2026-06-16
1508,4152685,2025-10-17,169,1968,PRIVATE,3,Scarborough Southwest,2025,2025-10-17
1506,4152686,2025-10-20,118,1960,PRIVATE,3,Scarborough Southwest,2025,2025-10-20
1504,4152687,2025-10-16,101,1964,PRIVATE,3,Scarborough Southwest,2025,2025-10-16
77,4152688,2024-07-25,150,1989,TCHC,3,Scarborough Southwest,2024,2024-07-25
4060,4152689,2025-09-03,87,1959,PRIVATE,3,Scarborough Southwest,2025,2025-09-03
3772,4152690,2025-07-23,79,1958,PRIVATE,3,Scarborough Southwest,2025,2025-07-23
3773,4152691,2025-07-23,79,1958,PRIVATE,3,Scarborough Southwest,2025,2025-07-23
2849,4152692,2025-09-04,110,1972,PRIVATE,3,Scarborough Centre,2025,2025-09-04
2851,4152693,2025-10-09,72,1969,PRIVATE,3,Scarborough Centre,2025,2025-10-09
2852,4152694,2024-09-13,71,1960,PRIVATE,3,Scarborough Centre,2024,2024-09-13
3633,4152695,2026-08-19,62,1971,PRIVATE,3,Scarborough Centre,2026,2026-08-19
1515,4152696,2025-11-20,130,1965,PRIVATE,3,Scarborough Centre,2025,2025-11-20
1511,4152697,2025-11-12,72,1960,PRIVATE,3,Scarborough Centre,2025,2025-11-12
3779,4152698,2025-09-03,57,1960,PRIVATE,3,Scarborough Centre,2025,2025-09-03
5057,4152699,2026-09-22,20,1965,PRIVATE,3,Scarborough Centre,2026,2026-09-22
5059,4152700,2026-08-19,18,1960,PRIVATE,3,Scarborough Centre,2026,2026-08-19
5062,4152701,2026-08-21,41,1955,PRIVATE,3,Scarborough Centre,2026,2026-08-21
5145,4152702,2026-08-26,70,1960,PRIVATE,3,Scarborough Centre,2026,2026-08-26
3925,4152703,2025-12-11,142,1968,PRIVATE,3,Scarborough Centre,2025,2025-12-11
3781,4152704,2026-09-17,34,1969,PRIVATE,3,Scarborough Centre,2026,2026-09-17
3784,4152705,2025-09-03,33,1969,PRIVATE,3,Scarborough Centre,2025,2025-09-03
3870,4152706,2025-09-03,62,1961,PRIVATE,3,Scarborough Centre,2025,2025-09-03
3872,4152707,2025-09-03,59,1961,PRIVATE,3,Scarborough Centre,2025,2025-09-03
3874,4152708,2025-10-11,50,1954,PRIVATE,3,Scarborough Centre,2025,2025-10-11
3875,4152709,2024-07-02,54,1967,PRIVATE,3,Scarborough Centre,2024,2024-07-02
3876,4152710,2026-09-22,34,1957,PRIVATE,3,Scarborough Centre,2026,2026-09-22
3878,4152711,2024-09-16,82,1961,PRIVATE,3,Scarborough Centre,2024,2024-09-16
3879,4152712,2024-09-16,32,1965,PRIVATE,3,Scarborough Centre,2024,2024-09-16
3880,4152713,2025-11-24,29,1960,PRIVATE,3,Scarborough Centre,2025,2025-11-24
3883,4152714,2025-10-11,77,1961,PRIVATE,3,Scarborough Centre,2025,2025-10-11
4012,4152715,2026-09-02,26,1960,PRIVATE,3,Scarborough Centre,2026,2026-09-02
4011,4152716,2025-11-28,33,1968,PRIVATE,3,Scarborough Centre,2025,2025-11-28
4009,4152717,2024-08-09,64,1962,PRIVATE,1,Scarborough Centre,2024,2024-08-09
5147,4152718,2026-08-24,28,1967,PRIVATE,3,Scarborough Centre,2026,2026-08-24
5149,4152719,2025-09-08,21,1960,PRIVATE,3,Scarborough Centre,2025,2025-09-08
5158,4152720,2025-09-05,46,1950,PRIVATE,1,Scarborough Centre,2025,2025-09-05
5151,4152722,2025-09-06,52,1956,PRIVATE,3,Scarborough Centre,2025,2025-09-06
406,4152723,2024-09-11,139,1984,PRIVATE,1,Scarborough Centre,2024,2024-09-11
407,4152724,2024-09-17,140,1974,PRIVATE,3,Scarborough Centre,2024,2024-09-17
6331,4152725,2025-09-09,192,1974,PRIVATE,3,Scarborough Centre,2025,2025-09-09
6325,4152726,2025-09-17,167,1971,PRIVATE,3,Scarborough Centre,2025,2025-09-17
6323,4152727,2024-10-01,167,1970,PRIVATE,3,Scarborough Centre,2024,2024-10-01
6329,4152728,2025-09-09,135,1972,PRIVATE,3,Scarborough Centre,2025,2025-09-09
6328,4152729,2026-08-21,177,1971,PRIVATE,3,Scarborough Centre,2026,2026-08-21
6146,4152730,2025-08-26,254,1969,PRIVATE,3,Scarborough Centre,2025,2025-08-26
90,4152731,2024-09-12,82,1961,PRIVATE,3,Scarborough Centre,2024,2024-09-12
88,4152732,2025-11-26,82,1956,PRIVATE,3,Scarborough Centre,2025,2025-11-26
1219,4152734,2025-10-24,65,1967,PRIVATE,3,Scarborough Centre,2025,2025-10-24
1220,4152735,2024-07-22,32,1976,PRIVATE,3,Scarborough Centre,2024,2024-07-22
1222,4152736,2026-07-20,27,1976,PRIVATE,3,Scarborough Centre,2026,2026-07-20
4018,4152737,2024-09-06,200,1960,TCHC,3,Scarborough Centre,2024,2024-09-06
4019,4152738,2024-08-27,170,1989,SOCIAL HOUSING,3,Scarborough Centre,2024,2024-08-27
4025,4152739,2026-09-17,48,1960,PRIVATE,3,Scarborough-Guildwood,2026,2026-09-17
5826,4152740,2026-08-26,180,1965,PRIVATE,3,Scarborough-Guildwood,2026,2026-08-26
3391,4152741,2024-10-02,181,1965,PRIVATE,2,Scarborough-Guildwood,2024,2024-10-02
3393,4152742,2025-11-05,295,1967,PRIVATE,3,Scarborough-Guildwood,2025,2025-11-05
536,4152743,2025-11-21,60,1962,PRIVATE,3,Scarborough-Guildwood,2025,2025-11-21
538,4152744,2025-11-21,70,1962,PRIVATE,3,Scarborough-Guildwood,2025,2025-11-21
539,4152745,2026-08-11,112,1960,PRIVATE,3,Scarborough-Guildwood,2026,2026-08-11
4063,4152747,2026-08-20,23,1965,PRIVATE,3,Scarborough Southwest,2026,2026-08-20
4148,4152749,2026-07-27,149,1967,PRIVATE,2,Scarborough Centre,2026,2026-07-27
390,4152750,2025-09-02,192,1954,PRIVATE,3,Scarborough Centre,2025,2025-09-02
6081,4152751,2026-09-14,67,1969,PRIVATE,3,Scarborough Centre,2026,2026-09-14
6083,4152752,2026-09-14,48,1967,PRIVATE,3,Scarborough Centre,2026,2026-09-14
6085,4152753,2025-11-18,173,1962,PRIVATE,3,Scarborough Centre,2025,2025-11-18
6087,4152754,2025-08-30,225,1965,PRIVATE,3,Scarborough Centre,2025,2025-08-30
6174,4152755,2025-11-18,172,1963,PRIVATE,3,Scarborough Centre,2025,2025-11-18
6076,4152756,2024-08-06,95,1960,PRIVATE,3,Scarborough Centre,2024,2024-08-06
4149,4152758,2025-11-25,115,1965,PRIVATE,3,Scarborough Centre,2025,2025-11-25
4151,4152759,2024-09-30,144,1972,PRIVATE,3,Scarborough Centre,2024,2024-09-30
4152,4152760,2026-07-27,144,1950,PRIVATE,3,Scarborough Centre,2026,2026-07-27
6075,4152761,2024-08-13,114,1958,PRIVATE,3,Scarborough Centre,2024,2024-08-13
115,4152762,2025-10-28,66,1963,PRIVATE,3,Scarborough Centre,2025,2025-10-28
4039,4152763,2025-10-07,207,1965,PRIVATE,3,Scarborough Centre,2025,2025-10-07
123,4152764,2026-09-05,131,1969,PRIVATE,3,Scarborough Centre,2026,2026-09-05
116,4152765,2025-10-29,58,1960,PRIVATE,3,Scarborough Centre,2025,2025-10-29
6080,4152767,2025-11-10,138,1967,PRIVATE,3,Scarborough Centre,2025,2025-11-10
6252,4152768,2025-08-27,250,1964,PRIVATE,3,Scarborough Centre,2025,2025-08-27
6254,4152771,2026-07-07,253,1971,PRIVATE,3,Scarborough Centre,2026,2026-07-07
4022,4152773,2025-10-28,123,1960,PRIVATE,3,Scarborough Centre,2025,2025-10-28
4021,4152774,2025-11-25,110,1964,PRIVATE,3,Scarborough Centre,2025,2025-11-25
5823,4152775,2025-10-31,58,1961,PRIVATE,3,Scarborough Southwest,2025,2025-10-31
5825,4152777,2025-07-07,330,1979,TCHC,3,Scarborough Southwest,2025,2025-07-07
4443,4152778,2026-07-15,18,1960,PRIVATE,3,Scarborough Southwest,2026,2026-07-15
4444,4152779,2025-08-18,53,1968,PRIVATE,3,Scarborough Southwest,2025,2025-08-18
4268,4152780,2026-08-25,90,1964,PRIVATE,3,Scarborough Southwest,2026,2026-08-25
4269,4152781,2026-08-25,83,1964,PRIVATE,3,Scarborough Southwest,2026,2026-08-25
855,4152782,2026-09-16,55,1965,PRIVATE,3,Scarborough Southwest,2026,2026-09-16
854,4152783,2025-10-08,88,1964,PRIVATE,3,Scarborough Southwest,2025,2025-10-08
2352,4152784,2026-09-09,100,1967,PRIVATE,3,Scarborough Southwest,2026,2026-09-09
4446,4152786,2025-09-27,133,1992,SOCIAL HOUSING,3,Scarborough-Guildwood,2025,2025-09-27
1520,4152787,2025-08-19,70,1965,PRIVATE,3,Scarborough Southwest,2025,2025-08-19
1521,4152788,2026-06-22,70,1953,PRIVATE,3,Scarborough Southwest,2026,2026-06-22
1523,4152789,2026-06-18,81,1960,PRIVATE,3,Scarborough Southwest,2026,2026-06-18
1526,4152790,2026-06-18,82,1960,PRIVATE,3,Scarborough Southwest,2026,2026-06-18
1528,4152791,2026-07-07,166,1969,PRIVATE,3,Scarborough Southwest,2026,2026-07-07
6089,4152794,2026-06-01,306,1970,TCHC,3,Scarborough Southwest,2026,2026-06-01
1517,4152795,2026-06-16,79,1968,PRIVATE,3,Scarborough Southwest,2026,2026-06-16
3930,4152796,2025-08-19,53,1981,SOCIAL HOUSING,3,Scarborough Southwest,2025,2025-08-19
3381,4152797,2025-09-16,193,1968,PRIVATE,3,Scarborough-Guildwood,2025,2025-09-16
5635,4152798,2025-10-06,193,1965,PRIVATE,3,Scarborough-Guildwood,2025,2025-10-06
5637,4152799,2026-08-06,236,1965,PRIVATE,3,Scarborough-Guildwood,2026,2026-08-06
3383,4152800,2026-09-16,229,1969,PRIVATE,3,Scarborough-Guildwood,2026,2026-09-16
6704,4152801,2025-10-08,86,1961,PRIVATE,3,Scarborough-Guildwood,2025,2025-10-08
1535,4152802,2026-08-12,214,1975,PRIVATE,3,Scarborough-Guildwood,2026,2026-08-12
1534,4152803,2026-07-10,221,1965,PRIVATE,3,Scarborough-Guildwood,2026,2026-07-10
610,4152804,2026-08-13,74,1960,PRIVATE,3,Scarborough-Guildwood,2026,2026-08-13
4675,4152805,2025-11-10,188,1966,PRIVATE,3,Scarborough-Guildwood,2025,2025-11-10
4676,4152806,2024-09-17,174,1966,PRIVATE,3,Scarborough-Guildwood,2024,2024-09-17
4448,4152807,2025-11-05,174,1967,PRIVATE,3,Scarborough-Guildwood,2025,2025-11-05
3386,4152808,2025-09-16,254,1977,PRIVATE,3,Scarborough-Guildwood,2025,2025-09-16
3387,4152809,2025-11-03,160,1970,PRIVATE,3,Scarborough-Guildwood,2025,2025-11-03
3389,4152810,2024-09-30,159,1969,PRIVATE,3,Scarborough-Guildwood,2024,2024-09-30
2995,4152811,2024-10-07,112,1991,SOCIAL HOUSING,3,Scarborough-Guildwood,2024,2024-10-07
3390,4152812,2024-10-02,115,1995,SOCIAL HOUSING,3,Scarborough-Guildwood,2024,2024-10-02
5394,4152813,2024-09-11,133,1964,PRIVATE,3,Scarborough-Guildwood,2024,2024-09-11
552,4152814,2025-11-03,136,1970,PRIVATE,3,Scarborough-Guildwood,2025,2025-11-03
555,4152815,2025-09-23,400,1977,TCHC,3,Scarborough-Guildwood,2025,2025-09-23
2996,4152816,2024-09-16,200,1960,PRIVATE,3,Scarborough-Guildwood,2024,2024-09-16
987,4152817,2025-09-23,100,1963,PRIVATE,3,Scarborough-Guildwood,2025,2025-09-23
554,4152818,2025-11-03,100,1962,PRIVATE,3,Scarborough-Guildwood,2025,2025-11-03
2997,4152819,2024-09-24,224,1968,PRIVATE,3,Scarborough-Guildwood,2024,2024-09-24
4029,4152820,2026-09-18,90,1964,PRIVATE,3,Scarborough-Guildwood,2026,2026-09-18
4032,4152821,2025-11-29,88,1970,PRIVATE,3,Scarborough-Guildwood,2025,2025-11-29
4036,4152822,2025-11-12,114,1975,PRIVATE,3,Scarborough-Guildwood,2025,2025-11-12
4028,4152823,2025-10-08,105,1972,PRIVATE,3,Scarborough-Guildwood,2025,2025-10-08
124,4152825,2024-07-22,210,1968,PRIVATE,3,Scarborough-Guildwood,2024,2024-07-22
125,4152826,2024-07-22,210,1970,PRIVATE,3,Scarborough-Guildwood,2024,2024-07-22
127,4152827,2025-09-24,214,1968,PRIVATE,3,Scarborough-Guildwood,2025,2025-09-24
128,4152828,2024-07-22,216,1970,PRIVATE,3,Scarborough-Guildwood,2024,2024-07-22
130,4152829,2025-09-24,378,1971,TCHC,3,Scarborough-Guildwood,2025,2025-09-24
4131,4152830,2026-09-22,164,1967,PRIVATE,3,Scarborough-Guildwood,2026,2026-09-22
2278,4152831,2026-09-15,147,1967,PRIVATE,3,Scarborough-Guildwood,2026,2026-09-15
79,4152832,2024-09-17,200,1974,PRIVATE,3,Scarborough-Guildwood,2024,2024-09-17
4385,4152833,2024-09-13,165,1973,PRIVATE,3,Scarborough-Guildwood,2024,2024-09-13
4285,4152834,2025-11-04,265,1972,PRIVATE,3,Scarborough-Guildwood,2025,2025-11-04
4283,4152835,2026-07-09,264,1976,PRIVATE,3,Scarborough-Guildwood,2026,2026-07-09
4678,4152836,2025-11-07,200,1979,PRIVATE,3,Scarborough-Guildwood,2025,2025-11-07
6207,4152837,2026-07-31,25,1992,SOCIAL HOUSING,3,Scarborough-Guildwood,2026,2026-07-31
4450,4152838,2025-09-27,39,1985,SOCIAL HOUSING,3,Scarborough-Guildwood,2025,2025-09-27
4141,4152839,2025-10-14,375,1974,TCHC,3,Scarborough-Guildwood,2025,2025-10-14
4378,4152841,2026-08-19,110,1965,PRIVATE,3,Scarborough-Rouge Park,2026,2026-08-19
4143,4152842,2025-11-12,345,1974,TCHC,3,Scarborough-Rouge Park,2025,2025-11-12
688,4152843,2025-10-06,60,1994,SOCIAL HOUSING,3,Scarborough-Guildwood,2025,2025-10-06
4136,4152844,2024-10-08,38,1970,PRIVATE,3,Scarborough-Guildwood,2024,2024-10-08
4135,4152845,2024-09-13,220,1967,PRIVATE,3,Scarborough-Guildwood,2024,2024-09-13
4134,4152846,2025-09-15,141,1967,PRIVATE,3,Scarborough-Guildwood,2025,2025-09-15
4384,4152847,2024-09-17,107,1960,PRIVATE,2,Scarborough-Guildwood,2024,2024-09-17
4383,4152848,2025-10-22,165,1972,PRIVATE,3,Scarborough-Guildwood,2025,2025-10-22
1036,4152851,2026-09-17,219,1970,PRIVATE,3,Scarborough-Agincourt,2026,2026-09-17
2425,4152852,2026-08-13,178,1972,PRIVATE,3,Scarborough-Agincourt,2026,2026-08-13
4960,4152853,2024-09-05,189,1970,PRIVATE,3,Scarborough-Agincourt,2024,2024-09-05
2033,4152854,2025-09-10,293,1975,TCHC,3,Scarborough-Agincourt,2025,2025-09-10
804,4152855,2026-08-07,206,1973,PRIVATE,3,Scarborough-Agincourt,2026,2026-08-07
6119,4152856,2026-09-10,188,1971,PRIVATE,3,Scarborough-Agincourt,2026,2026-09-10
5168,4152857,2025-09-30,186,1971,PRIVATE,3,Scarborough-Agincourt,2025,2025-09-30
5166,4152858,2026-07-30,190,1972,PRIVATE,3,Scarborough-Agincourt,2026,2026-07-30
6030,4152859,2024-09-23,281,1974,PRIVATE,3,Scarborough-Agincourt,2024,2024-09-23
989,4152860,2026-09-11,153,1977,PRIVATE,3,Scarborough-Agincourt,2026,2026-09-11
6444,4152861,2025-10-27,175,1974,PRIVATE,3,Scarborough-Agincourt,2025,2025-10-27
6442,4152862,2025-10-27,167,1974,PRIVATE,3,Scarborough-Agincourt,2025,2025-10-27
5821,4152864,2024-10-01,175,1974,PRIVATE,3,Scarborough-Agincourt,2024,2024-10-01
2034,4152865,2024-09-18,252,1974,PRIVATE,3,Scarborough-Agincourt,2024,2024-09-18
5126,4152866,2024-10-01,332,1978,PRIVATE,3,Scarborough-Agincourt,2024,2024-10-01
5160,4152867,2026-07-08,44,1967,PRIVATE,0,Scarborough-Agincourt,2026,2026-07-08
5162,4152868,2026-07-09,27,1974,PRIVATE,3,Scarborough-Agincourt,2026,2026-07-09
5164,4152869,2026-07-29,40,1979,PRIVATE,3,Scarborough-Agincourt,2026,2026-07-29
1037,4152870,2025-11-19,52,1968,PRIVATE,1,Scarborough-Agincourt,2025,2025-11-19
1040,4152871,2025-11-19,37,1969,PRIVATE,3,Scarborough-Agincourt,2025,2025-11-19
1042,4152872,2025-11-19,300,1975,TCHC,3,Scarborough-Agincourt,2025,2025-11-19
1044,4152873,2026-09-18,106,1969,PRIVATE,3,Scarborough-Agincourt,2026,2026-09-18
1046,4152874,2026-09-22,154,1960,PRIVATE,3,Scarborough-Agincourt,2026,2026-09-22
3885,4152875,2026-08-18,136,1960,PRIVATE,3,Scarborough-Agincourt,2026,2026-08-18
6389,4152876,2026-08-05,196,1974,PRIVATE,3,Scarborough-Agincourt,2026,2026-08-05
6391,4152877,2026-08-10,195,1970,PRIVATE,3,Scarborough-Agincourt,2026,2026-08-10
6392,4152878,2026-09-08,195,1971,PRIVATE,3,Scarborough-Agincourt,2026,2026-09-08
6395,4152879,2025-10-20,196,1974,PRIVATE,3,Scarborough-Agincourt,2025,2025-10-20
6481,4152880,2025-10-20,197,1974,PRIVATE,3,Scarborough-Agincourt,2025,2025-10-20
2047,4152883,2024-10-08,246,1974,PRIVATE,1,Scarborough North,2024,2024-10-08
3892,4152884,2024-10-07,94,1980,PRIVATE,3,Scarborough North,2024,2024-10-07
4266,4152885,2025-10-08,150,1982,SOCIAL HOUSING,3,Scarborough North,2025,2025-10-08
6402,4152887,2024-09-05,249,1979,PRIVATE,3,Scarborough-Rouge Park,2024,2024-09-05
741,4152889,2026-07-23,108,1975,PRIVATE,3,Scarborough-Rouge Park,2026,2026-07-23
1047,4152892,2024-10-08,120,1970,PRIVATE,3,Scarborough North,2024,2024-10-08
4598,4152893,2026-06-23,126,1991,TCHC,3,Scarborough-Rouge Park,2026,2026-06-23
4600,4152894,2025-10-08,124,1993,TCHC,3,Scarborough-Rouge Park,2025,2025-10-08
5292,4152898,2026-07-30,38,1958,PRIVATE,3,Parkdale-High Park,2026,2026-07-30
5294,4152899,2025-07-28,86,1957,PRIVATE,3,Parkdale-High Park,2025,2025-07-28
5296,4152900,2026-07-22,47,1955,PRIVATE,3,Parkdale-High Park,2026,2026-07-22
4373,4152901,2024-08-22,36,1957,PRIVATE,3,Parkdale-High Park,2024,2024-08-22
5586,4152902,2026-07-14,22,1938,PRIVATE,1,Parkdale-High Park,2026,2026-07-14
5588,4152903,2026-07-14,34,1940,PRIVATE,3,Parkdale-High Park,2026,2026-07-14
5496,4152904,2025-11-13,12,1920,PRIVATE,3,Parkdale-High Park,2025,2025-11-13
3807,4152905,2026-08-24,68,1993,SOCIAL HOUSING,3,Parkdale-High Park,2026,2026-08-24
2923,4152907,2025-07-22,28,1967,PRIVATE,3,Parkdale-High Park,2025,2025-07-22
3760,4152908,2025-07-22,25,1967,PRIVATE,3,Parkdale-High Park,2025,2025-07-22
5492,4152909,2026-07-16,60,1930,PRIVATE,3,Parkdale-High Park,2026,2026-07-16
2926,4152911,2026-08-06,16,1960,PRIVATE,3,Parkdale-High Park,2026,2026-08-06
2928,4152912,2026-08-06,42,1927,PRIVATE,2,Parkdale-High Park,2026,2026-08-06
5498,4152915,2026-07-16,22,1923,PRIVATE,3,Parkdale-High Park,2026,2026-07-16
5500,4152916,2026-08-20,19,1935,PRIVATE,3,Parkdale-High Park,2026,2026-08-20
6263,4152917,2025-07-25,15,1935,PRIVATE,3,Parkdale-High Park,2025,2025-07-25
4087,4152919,2025-11-14,18,1910,PRIVATE,3,Parkdale-High Park,2025,2025-11-14
4089,4152920,2026-08-11,18,1910,PRIVATE,3,Parkdale-High Park,2026,2026-08-11
2930,4152921,2025-07-30,36,1975,PRIVATE,3,Parkdale-High Park,2025,2025-07-30
4091,4152922,2025-07-31,32,1960,PRIVATE,3,Parkdale-High Park,2025,2025-07-31
403,4152923,2026-08-18,35,1965,PRIVATE,3,Parkdale-High Park,2026,2026-08-18
2196,4152924,2026-09-17,121,1992,TCHC,3,Davenport,2026,2026-09-17
2191,4152925,2025-06-17,95,1994,TCHC,3,Davenport,2025,2025-06-17
5389,4152926,2025-08-15,94,1992,SOCIAL HOUSING,3,Parkdale-High Park,2025,2025-08-15
5478,4152927,2025-08-14,115,1982,SOCIAL HOUSING,3,Parkdale-High Park,2025,2025-08-14
5482,4152928,2025-08-15,21,1924,PRIVATE,3,Parkdale-High Park,2025,2025-08-15
4489,4152929,2025-08-26,221,1965,PRIVATE,3,Parkdale-High Park,2025,2025-08-26
3707,4152930,2025-11-26,171,1986,PRIVATE,3,Parkdale-High Park,2025,2025-11-26
3619,4152931,2025-08-07,216,1965,PRIVATE,3,Parkdale-High Park,2025,2025-08-07
3245,4152932,2026-08-25,21,1926,PRIVATE,3,Parkdale-High Park,2026,2026-08-25
455,4152933,2025-11-19,233,1973,PRIVATE,3,Parkdale-High Park,2025,2025-11-19
2070,4152934,2026-09-15,330,1969,PRIVATE,3,Parkdale-High Park,2026,2026-09-15
3249,4152935,2026-08-27,331,1969,PRIVATE,3,Parkdale-High Park,2026,2026-08-27
5484,4152936,2026-07-09,16,1914,PRIVATE,3,Parkdale-High Park,2026,2026-07-09
5486,4152937,2025-07-30,16,1914,PRIVATE,3,Parkdale-High Park,2025,2025-07-30
5488,4152938,2026-07-09,16,1940,PRIVATE,3,Parkdale-High Park,2026,2026-07-09
5490,4152939,2026-07-09,16,1940,PRIVATE,3,Parkdale-High Park,2026,2026-07-09
5494,4152940,2025-11-13,24,1929,PRIVATE,2,Parkdale-High Park,2025,2025-11-13
4631,4152941,2026-08-27,42,1958,PRIVATE,2,Parkdale-High Park,2026,2026-08-27
5443,4152942,2026-07-16,10,1920,PRIVATE,3,Davenport,2026,2026-07-16
3257,4152943,2026-08-25,10,1940,PRIVATE,3,Parkdale-High Park,2026,2026-08-25
5663,4152945,2025-08-25,21,1992,SOCIAL HOUSING,3,Parkdale-High Park,2025,2025-08-25
5660,4152946,2026-08-18,30,1997,SOCIAL HOUSING,3,Parkdale-High Park,2026,2026-08-18
4038,4152948,2026-09-17,61,1994,SOCIAL HOUSING,3,York South-Weston,2026,2026-09-17
798,4152950,2025-06-25,41,1962,PRIVATE,3,Parkdale-High Park,2025,2025-06-25
189,4152951,2025-06-25,70,1957,PRIVATE,3,Parkdale-High Park,2025,2025-06-25
145,4152952,2025-06-27,108,1963,PRIVATE,3,Parkdale-High Park,2025,2025-06-27
153,4152953,2026-07-28,216,1963,PRIVATE,3,Parkdale-High Park,2026,2026-07-28
5213,4152954,2025-07-08,251,1964,PRIVATE,3,Parkdale-High Park,2025,2025-07-08
778,4152955,2026-07-02,54,1959,PRIVATE,2,Parkdale-High Park,2026,2026-07-02
779,4152956,2026-07-02,54,1965,PRIVATE,3,Parkdale-High Park,2026,2026-07-02
782,4152957,2025-07-07,80,1960,PRIVATE,3,Parkdale-High Park,2025,2025-07-07
786,4152958,2025-07-07,60,1962,PRIVATE,3,Parkdale-High Park,2025,2025-07-07
788,4152959,2025-07-21,19,1939,PRIVATE,3,Parkdale-High Park,2025,2025-07-21
790,4152960,2026-08-20,19,1939,PRIVATE,3,Parkdale-High Park,2026,2026-08-20
791,4152961,2026-07-07,72,1960,PRIVATE,3,Parkdale-High Park,2026,2026-07-07
793,4152962,2026-07-07,56,1952,PRIVATE,3,Parkdale-High Park,2026,2026-07-07
3989,4152964,2026-07-23,189,1972,PRIVATE,3,Parkdale-High Park,2026,2026-07-23
151,4152965,2025-07-08,39,1957,PRIVATE,3,Parkdale-High Park,2025,2025-07-08
148,4152966,2026-07-30,28,1956,PRIVATE,3,Parkdale-High Park,2026,2026-07-30
147,4152967,2026-08-04,93,1965,PRIVATE,1,Parkdale-High Park,2026,2026-08-04
142,4152968,2025-07-17,27,1960,PRIVATE,3,Parkdale-High Park,2025,2025-07-17
195,4152969,2025-07-17,26,1960,PRIVATE,3,Parkdale-High Park,2025,2025-07-17
194,4152970,2026-08-04,54,1992,TCHC,3,Parkdale-High Park,2026,2026-08-04
192,4152971,2025-06-26,48,1965,PRIVATE,3,Parkdale-High Park,2025,2025-06-26
187,4152972,2026-07-30,120,1962,PRIVATE,3,Parkdale-High Park,2026,2026-07-30
186,4152973,2025-06-26,69,1959,PRIVATE,3,Parkdale-High Park,2025,2025-06-26
184,4152974,2025-06-26,65,1965,PRIVATE,3,Parkdale-High Park,2025,2025-06-26
181,4152975,2025-06-25,73,1965,PRIVATE,3,Parkdale-High Park,2025,2025-06-25
5422,4152976,2025-07-09,29,1931,PRIVATE,1,Parkdale-High Park,2025,2025-07-09
5424,4152977,2026-06-23,21,1959,PRIVATE,3,Parkdale-High Park,2026,2026-06-23
3994,4152978,2026-07-23,136,1976,SOCIAL HOUSING,3,Parkdale-High Park,2026,2026-07-23
3865,4152979,2026-09-10,121,1962,PRIVATE,3,Parkdale-High Park,2026,2026-09-10
3868,4152980,2025-07-09,94,1959,PRIVATE,3,Parkdale-High Park,2025,2025-07-09
3955,4152981,2025-07-11,76,1967,PRIVATE,3,Parkdale-High Park,2025,2025-07-11
3958,4152982,2025-07-11,66,1956,PRIVATE,3,Parkdale-High Park,2025,2025-07-11
3964,4152983,2026-09-03,118,1968,PRIVATE,3,Parkdale-High Park,2026,2026-09-03
3970,4152984,2025-07-04,67,1955,PRIVATE,3,Parkdale-High Park,2025,2025-07-04
3976,4152985,2025-07-04,80,1960,PRIVATE,3,Parkdale-High Park,2025,2025-07-04
802,4152986,2025-07-04,20,1959,PRIVATE,3,Parkdale-High Park,2025,2025-07-04
3978,4152987,2025-07-02,28,1956,PRIVATE,3,Parkdale-High Park,2025,2025-07-02
3974,4152988,2025-06-30,23,1955,PRIVATE,3,Parkdale-High Park,2025,2025-06-30
3971,4152989,2026-09-08,108,1955,PRIVATE,3,Parkdale-High Park,2026,2026-09-08
3968,4152990,2025-07-21,90,1960,PRIVATE,3,Parkdale-High Park,2025,2025-07-21
3966,4152991,2025-07-21,91,1960,PRIVATE,3,Parkdale-High Park,2025,2025-07-21
3962,4152992,2025-07-14,80,1960,PRIVATE,3,Parkdale-High Park,2025,2025-07-14
3960,4152993,2025-07-11,72,1977,PRIVATE,3,Parkdale-High Park,2025,2025-07-11
3954,4152994,2025-07-09,61,1959,PRIVATE,3,Parkdale-High Park,2025,2025-07-09
5094,4152995,2025-07-14,138,1989,TCHC,3,Parkdale-High Park,2025,2025-07-14
5095,4152996,2025-07-14,111,1955,PRIVATE,3,Parkdale-High Park,2025,2025-07-14
5098,4152997,2025-07-15,70,1965,PRIVATE,3,Parkdale-High Park,2025,2025-07-15
4000,4152998,2026-07-21,59,1992,TCHC,3,Parkdale-High Park,2026,2026-07-21
4004,4152999,2025-07-28,44,1960,PRIVATE,3,Parkdale-High Park,2025,2025-07-28
4001,4153000,2025-07-16,48,1917,PRIVATE,1,Parkdale-High Park,2025,2025-07-16
5100,4153001,2025-07-15,18,1900,PRIVATE,1,Parkdale-High Park,2025,2025-07-15
4094,4153002,2026-07-23,18,1910,PRIVATE,1,Parkdale-High Park,2026,2026-07-23
2175,4153003,2026-06-18,42,1922,PRIVATE,3,Parkdale-High Park,2026,2026-06-18
2173,4153004,2025-06-23,74,1900,PRIVATE,3,Parkdale-High Park,2025,2025-06-23
2171,4153005,2026-06-18,41,1900,PRIVATE,3,Parkdale-High Park,2026,2026-06-18
1983,4153006,2024-09-05,25,1970,PRIVATE,1,Parkdale-High Park,2024,2024-09-05
4005,4153007,2026-07-21,15,1952,PRIVATE,1,Parkdale-High Park,2026,2026-07-21
4008,4153008,2025-07-15,15,1900,PRIVATE,1,Parkdale-High Park,2025,2025-07-15
2168,4153009,2025-06-25,38,1912,PRIVATE,1,Parkdale-High Park,2025,2025-06-25
5112,4153010,2026-06-25,29,2010,SOCIAL HOUSING,3,Parkdale-High Park,2026,2026-06-25
5106,4153012,2026-07-28,66,1958,PRIVATE,3,Parkdale-High Park,2026,2026-07-28
5103,4153013,2026-06-25,68,1973,PRIVATE,3,Parkdale-High Park,2026,2026-06-25
5102,4153014,2025-07-15,27,1930,PRIVATE,3,Parkdale-High Park,2025,2025-07-15
3949,4153015,2025-06-16,44,1960,PRIVATE,3,Parkdale-High Park,2025,2025-06-16
3945,4153016,2025-07-07,36,1978,PRIVATE,3,Parkdale-High Park,2025,2025-07-07
3942,4153017,2026-06-23,117,1964,PRIVATE,3,Parkdale-High Park,2026,2026-06-23
4074,4153018,2025-06-30,86,1960,PRIVATE,3,Parkdale-High Park,2025,2025-06-30
4070,4153019,2024-07-31,61,1959,PRIVATE,3,Parkdale-High Park,2024,2024-07-31
4066,4153020,2026-09-02,96,1967,PRIVATE,3,Parkdale-High Park,2026,2026-09-02
3997,4153021,2026-08-28,77,1967,PRIVATE,3,Parkdale-High Park,2026,2026-08-28
4564,4153022,2025-06-16,42,1953,TCHC,3,Parkdale-High Park,2025,2025-06-16
4081,4153023,2026-09-09,62,1963,PRIVATE,3,Parkdale-High Park,2026,2026-09-09
4078,4153024,2026-09-09,47,1960,PRIVATE,3,Parkdale-High Park,2026,2026-09-09
4077,4153025,2025-11-25,82,1965,PRIVATE,1,Parkdale-High Park,2025,2025-11-25
5108,4153026,2025-06-19,10,1917,PRIVATE,3,Parkdale-High Park,2025,2025-06-19
2165,4153027,2024-07-12,11,1917,PRIVATE,1,Parkdale-High Park,2024,2024-07-12
4082,4153029,2025-06-18,100,1962,PRIVATE,3,Parkdale-High Park,2025,2025-06-18
3979,4153030,2026-09-01,48,1910,SOCIAL HOUSING,3,Parkdale-High Park,2026,2026-09-01
3981,4153031,2026-09-01,66,1965,PRIVATE,3,Parkdale-High Park,2026,2026-09-01
4068,4153032,2025-06-17,82,1965,PRIVATE,3,Parkdale-High Park,2025,2025-06-17
4071,4153033,2026-09-03,72,1957,PRIVATE,1,Parkdale-High Park,2026,2026-09-03
4075,4153034,2024-06-27,73,1957,PRIVATE,3,Parkdale-High Park,2024,2024-06-27
2164,4153035,2025-06-20,23,1910,SOCIAL HOUSING,3,Parkdale-High Park,2025,2025-06-20
3996,4153036,2026-07-21,18,1916,PRIVATE,3,Parkdale-High Park,2026,2026-07-21
5425,4153037,2024-09-10,72,1992,SOCIAL HOUSING,3,Parkdale-High Park,2024,2024-09-10
3992,4153038,2026-07-29,16,1890,PRIVATE,3,Parkdale-High Park,2026,2026-07-29
1247,4153040,2025-06-23,33,1968,PRIVATE,1,Parkdale-High Park,2025,2025-06-23
1241,4153041,2026-07-16,12,1931,PRIVATE,3,Parkdale-High Park,2026,2026-07-16
1242,4153042,2026-07-23,12,1957,PRIVATE,0,Parkdale-High Park,2026,2026-07-23
1245,4153043,2026-07-27,12,1931,PRIVATE,3,Parkdale-High Park,2026,2026-07-27
3204,4153045,2025-07-18,30,1940,PRIVATE,3,Parkdale-High Park,2025,2025-07-18
3629,4153046,2025-08-01,21,1960,PRIVATE,1,Parkdale-High Park,2025,2025-08-01
3631,4153047,2025-07-17,38,1970,PRIVATE,3,Parkdale-High Park,2025,2025-07-17
3208,4153049,2026-08-24,22,1969,PRIVATE,3,Parkdale-High Park,2026,2026-08-24
3206,4153050,2026-08-24,22,1967,PRIVATE,3,Parkdale-High Park,2026,2026-08-24
3212,4153051,2025-11-19,13,1914,PRIVATE,3,Parkdale-High Park,2025,2025-11-19
3214,4153052,2025-07-25,16,1918,PRIVATE,3,Parkdale-High Park,2025,2025-07-25
3220,4153053,2025-08-07,39,1960,PRIVATE,3,Parkdale-High Park,2025,2025-08-07
2357,4153054,2025-08-15,75,1990,SOCIAL HOUSING,3,Parkdale-High Park,2025,2025-08-15
5479,4153055,2025-08-14,80,1992,SOCIAL HOUSING,3,Parkdale-High Park,2025,2025-08-14
5475,4153056,2026-08-24,24,1930,PRIVATE,0,Parkdale-High Park,2026,2026-08-24
5390,4153057,2026-08-24,46,1960,PRIVATE,3,Parkdale-High Park,2026,2026-08-24
5387,4153058,2025-08-15,48,1930,PRIVATE,3,Parkdale-High Park,2025,2025-08-15
4831,4153059,2025-06-20,18,1935,PRIVATE,3,Parkdale-High Park,2025,2025-06-20
3596,4153061,2024-07-19,32,1970,PRIVATE,3,Parkdale-High Park,2024,2024-07-19
3597,4153062,2024-07-19,13,1918,TCHC,3,Parkdale-High Park,2024,2024-07-19
2574,4153063,2026-09-17,299,1959,TCHC,3,Parkdale-High Park,2026,2026-09-17
3700,4153064,2026-08-26,26,1979,PRIVATE,3,Parkdale-High Park,2026,2026-08-26
3698,4153065,2024-07-12,21,1897,SOCIAL HOUSING,3,Parkdale-High Park,2024,2024-07-12
110,4153066,2024-07-12,281,1966,PRIVATE,3,Parkdale-High Park,2024,2024-07-12
3200,4153067,2025-11-28,38,1967,PRIVATE,3,Parkdale-High Park,2025,2025-11-28
1361,4153068,2025-07-18,66,1952,PRIVATE,3,Parkdale-High Park,2025,2025-07-18
3216,4153071,2026-09-04,15,1920,PRIVATE,2,Parkdale-High Park,2026,2026-09-04
3217,4153072,2025-09-26,15,1930,PRIVATE,3,Parkdale-High Park,2025,2025-09-26
5651,4153074,2025-07-21,12,1911,PRIVATE,3,Davenport,2025,2025-07-21
1115,4153077,2026-09-17,68,1966,PRIVATE,3,Davenport,2026,2026-09-17
4989,4153093,2025-07-14,134,1995,SOCIAL HOUSING,3,Davenport,2025,2025-07-14
5092,4153094,2025-07-16,19,2008,PRIVATE,3,Davenport,2025,2025-07-16
6418,4153095,2025-07-14,16,1930,PRIVATE,1,Davenport,2025,2025-07-14
3702,4153099,2025-07-11,30,1985,PRIVATE,3,Davenport,2025,2025-07-11
3788,4153101,2025-07-17,20,2003,SOCIAL HOUSING,3,Davenport,2025,2025-07-17
910,4153102,2026-09-21,275,1974,PRIVATE,3,Davenport,2026,2026-09-21
3791,4153103,2026-09-09,352,1973,PRIVATE,2,Davenport,2026,2026-09-09
2280,4153106,2025-06-18,13,1992,SOCIAL HOUSING,3,Davenport,2025,2025-06-18
6191,4153107,2026-09-22,186,1978,TCHC,3,Davenport,2026,2026-09-22
5716,4153108,2025-07-21,19,NA,PRIVATE,3,Davenport,2025,2025-07-21
3088,4153109,2025-07-09,104,1955,PRIVATE,3,Davenport,2025,2025-07-09
904,4153110,2026-08-26,23,1929,PRIVATE,2,Davenport,2026,2026-08-26
902,4153111,2026-08-24,24,1930,PRIVATE,3,Davenport,2026,2026-08-24
900,4153112,2025-06-19,24,1930,PRIVATE,3,Davenport,2025,2025-06-19
897,4153113,2025-06-19,23,1930,PRIVATE,3,Davenport,2025,2025-06-19
896,4153114,2026-08-25,16,1957,PRIVATE,3,Davenport,2026,2026-08-25
452,4153115,2026-09-10,15,1930,PRIVATE,2,Davenport,2026,2026-09-10
908,4153116,2026-07-13,11,1951,PRIVATE,3,Davenport,2026,2026-07-13
587,4153117,2025-07-09,44,1993,SOCIAL HOUSING,3,Davenport,2025,2025-07-09
5259,4153120,2026-08-20,119,1987,TCHC,3,Spadina-Fort York,2026,2026-08-20
2213,4153124,2026-08-19,106,1988,TCHC,3,Spadina-Fort York,2026,2026-08-19
3023,4153138,2026-08-26,200,1989,SOCIAL HOUSING,3,Spadina-Fort York,2026,2026-08-26
3114,4153140,2025-07-25,525,1970,PRIVATE,3,Spadina-Fort York,2025,2025-07-25
6099,4153142,2026-08-25,50,1987,SOCIAL HOUSING,3,Spadina-Fort York,2026,2026-08-25
1317,4153143,2026-07-07,16,1930,PRIVATE,3,Spadina-Fort York,2026,2026-07-07
5070,4153144,2025-08-12,18,1994,SOCIAL HOUSING,3,Spadina-Fort York,2025,2025-08-12
6240,4153145,2025-07-11,11,1932,PRIVATE,3,Davenport,2025,2025-07-11
2162,4153146,2026-07-13,25,1915,PRIVATE,1,Davenport,2026,2026-07-13
4996,4153147,2025-08-12,16,1912,PRIVATE,1,Spadina-Fort York,2025,2025-08-12
5649,4153148,2026-08-07,149,1986,SOCIAL HOUSING,3,Davenport,2026,2026-08-07
404,4153149,2025-07-16,27,1911,PRIVATE,3,Davenport,2025,2025-07-16
5301,4153150,2024-09-09,32,1912,PRIVATE,2,University-Rosedale,2024,2024-09-09
5303,4153151,2026-08-07,72,1929,PRIVATE,3,University-Rosedale,2026,2026-08-07
5003,4153152,2026-07-28,13,1930,PRIVATE,3,Davenport,2026,2026-07-28
3243,4153153,2026-07-14,31,1925,PRIVATE,3,Davenport,2026,2026-07-14
2935,4153154,2024-07-08,11,1940,PRIVATE,2,Davenport,2024,2024-07-08
2934,4153155,2025-06-16,22,1955,PRIVATE,3,Davenport,2025,2025-06-16
5221,4153156,2024-07-22,112,1967,SOCIAL HOUSING,3,Davenport,2024,2024-07-22
5186,4153157,2025-10-02,157,1989,TCHC,3,University-Rosedale,2025,2025-10-02
4870,4153158,2025-07-11,18,1905,PRIVATE,3,Davenport,2025,2025-07-11
5305,4153159,2026-09-03,43,1930,PRIVATE,3,Davenport,2026,2026-09-03
5223,4153160,2025-07-17,113,1971,PRIVATE,3,Davenport,2025,2025-07-17
5383,4153161,2025-07-15,11,1926,PRIVATE,3,Davenport,2025,2025-07-15
2936,4153164,2025-06-16,226,1968,PRIVATE,3,Davenport,2025,2025-06-16
5381,4153165,2026-07-10,26,1928,PRIVATE,1,Davenport,2026,2026-07-10
5090,4153166,2025-07-16,356,1967,PRIVATE,3,Davenport,2025,2025-07-16
4281,4153168,2025-07-31,24,1930,PRIVATE,3,University-Rosedale,2025,2025-07-31
5377,4153169,2026-07-17,16,1920,PRIVATE,3,University-Rosedale,2026,2026-07-17
5374,4153170,2026-07-17,12,1920,PRIVATE,0,University-Rosedale,2026,2026-07-17
2301,4153171,2025-08-18,32,1904,PRIVATE,1,University-Rosedale,2025,2025-08-18
2305,4153172,2025-08-18,21,1911,PRIVATE,3,University-Rosedale,2025,2025-08-18
2445,4153173,2025-09-02,63,1965,PRIVATE,1,University-Rosedale,2025,2025-09-02
2448,4153174,2026-08-21,78,1970,PRIVATE,3,University-Rosedale,2026,2026-08-21
2452,4153175,2026-08-07,38,1955,PRIVATE,3,University-Rosedale,2026,2026-08-07
1170,4153176,2024-09-13,103,1972,SOCIAL HOUSING,3,University-Rosedale,2024,2024-09-13
5369,4153178,2026-08-21,24,1919,PRIVATE,3,University-Rosedale,2026,2026-08-21
2456,4153179,2026-08-06,61,1971,PRIVATE,3,University-Rosedale,2026,2026-08-06
2454,4153180,2025-09-10,40,1960,PRIVATE,3,University-Rosedale,2025,2025-09-10
2450,4153181,2026-08-15,71,1960,PRIVATE,3,University-Rosedale,2026,2026-08-15
4968,4153182,2026-07-31,15,1965,PRIVATE,3,University-Rosedale,2026,2026-07-31
5228,4153183,2025-10-03,18,1919,PRIVATE,1,University-Rosedale,2025,2025-10-03
5230,4153184,2026-07-28,24,1929,PRIVATE,3,University-Rosedale,2026,2026-07-28
6264,4153185,2025-10-02,63,1960,PRIVATE,3,University-Rosedale,2025,2025-10-02
2464,4153186,2025-09-11,35,1958,PRIVATE,3,University-Rosedale,2025,2025-09-11
2462,4153187,2026-08-07,85,1960,PRIVATE,3,University-Rosedale,2026,2026-08-07
2460,4153188,2025-09-11,33,1961,PRIVATE,3,University-Rosedale,2025,2025-09-11
2458,4153189,2025-09-02,174,1966,PRIVATE,3,University-Rosedale,2025,2025-09-02
1178,4153190,2025-08-18,75,1965,PRIVATE,3,University-Rosedale,2025,2025-08-18
1179,4153192,2024-09-12,157,1963,PRIVATE,3,University-Rosedale,2024,2024-09-12
3427,4153194,2026-07-23,24,1920,PRIVATE,3,University-Rosedale,2026,2026-07-23
5435,4153195,2026-07-23,20,1913,PRIVATE,3,University-Rosedale,2026,2026-07-23
2754,4153196,2025-08-21,16,1900,PRIVATE,3,University-Rosedale,2025,2025-08-21
6244,4153199,2026-08-21,62,2004,PRIVATE,3,University-Rosedale,2026,2026-08-21
2059,4153207,2026-09-14,193,1968,PRIVATE,3,University-Rosedale,2026,2026-09-14
926,4153208,2026-08-25,130,1960,PRIVATE,3,University-Rosedale,2026,2026-08-25
928,4153209,2025-09-10,48,1968,PRIVATE,3,University-Rosedale,2025,2025-09-10
930,4153210,2026-08-28,48,1952,PRIVATE,3,University-Rosedale,2026,2026-08-28
932,4153211,2026-08-28,48,1962,PRIVATE,3,University-Rosedale,2026,2026-08-28
4804,4153212,2024-06-26,44,1955,PRIVATE,3,University-Rosedale,2024,2024-06-26
2061,4153213,2026-09-04,149,1968,PRIVATE,3,University-Rosedale,2026,2026-09-04
3623,4153214,2024-08-21,70,1965,PRIVATE,3,University-Rosedale,2024,2024-08-21
4914,4153215,2025-12-02,12,1989,TCHC,3,University-Rosedale,2025,2025-12-02
1176,4153217,2026-08-25,57,1957,PRIVATE,3,University-Rosedale,2026,2026-08-25
4921,4153218,2025-08-01,17,1907,PRIVATE,1,University-Rosedale,2025,2025-08-01
948,4153219,2025-09-12,64,1969,PRIVATE,3,University-Rosedale,2025,2025-09-12
946,4153220,2026-09-04,91,1955,PRIVATE,3,University-Rosedale,2026,2026-09-04
944,4153221,2026-09-14,68,1957,PRIVATE,3,University-Rosedale,2026,2026-09-14
942,4153222,2025-09-30,105,1968,PRIVATE,3,University-Rosedale,2025,2025-09-30
933,4153223,2025-09-10,62,1960,PRIVATE,3,University-Rosedale,2025,2025-09-10
936,4153224,2026-08-27,52,1956,PRIVATE,3,University-Rosedale,2026,2026-08-27
938,4153225,2026-08-27,58,1964,PRIVATE,3,University-Rosedale,2026,2026-08-27
939,4153226,2025-09-11,105,1967,PRIVATE,3,University-Rosedale,2025,2025-09-11
6177,4153229,2026-09-14,128,1980,TCHC,3,University-Rosedale,2026,2026-09-14
3303,4153230,2026-09-15,196,1965,PRIVATE,3,University-Rosedale,2026,2026-09-15
1991,4153231,2025-08-18,96,1972,SOCIAL HOUSING,3,University-Rosedale,2025,2025-08-18
950,4153232,2025-09-11,63,1958,PRIVATE,3,University-Rosedale,2025,2025-09-11
954,4153233,2025-09-10,74,1971,PRIVATE,3,University-Rosedale,2025,2025-09-10
6358,4153234,2026-09-22,82,1966,PRIVATE,3,University-Rosedale,2026,2026-09-22
3625,4153235,2026-07-17,15,1918,PRIVATE,3,University-Rosedale,2026,2026-07-17
955,4153236,2025-09-08,85,1967,PRIVATE,3,University-Rosedale,2025,2025-09-08
952,4153237,2026-09-03,88,1965,PRIVATE,3,University-Rosedale,2026,2026-09-03
3668,4153300,2026-08-06,59,1992,SOCIAL HOUSING,3,Toronto-St. Paul's,2026,2026-08-06
6103,4153334,2025-07-18,42,1993,SOCIAL HOUSING,3,Toronto-St. Paul's,2025,2025-07-18
4048,4153335,2026-06-09,37,1980,TCHC,3,Toronto-St. Paul's,2026,2026-06-09
3690,4153336,2025-11-26,64,1983,TCHC,3,Toronto-St. Paul's,2025,2025-11-26
6189,4153337,2025-11-06,10,1992,SOCIAL HOUSING,3,Toronto-St. Paul's,2025,2025-11-06
1636,4153338,2026-07-15,150,1987,SOCIAL HOUSING,3,Toronto-St. Paul's,2026,2026-07-15
6184,4153339,2026-07-15,25,1967,PRIVATE,3,Toronto-St. Paul's,2026,2026-07-15
873,4153340,2025-09-09,15,1920,PRIVATE,3,Toronto-St. Paul's,2025,2025-09-09
871,4153341,2026-06-26,10,1920,PRIVATE,3,Toronto-St. Paul's,2026,2026-06-26
875,4153342,2025-09-09,168,1969,PRIVATE,3,Toronto-St. Paul's,2025,2025-09-09
5247,4153343,2025-07-28,15,1916,SOCIAL HOUSING,3,Toronto-St. Paul's,2025,2025-07-28
877,4153344,2025-07-28,19,1930,SOCIAL HOUSING,3,Toronto-St. Paul's,2025,2025-07-28
5246,4153345,2025-08-26,113,1993,TCHC,3,Toronto-St. Paul's,2025,2025-08-26
883,4153347,2026-06-25,14,1989,PRIVATE,3,Toronto-St. Paul's,2026,2026-06-25
880,4153348,2025-09-12,16,1920,PRIVATE,1,Toronto-St. Paul's,2025,2025-09-12
886,4153349,2026-08-12,130,1982,SOCIAL HOUSING,3,Toronto-St. Paul's,2026,2026-08-12
887,4153350,2025-09-12,97,1986,SOCIAL HOUSING,1,Toronto-St. Paul's,2025,2025-09-12
890,4153351,2026-07-06,20,1921,PRIVATE,3,Toronto-St. Paul's,2026,2026-07-06
4895,4153353,2026-08-06,29,1956,PRIVATE,3,Toronto-St. Paul's,2026,2026-08-06
892,4153354,2026-08-04,19,1929,PRIVATE,3,Toronto-St. Paul's,2026,2026-08-04
6447,4153355,2026-08-12,96,1956,PRIVATE,3,Toronto-St. Paul's,2026,2026-08-12
6552,4153356,2026-08-11,47,1965,PRIVATE,3,Toronto-St. Paul's,2026,2026-08-11
857,4153357,2026-06-30,34,1930,PRIVATE,3,Toronto-St. Paul's,2026,2026-06-30
6450,4153358,2026-08-11,24,1925,PRIVATE,3,Toronto-St. Paul's,2026,2026-08-11
5872,4153359,2025-11-14,68,1928,PRIVATE,3,Toronto-St. Paul's,2025,2025-11-14
6548,4153360,2026-08-25,39,1937,PRIVATE,3,Toronto-St. Paul's,2026,2026-08-25
6546,4153361,2026-08-25,51,1931,PRIVATE,3,Toronto-St. Paul's,2026,2026-08-25
6543,4153362,2025-08-27,41,1931,PRIVATE,3,Toronto-St. Paul's,2025,2025-08-27
6542,4153363,2026-07-22,24,1925,PRIVATE,3,Toronto-St. Paul's,2026,2026-07-22
6540,4153364,2026-07-22,24,1925,PRIVATE,3,Toronto-St. Paul's,2026,2026-07-22
6550,4153366,2026-07-22,40,1926,PRIVATE,3,Toronto-St. Paul's,2026,2026-07-22
2941,4153367,2025-07-17,18,1957,PRIVATE,3,Toronto-St. Paul's,2025,2025-07-17
2942,4153369,2026-07-23,18,1959,PRIVATE,3,Toronto-St. Paul's,2026,2026-07-23
2944,4153370,2026-07-24,52,1960,PRIVATE,3,Toronto-St. Paul's,2026,2026-07-24
2946,4153371,2025-08-27,48,1960,PRIVATE,3,Toronto-St. Paul's,2025,2025-08-27
2476,4153372,2026-08-13,49,1965,PRIVATE,3,Toronto-St. Paul's,2026,2026-08-13
5071,4153373,2025-08-08,49,1929,PRIVATE,3,Toronto-St. Paul's,2025,2025-08-08
5123,4153374,2025-11-14,89,1965,PRIVATE,3,Toronto-St. Paul's,2025,2025-11-14
2053,4153375,2025-11-13,59,1959,PRIVATE,3,Toronto-St. Paul's,2025,2025-11-13
2208,4153376,2026-09-03,305,1987,PRIVATE,3,Spadina-Fort York,2026,2026-09-03
2055,4153377,2026-08-27,232,2005,PRIVATE,3,Spadina-Fort York,2026,2026-08-27
6097,4153378,2026-09-15,150,1983,TCHC,3,Spadina-Fort York,2026,2026-09-15
3113,4153379,2026-09-11,103,2003,PRIVATE,3,Spadina-Fort York,2026,2026-09-11
2057,4153380,2026-09-11,46,1991,SOCIAL HOUSING,3,Spadina-Fort York,2026,2026-09-11
292,4153381,2025-07-25,166,1983,TCHC,3,Spadina-Fort York,2025,2025-07-25
295,4153382,2025-07-21,128,1997,SOCIAL HOUSING,3,Spadina-Fort York,2025,2025-07-21
3236,4153385,2025-07-29,196,1979,TCHC,3,Spadina-Fort York,2025,2025-07-29
682,4153386,2025-11-10,61,1982,TCHC,3,Toronto Centre,2025,2025-11-10
296,4153389,2026-09-09,205,1993,SOCIAL HOUSING,3,Toronto Centre,2026,2026-09-09
6090,4153394,2025-07-31,60,1980,PRIVATE,3,Toronto Centre,2025,2025-07-31
2072,4153395,2025-11-13,76,1900,SOCIAL HOUSING,3,Toronto Centre,2025,2025-11-13
3111,4153396,2026-08-17,50,1990,TCHC,3,Toronto Centre,2026,2026-08-17
1149,4153397,2026-09-14,53,1991,TCHC,3,Spadina-Fort York,2026,2026-09-14
967,4153399,2026-09-14,256,1982,PRIVATE,3,Spadina-Fort York,2026,2026-09-14
4630,4153400,2026-08-27,26,1992,TCHC,1,Spadina-Fort York,2026,2026-08-27
4628,4153401,2025-07-29,180,1979,TCHC,3,Spadina-Fort York,2025,2025-07-29
3950,4153402,2025-07-23,139,1991,TCHC,3,Spadina-Fort York,2025,2025-07-23
1023,4153403,2025-07-25,284,1966,PRIVATE,3,Spadina-Fort York,2025,2025-07-25
224,4153404,2026-09-22,17,1923,TCHC,3,Spadina-Fort York,2026,2026-09-22
3792,4153406,2024-08-13,20,1993,TCHC,3,Spadina-Fort York,2024,2024-08-13
521,4153407,2025-07-28,11,1993,TCHC,3,Spadina-Fort York,2025,2025-07-28
6435,4153408,2025-07-25,257,1968,TCHC,3,Spadina-Fort York,2025,2025-07-25
523,4153409,2025-07-29,24,1970,PRIVATE,3,Spadina-Fort York,2025,2025-07-29
5956,4153412,2025-09-22,24,1985,PRIVATE,3,University-Rosedale,2025,2025-09-22
1254,4153413,2024-06-21,268,1970,PRIVATE,3,University-Rosedale,2024,2024-06-21
4494,4153414,2024-09-24,86,1961,TCHC,3,University-Rosedale,2024,2024-09-24
1253,4153415,2024-06-21,120,1961,PRIVATE,3,University-Rosedale,2024,2024-06-21
4577,4153416,2026-08-21,77,1960,SOCIAL HOUSING,3,University-Rosedale,2026,2026-08-21
6255,4153417,2025-09-22,28,1885,SOCIAL HOUSING,3,University-Rosedale,2025,2025-09-22
6342,4153418,2026-07-17,16,1988,PRIVATE,0,University-Rosedale,2026,2026-07-17
2289,4153419,2025-08-18,189,1979,TCHC,3,University-Rosedale,2025,2025-08-18
3620,4153420,2026-07-16,18,1903,PRIVATE,3,University-Rosedale,2026,2026-07-16
3536,4153421,2026-07-16,69,1805,PRIVATE,3,University-Rosedale,2026,2026-07-16
4496,4153422,2026-07-22,97,1983,TCHC,3,Toronto Centre,2026,2026-07-22
4976,4153423,2025-11-19,388,2005,PRIVATE,3,Toronto Centre,2025,2025-11-19
4499,4153430,2026-07-22,20,1918,SOCIAL HOUSING,3,Toronto Centre,2026,2026-07-22
1131,4153431,2024-06-27,77,1983,SOCIAL HOUSING,2,Toronto Centre,2024,2024-06-27
1070,4153434,2026-07-13,174,1978,TCHC,3,Toronto Centre,2026,2026-07-13
2004,4153435,2026-08-12,16,1896,PRIVATE,0,Toronto Centre,2026,2026-08-12
2010,4153436,2025-10-22,19,1885,PRIVATE,3,Toronto Centre,2025,2025-10-22
760,4153437,2025-12-05,22,1930,PRIVATE,3,Toronto Centre,2025,2025-12-05
1085,4153439,2026-07-30,121,1974,PRIVATE,3,Toronto Centre,2026,2026-07-30
1083,4153440,2025-10-24,12,1838,PRIVATE,3,Toronto Centre,2025,2025-10-24
1080,4153441,2026-07-30,10,1809,PRIVATE,1,Toronto Centre,2026,2026-07-30
1077,4153442,2025-10-24,23,1955,PRIVATE,3,Toronto Centre,2025,2025-10-24
5330,4153443,2024-09-15,241,1973,PRIVATE,3,Toronto Centre,2024,2024-09-15
752,4153444,2025-06-30,132,1986,TCHC,3,Toronto Centre,2025,2025-06-30
2012,4153445,2025-11-06,102,1973,PRIVATE,3,Toronto Centre,2025,2025-11-06
2009,4153446,2025-11-04,11,1920,PRIVATE,3,Toronto Centre,2025,2025-11-04
2003,4153448,2026-08-12,15,1990,SOCIAL HOUSING,3,Toronto Centre,2026,2026-08-12
4516,4153450,2026-08-18,75,1992,SOCIAL HOUSING,3,Toronto Centre,2026,2026-08-18
753,4153453,2026-09-08,16,1939,PRIVATE,3,Toronto Centre,2026,2026-09-08
4502,4153454,2025-09-29,145,1985,TCHC,3,Toronto Centre,2025,2025-09-29
4505,4153455,2026-09-08,42,1991,SOCIAL HOUSING,3,Toronto Centre,2026,2026-09-08
4514,4153456,2025-06-30,72,1929,PRIVATE,3,Toronto Centre,2025,2025-06-30
5329,4153457,2025-10-06,138,1995,SOCIAL HOUSING,3,Toronto Centre,2025,2025-10-06
5874,4153458,2025-10-02,50,2011,SOCIAL HOUSING,3,University-Rosedale,2025,2025-10-02
1252,4153460,2024-06-20,101,1985,TCHC,3,University-Rosedale,2024,2024-06-20
756,4153461,2026-07-06,447,1969,PRIVATE,3,Toronto Centre,2026,2026-07-06
1712,4153462,2026-08-17,340,1970,TCHC,3,Toronto Centre,2026,2026-08-17
3395,4153463,2026-07-30,17,1900,PRIVATE,3,University-Rosedale,2026,2026-07-30
2304,4153465,2025-08-18,11,1907,PRIVATE,3,University-Rosedale,2025,2025-08-18
1167,4153467,2026-09-09,336,1971,PRIVATE,3,University-Rosedale,2026,2026-09-09
1169,4153468,2025-08-18,62,1959,PRIVATE,3,University-Rosedale,2025,2025-08-18
5370,4153469,2025-09-25,326,1980,TCHC,3,University-Rosedale,2025,2025-09-25
3405,4153470,2026-07-30,67,1940,PRIVATE,3,Toronto Centre,2026,2026-07-30
2556,4153471,2025-11-14,118,1966,PRIVATE,3,Toronto Centre,2025,2025-11-14
1095,4153472,2024-09-10,128,1963,PRIVATE,3,Toronto Centre,2024,2024-09-10
6495,4153473,2025-11-14,25,1988,SOCIAL HOUSING,3,Toronto Centre,2025,2025-11-14
6494,4153474,2025-11-18,92,1960,PRIVATE,3,Toronto Centre,2025,2025-11-18
4525,4153475,2026-08-30,76,1960,PRIVATE,3,Toronto Centre,2026,2026-08-30
6492,4153476,2026-08-30,375,1973,PRIVATE,3,Toronto Centre,2026,2026-08-30
6490,4153477,2025-11-14,35,1927,PRIVATE,3,Toronto Centre,2025,2025-11-14
4518,4153478,2026-08-12,82,1995,TCHC,3,Toronto Centre,2026,2026-08-12
1650,4153479,2026-07-30,72,1993,TCHC,3,Toronto Centre,2026,2026-07-30
6485,4153480,2026-07-09,154,1994,SOCIAL HOUSING,3,Toronto Centre,2026,2026-07-09
607,4153484,2025-11-18,50,1900,SOCIAL HOUSING,3,Toronto Centre,2025,2025-11-18
6116,4153486,2025-11-07,96,1968,PRIVATE,3,Toronto Centre,2025,2025-11-07
3271,4153487,2025-10-02,37,1923,PRIVATE,2,Toronto Centre,2025,2025-10-02
2532,4153488,2025-11-14,47,1979,PRIVATE,3,Toronto Centre,2025,2025-11-14
3281,4153492,2024-06-05,45,1928,PRIVATE,3,Toronto Centre,2024,2024-06-05
3279,4153493,2025-10-07,47,1928,PRIVATE,3,Toronto Centre,2025,2025-10-07
3277,4153494,2025-10-07,45,1927,PRIVATE,3,Toronto Centre,2025,2025-10-07
3275,4153495,2025-10-07,27,1909,PRIVATE,3,Toronto Centre,2025,2025-10-07
2537,4153496,2025-11-14,30,1926,PRIVATE,3,Toronto Centre,2025,2025-11-14
2540,4153497,2024-09-15,88,1965,PRIVATE,1,Toronto Centre,2024,2024-09-15
2543,4153498,2025-11-14,61,1960,PRIVATE,3,Toronto Centre,2025,2025-11-14
4530,4153499,2026-08-24,212,1991,TCHC,3,Toronto Centre,2026,2026-08-24
3282,4153501,2025-11-12,102,1965,PRIVATE,3,Toronto Centre,2025,2025-11-12
5763,4153502,2026-09-11,15,1918,PRIVATE,3,Toronto Centre,2026,2026-09-11
5766,4153503,2025-12-14,15,1898,PRIVATE,3,Toronto Centre,2025,2025-12-14
2549,4153504,2025-11-06,26,1928,PRIVATE,3,Toronto Centre,2025,2025-11-06
2548,4153505,2026-08-25,48,1931,PRIVATE,3,Toronto Centre,2026,2026-08-25
465,4153506,2025-11-20,27,1940,PRIVATE,1,Toronto Centre,2025,2025-11-20
4531,4153507,2024-09-25,16,1888,PRIVATE,3,Toronto Centre,2024,2024-09-25
2546,4153508,2025-11-14,427,1968,PRIVATE,3,Toronto Centre,2025,2025-11-14
2542,4153509,2025-11-25,71,1960,PRIVATE,3,Toronto Centre,2025,2025-11-25
2538,4153510,2025-11-14,76,1963,PRIVATE,3,Toronto Centre,2025,2025-11-14
5994,4153511,2024-08-13,107,1968,PRIVATE,3,Toronto Centre,2024,2024-08-13
5996,4153512,2026-09-10,32,1917,PRIVATE,3,Toronto Centre,2026,2026-09-10
2535,4153513,2025-11-14,60,1929,PRIVATE,3,Toronto Centre,2025,2025-11-14
5993,4153514,2026-09-15,172,1970,PRIVATE,3,Toronto Centre,2026,2026-09-15
960,4153515,2025-11-18,35,1994,TCHC,3,Toronto Centre,2025,2025-11-18
6731,4153516,2025-10-02,250,1977,PRIVATE,3,University-Rosedale,2025,2025-10-02
6729,4153517,2025-10-02,147,1981,PRIVATE,3,University-Rosedale,2025,2025-10-02
957,4153518,2025-11-18,37,1927,PRIVATE,3,Toronto Centre,2025,2025-11-18
962,4153519,2025-11-18,65,1920,PRIVATE,3,Toronto Centre,2025,2025-11-18
3738,4153521,2026-09-15,79,1960,PRIVATE,3,Toronto Centre,2026,2026-09-15
3741,4153522,2025-06-30,56,1960,PRIVATE,3,Toronto Centre,2025,2025-06-30
1103,4153523,2026-07-22,95,1967,PRIVATE,3,Toronto Centre,2026,2026-07-22
5768,4153524,2025-11-07,22,1993,SOCIAL HOUSING,3,Toronto Centre,2025,2025-11-07
5767,4153525,2024-08-02,39,1929,PRIVATE,3,Toronto Centre,2024,2024-08-02
3528,4153526,2025-11-20,116,1960,PRIVATE,3,Toronto Centre,2025,2025-11-20
3730,4153527,2025-06-19,48,1928,PRIVATE,3,Toronto Centre,2025,2025-06-19
3732,4153528,2026-08-19,76,1959,PRIVATE,3,Toronto Centre,2026,2026-08-19
3736,4153529,2025-11-21,221,1960,PRIVATE,3,Toronto Centre,2025,2025-11-21
467,4153530,2024-07-11,212,1960,PRIVATE,3,Toronto Centre,2024,2024-07-11
3636,4153531,2025-07-04,419,1975,PRIVATE,3,Toronto Centre,2025,2025-07-04
3641,4153532,2025-07-04,82,1965,PRIVATE,3,Toronto Centre,2025,2025-07-04
3643,4153533,2025-06-20,101,1963,PRIVATE,3,Toronto Centre,2025,2025-06-20
5065,4153534,2025-11-19,35,1910,PRIVATE,3,Toronto Centre,2025,2025-11-19
462,4153535,2026-08-31,77,1960,PRIVATE,3,Toronto Centre,2026,2026-08-31
460,4153536,2024-06-17,35,1928,PRIVATE,3,Toronto Centre,2024,2024-06-17
965,4153537,2024-07-09,260,1965,PRIVATE,3,Toronto Centre,2024,2024-07-09
3646,4153540,2026-09-22,411,2016,PRIVATE,3,Toronto Centre,2026,2026-09-22
3640,4153541,2025-06-16,84,1960,PRIVATE,3,Toronto Centre,2025,2025-06-16
3638,4153542,2026-08-25,24,1955,PRIVATE,3,Toronto Centre,2026,2026-08-25
3737,4153544,2024-06-26,262,1959,PRIVATE,3,Toronto Centre,2024,2024-06-26
3734,4153545,2025-06-19,28,1917,PRIVATE,3,Toronto Centre,2025,2025-06-19
3531,4153547,2026-09-12,26,1915,PRIVATE,3,Toronto Centre,2026,2026-09-12
3533,4153548,2025-11-20,561,1973,PRIVATE,3,Toronto Centre,2025,2025-11-20
6726,4153551,2026-08-05,21,1915,PRIVATE,0,University-Rosedale,2026,2026-08-05
2075,4153552,2026-07-20,36,1988,SOCIAL HOUSING,3,Toronto-Danforth,2026,2026-07-20
4580,4153553,2025-10-02,15,1987,SOCIAL HOUSING,3,Toronto-Danforth,2025,2025-10-02
579,4153554,2025-07-29,135,1980,SOCIAL HOUSING,3,Spadina-Fort York,2025,2025-07-29
578,4153556,2024-09-06,32,1980,SOCIAL HOUSING,3,Spadina-Fort York,2024,2024-09-06
2993,4153559,2025-07-24,251,1982,TCHC,3,Spadina-Fort York,2025,2025-07-24
2064,4153560,2024-06-27,82,1994,SOCIAL HOUSING,1,Toronto Centre,2024,2024-06-27
2238,4153565,2025-10-23,52,2005,SOCIAL HOUSING,3,Toronto Centre,2025,2025-10-23
2073,4153566,2025-11-06,44,1984,TCHC,3,Toronto Centre,2025,2025-11-06
2955,4153567,2024-06-21,20,1985,TCHC,3,Toronto Centre,2024,2024-06-21
2390,4153568,2024-09-30,16,1992,SOCIAL HOUSING,3,Toronto Centre,2024,2024-09-30
1073,4153569,2025-10-23,60,1988,SOCIAL HOUSING,3,Toronto Centre,2025,2025-10-23
3603,4153571,2026-07-09,260,1969,PRIVATE,3,Toronto Centre,2026,2026-07-09
5332,4153572,2025-12-05,155,1980,TCHC,3,Toronto Centre,2025,2025-12-05
1075,4153573,2026-07-13,200,1975,TCHC,3,Toronto Centre,2026,2026-07-13
5334,4153574,2025-10-07,29,1991,SOCIAL HOUSING,3,Toronto Centre,2025,2025-10-07
5642,4153576,2025-12-01,29,1973,TCHC,3,Toronto-Danforth,2025,2025-12-01
5832,4153577,2026-08-04,41,1992,SOCIAL HOUSING,3,Toronto-Danforth,2026,2026-08-04
3135,4153578,2025-11-06,25,1961,TCHC,3,Toronto Centre,2025,2025-11-06
765,4153579,2025-10-17,16,1891,SOCIAL HOUSING,3,Toronto Centre,2025,2025-10-17
384,4153580,2025-06-19,15,1930,PRIVATE,1,Toronto Centre,2025,2025-06-19
763,4153581,2024-07-24,81,1976,TCHC,3,Toronto Centre,2024,2024-07-24
762,4153582,2025-11-18,26,1991,SOCIAL HOUSING,3,Toronto Centre,2025,2025-11-18
1087,4153583,2025-12-04,38,1931,PRIVATE,3,Toronto Centre,2025,2025-12-04
1088,4153584,2025-10-30,67,1960,PRIVATE,3,Toronto Centre,2025,2025-10-30
5272,4153585,2025-06-30,260,1980,TCHC,3,Toronto Centre,2025,2025-06-30
2240,4153586,2024-08-02,13,1880,PRIVATE,3,Toronto Centre,2024,2024-08-02
1092,4153587,2024-06-28,32,1910,PRIVATE,3,Toronto Centre,2024,2024-06-28
1094,4153588,2026-08-20,48,1920,PRIVATE,3,Toronto Centre,2026,2026-08-20
1098,4153589,2025-11-03,48,1934,PRIVATE,3,Toronto Centre,2025,2025-11-03
1101,4153590,2026-08-06,48,1934,PRIVATE,3,Toronto Centre,2026,2026-08-06
2065,4153592,2026-08-21,15,1910,PRIVATE,0,Toronto Centre,2026,2026-08-21
2246,4153593,2026-08-12,279,1967,PRIVATE,3,Toronto Centre,2026,2026-08-12
2244,4153594,2026-08-12,279,1967,PRIVATE,3,Toronto Centre,2026,2026-08-12
2242,4153595,2026-09-22,231,1965,PRIVATE,3,Toronto Centre,2026,2026-09-22
2561,4153596,2024-07-09,69,1963,PRIVATE,3,Toronto Centre,2024,2024-07-09
2559,4153597,2025-11-04,38,1923,PRIVATE,2,Toronto Centre,2025,2025-11-04
3423,4153598,2025-11-25,381,1969,PRIVATE,3,Toronto Centre,2025,2025-11-25
3425,4153599,2025-11-25,239,1964,PRIVATE,3,Toronto Centre,2025,2025-11-25
2398,4153600,2026-09-08,239,1964,PRIVATE,3,Toronto Centre,2026,2026-09-08
2395,4153601,2025-11-13,568,1969,PRIVATE,3,Toronto Centre,2025,2025-11-13
3221,4153602,2025-10-16,239,1964,PRIVATE,3,Toronto Centre,2025,2025-10-16
5281,4153603,2025-06-30,41,1948,PRIVATE,3,Toronto Centre,2025,2025-06-30
5920,4153604,2026-08-04,48,1929,PRIVATE,3,Toronto-Danforth,2026,2026-08-04
261,4153605,2025-06-20,54,1931,PRIVATE,3,Toronto-Danforth,2025,2025-06-20
3311,4153606,2025-06-27,287,1968,PRIVATE,3,Toronto-Danforth,2025,2025-06-27
5926,4153607,2026-07-24,291,1968,PRIVATE,3,Toronto-Danforth,2026,2026-07-24
5928,4153608,2026-08-05,69,1972,TCHC,3,Toronto-Danforth,2026,2026-08-05
5925,4153609,2026-08-24,11,1910,PRIVATE,3,Toronto-Danforth,2026,2026-08-24
5538,4153610,2025-07-16,200,1965,PRIVATE,3,Toronto-Danforth,2025,2025-07-16
5936,4153612,2026-08-06,31,1950,PRIVATE,3,Toronto-Danforth,2026,2026-08-06
5932,4153613,2025-11-06,24,1950,PRIVATE,1,Toronto-Danforth,2025,2025-11-06
5931,4153614,2026-08-07,39,1929,PRIVATE,3,Toronto-Danforth,2026,2026-08-07
5966,4153615,2026-08-07,131,1978,TCHC,3,Toronto-Danforth,2026,2026-08-07
5940,4153616,2026-08-13,32,1940,PRIVATE,3,Toronto-Danforth,2026,2026-08-13
5944,4153617,2026-08-10,23,1955,PRIVATE,3,Toronto-Danforth,2026,2026-08-10
5942,4153618,2026-08-11,21,1960,PRIVATE,3,Toronto-Danforth,2026,2026-08-11
5938,4153619,2026-08-11,23,1940,PRIVATE,0,Toronto-Danforth,2026,2026-08-11
5533,4153620,2025-12-05,14,1989,SOCIAL HOUSING,3,Toronto-Danforth,2025,2025-12-05
3009,4153621,2025-11-18,17,1995,SOCIAL HOUSING,3,Toronto-Danforth,2025,2025-11-18
4664,4153622,2025-12-01,13,1921,PRIVATE,2,Toronto-Danforth,2025,2025-12-01
2083,4153623,2026-08-11,34,1988,SOCIAL HOUSING,3,Toronto-Danforth,2026,2026-08-11
5532,4153624,2026-08-12,16,1995,SOCIAL HOUSING,3,Toronto-Danforth,2026,2026-08-12
3379,4153625,2026-08-19,29,1996,SOCIAL HOUSING,3,Toronto-Danforth,2026,2026-08-19
2080,4153626,2026-07-22,40,1995,TCHC,3,Toronto-Danforth,2026,2026-07-22
2315,4153628,2025-11-18,77,1988,SOCIAL HOUSING,3,Toronto-Danforth,2025,2025-11-18
4681,4153630,2026-09-14,21,1927,PRIVATE,3,Toronto-Danforth,2026,2026-09-14
5778,4153631,2025-12-05,19,1989,SOCIAL HOUSING,3,Toronto-Danforth,2025,2025-12-05
4797,4153632,2025-12-11,51,1993,TCHC,3,Toronto-Danforth,2025,2025-12-11
2077,4153633,2025-10-06,177,1993,SOCIAL HOUSING,3,Toronto-Danforth,2025,2025-10-06
2085,4153637,2025-10-06,25,1990,SOCIAL HOUSING,3,Toronto-Danforth,2025,2025-10-06
5729,4153638,2025-10-07,14,1989,SOCIAL HOUSING,3,Toronto-Danforth,2025,2025-10-07
1671,4153639,2025-12-09,42,1915,PRIVATE,3,Toronto-Danforth,2025,2025-12-09
773,4153640,2025-11-06,12,1965,PRIVATE,2,Toronto-Danforth,2025,2025-11-06
769,4153644,2026-08-31,30,1996,SOCIAL HOUSING,3,Toronto-Danforth,2026,2026-08-31
771,4153645,2025-11-07,45,1994,SOCIAL HOUSING,3,Toronto-Danforth,2025,2025-11-07
2319,4153646,2026-08-31,139,1981,TCHC,3,Toronto-Danforth,2026,2026-08-31
4761,4153648,2025-11-28,15,1989,TCHC,3,Toronto-Danforth,2025,2025-11-28
2324,4153650,2025-11-18,15,1990,PRIVATE,1,Toronto-Danforth,2025,2025-11-18
6482,4153652,2024-09-16,31,1922,PRIVATE,1,Toronto-Danforth,2024,2024-09-16
159,4153655,2025-11-18,174,1983,SOCIAL HOUSING,3,Toronto-Danforth,2025,2025-11-18
157,4153656,2024-08-16,98,1985,SOCIAL HOUSING,3,Toronto-Danforth,2024,2024-08-16
5737,4153657,2025-10-07,11,1990,SOCIAL HOUSING,3,Toronto-Danforth,2025,2025-10-07
5970,4153658,2024-06-11,109,1988,TCHC,3,Toronto-Danforth,2024,2024-06-11
992,4153659,2026-08-17,350,1974,TCHC,3,Toronto-Danforth,2026,2026-08-17
4981,4153660,2026-09-16,24,1930,PRIVATE,3,Toronto-Danforth,2026,2026-09-16
4983,4153661,2024-07-30,53,1985,SOCIAL HOUSING,3,Toronto-Danforth,2024,2024-07-30
2101,4153662,2026-07-24,18,1975,PRIVATE,3,Beaches-East York,2026,2026-07-24
3513,4153663,2026-07-02,27,1928,TCHC,3,Beaches-East York,2026,2026-07-02
2105,4153664,2026-07-24,17,1927,PRIVATE,3,Beaches-East York,2026,2026-07-24
2109,4153665,2026-07-28,20,1940,SOCIAL HOUSING,3,Beaches-East York,2026,2026-07-28
2113,4153666,2025-10-15,27,1930,PRIVATE,3,Beaches-East York,2025,2025-10-15
1139,4153667,2026-09-15,16,1920,PRIVATE,3,Beaches-East York,2026,2026-09-15
2134,4153668,2025-10-15,29,1920,PRIVATE,3,Beaches-East York,2025,2025-10-15
2136,4153669,2025-10-15,29,1920,PRIVATE,3,Beaches-East York,2025,2025-10-15
2138,4153670,2025-10-15,16,1920,PRIVATE,3,Beaches-East York,2025,2025-10-15
4107,4153671,2025-07-21,16,1970,PRIVATE,3,Beaches-East York,2025,2025-07-21
2093,4153673,2025-11-03,30,1925,PRIVATE,3,Beaches-East York,2025,2025-11-03
5728,4153674,2025-11-28,13,1995,SOCIAL HOUSING,3,Beaches-East York,2025,2025-11-28
5864,4153675,2025-10-03,24,1959,SOCIAL HOUSING,3,Beaches-East York,2025,2025-10-03
4211,4153676,2025-07-16,15,1934,PRIVATE,3,Beaches-East York,2025,2025-07-16
4208,4153677,2026-08-15,44,1960,PRIVATE,3,Beaches-East York,2026,2026-08-15
4206,4153678,2026-08-07,62,1950,PRIVATE,3,Beaches-East York,2026,2026-08-07
4205,4153679,2026-08-05,60,1954,PRIVATE,3,Beaches-East York,2026,2026-08-05
4118,4153680,2026-08-05,94,1959,SOCIAL HOUSING,3,Beaches-East York,2026,2026-08-05
5540,4153681,2025-10-02,24,1960,PRIVATE,1,Beaches-East York,2025,2025-10-02
1652,4153682,2026-09-18,48,1920,PRIVATE,3,Beaches-East York,2026,2026-09-18
1255,4153683,2026-09-10,36,1955,TCHC,3,Beaches-East York,2026,2026-09-10
3758,4153684,2025-07-24,31,1961,PRIVATE,3,Beaches-East York,2025,2025-07-24
4571,4153685,2026-09-11,10,1917,PRIVATE,3,Beaches-East York,2026,2026-09-11
2095,4153687,2025-11-03,16,1923,PRIVATE,3,Beaches-East York,2025,2025-11-03
5125,4153688,2026-09-16,19,1927,PRIVATE,3,Beaches-East York,2026,2026-09-16
4219,4153689,2026-08-12,115,1958,PRIVATE,3,Beaches-East York,2026,2026-08-12
4221,4153690,2025-07-16,75,1950,PRIVATE,3,Beaches-East York,2025,2025-07-16
4214,4153691,2026-08-06,15,1920,PRIVATE,3,Beaches-East York,2026,2026-08-06
1654,4153692,2025-11-24,11,1960,PRIVATE,3,Beaches-East York,2025,2025-11-24
4229,4153693,2026-08-19,15,1950,PRIVATE,3,Beaches-East York,2026,2026-08-19
4231,4153694,2025-07-21,15,1940,PRIVATE,3,Beaches-East York,2025,2025-07-21
4321,4153695,2026-08-20,24,1935,PRIVATE,3,Beaches-East York,2026,2026-08-20
4728,4153696,2026-09-22,21,1984,TCHC,3,Beaches-East York,2026,2026-09-22
1656,4153697,2025-11-24,36,1966,PRIVATE,1,Beaches-East York,2025,2025-11-24
1660,4153698,2025-11-25,38,1977,PRIVATE,3,Beaches-East York,2025,2025-11-25
364,4153699,2025-09-16,66,1958,PRIVATE,3,Beaches-East York,2025,2025-09-16
4726,4153700,2025-10-24,12,1964,PRIVATE,3,Beaches-East York,2025,2025-10-24
777,4153701,2026-09-01,48,1960,PRIVATE,3,Beaches-East York,2026,2026-09-01
5736,4153702,2025-11-28,30,2002,SOCIAL HOUSING,3,Beaches-East York,2025,2025-11-28
368,4153703,2026-09-09,28,2009,PRIVATE,3,Beaches-East York,2026,2026-09-09
5286,4153704,2025-06-30,48,1993,TCHC,3,Beaches-East York,2025,2025-06-30
5288,4153705,2025-08-26,174,1989,SOCIAL HOUSING,3,Beaches-East York,2025,2025-08-26
4050,4153706,2025-06-27,42,1960,TCHC,3,Beaches-East York,2025,2025-06-27
4213,4153707,2025-07-03,36,1954,TCHC,3,Beaches-East York,2025,2025-07-03
6346,4153708,2025-08-21,55,1960,PRIVATE,3,Beaches-East York,2025,2025-08-21
3263,4153709,2026-09-01,38,1974,PRIVATE,3,Beaches-East York,2026,2026-09-01
4316,4153711,2026-08-20,68,1957,PRIVATE,3,Beaches-East York,2026,2026-08-20
4227,4153712,2026-07-29,138,1985,SOCIAL HOUSING,3,Beaches-East York,2026,2026-07-29
4225,4153713,2026-07-20,90,1954,TCHC,3,Beaches-East York,2026,2026-07-20
4223,4153714,2025-07-17,108,1992,TCHC,3,Beaches-East York,2025,2025-07-17
4216,4153715,2026-07-29,38,1958,PRIVATE,3,Beaches-East York,2026,2026-07-29
1658,4153716,2025-11-24,50,1956,PRIVATE,3,Beaches-East York,2025,2025-11-24
1662,4153717,2025-11-25,97,1987,SOCIAL HOUSING,3,Beaches-East York,2025,2025-11-25
6060,4153720,2025-09-19,48,1988,SOCIAL HOUSING,3,Beaches-East York,2025,2025-09-19
4319,4153721,2026-09-01,38,1971,PRIVATE,3,Beaches-East York,2026,2026-09-01
4323,4153722,2025-07-03,147,1962,TCHC,3,Beaches-East York,2025,2025-07-03
373,4153723,2025-07-08,38,1967,TCHC,3,Beaches-East York,2025,2025-07-08
375,4153724,2026-07-21,16,1991,TCHC,3,Beaches-East York,2026,2026-07-21
92,4153726,2025-08-25,111,1992,SOCIAL HOUSING,3,Beaches-East York,2025,2025-08-25
6292,4153727,2026-08-26,14,1994,SOCIAL HOUSING,3,Beaches-East York,2026,2026-08-26
6064,4153728,2026-09-16,25,2007,SOCIAL HOUSING,3,Beaches-East York,2026,2026-09-16
6431,4153729,2025-09-12,192,1984,TCHC,3,University-Rosedale,2025,2025-09-12
2340,4153730,2026-08-13,39,1954,PRIVATE,3,University-Rosedale,2026,2026-08-13
2372,4153731,2025-07-23,105,2013,PRIVATE,3,Don Valley North,2025,2025-07-23
228,4153733,2026-07-14,19,1950,PRIVATE,3,University-Rosedale,2026,2026-07-14
3697,4153734,2026-08-06,36,1969,PRIVATE,3,University-Rosedale,2026,2026-08-06
6602,4153735,2025-10-02,53,1950,PRIVATE,3,University-Rosedale,2025,2025-10-02
1239,4153736,2026-06-22,61,1950,PRIVATE,3,University-Rosedale,2026,2026-06-22
443,4153737,2026-07-30,28,1955,PRIVATE,3,University-Rosedale,2026,2026-07-30
1235,4153738,2026-06-22,66,1957,PRIVATE,3,University-Rosedale,2026,2026-06-22
1113,4153739,2025-08-18,34,1950,PRIVATE,0,University-Rosedale,2025,2025-08-18
1717,4153740,2026-08-07,37,1980,PRIVATE,3,University-Rosedale,2026,2026-08-07
1674,4153742,2025-08-13,25,1986,PRIVATE,3,University-Rosedale,2025,2025-08-13
3858,4153743,2024-08-09,267,1969,PRIVATE,3,University-Rosedale,2024,2024-08-09
3859,4153744,2025-11-17,411,1967,PRIVATE,3,Toronto-St. Paul's,2025,2025-11-17
3234,4153745,2025-11-18,245,1969,PRIVATE,3,Toronto-St. Paul's,2025,2025-11-18
2049,4153746,2025-11-18,163,1969,PRIVATE,3,Toronto-St. Paul's,2025,2025-11-18
417,4153747,2025-07-23,71,1954,PRIVATE,3,Toronto-St. Paul's,2025,2025-07-23
415,4153748,2026-08-14,39,1960,PRIVATE,3,Toronto-St. Paul's,2026,2026-08-14
413,4153749,2025-08-13,49,1934,PRIVATE,3,Toronto-St. Paul's,2025,2025-08-13
808,4153750,2026-06-26,307,1970,PRIVATE,3,Toronto-St. Paul's,2026,2026-06-26
810,4153751,2025-11-28,36,1960,PRIVATE,1,University-Rosedale,2025,2025-11-28
4389,4153752,2026-07-22,25,1960,PRIVATE,3,University-Rosedale,2026,2026-07-22
4052,4153753,2026-07-06,167,1980,TCHC,3,Toronto-St. Paul's,2026,2026-07-06
4055,4153755,2026-09-17,109,1965,PRIVATE,3,Don Valley West,2026,2026-09-17
4058,4153756,2025-11-28,47,1962,PRIVATE,3,Don Valley West,2025,2025-11-28
5033,4153757,2026-07-20,29,1957,PRIVATE,3,Don Valley West,2026,2026-07-20
5031,4153758,2026-08-28,272,1968,PRIVATE,3,Toronto-St. Paul's,2026,2026-08-28
5032,4153759,2024-07-05,202,1968,PRIVATE,3,Toronto-St. Paul's,2024,2024-07-05
4392,4153760,2026-09-15,155,1993,TCHC,3,Toronto-St. Paul's,2026,2026-09-15
4054,4153761,2025-11-10,38,1999,PRIVATE,3,Toronto-St. Paul's,2025,2025-11-10
5020,4153762,2025-11-26,263,1966,PRIVATE,3,Toronto-St. Paul's,2025,2025-11-26
5024,4153763,2025-07-28,286,1965,PRIVATE,3,Toronto-St. Paul's,2025,2025-07-28
5027,4153764,2025-11-25,48,1968,PRIVATE,3,Toronto-St. Paul's,2025,2025-11-25
6192,4153766,2026-08-27,14,1956,PRIVATE,0,Toronto-St. Paul's,2026,2026-08-27
6195,4153767,2025-07-23,266,1973,PRIVATE,3,Toronto-St. Paul's,2025,2025-07-23
6284,4153768,2026-08-11,371,1970,PRIVATE,3,Toronto-St. Paul's,2026,2026-08-11
6286,4153769,2026-08-11,313,1970,PRIVATE,3,Toronto-St. Paul's,2026,2026-08-11
5019,4153770,2026-07-10,30,1957,PRIVATE,3,Toronto-St. Paul's,2026,2026-07-10
6288,4153771,2026-09-04,401,1969,PRIVATE,3,Toronto-St. Paul's,2026,2026-09-04
5028,4153772,2025-11-25,366,1968,PRIVATE,3,Toronto-St. Paul's,2025,2025-11-25
4394,4153773,2026-07-30,28,1956,PRIVATE,3,Don Valley West,2026,2026-07-30
6401,4153774,2026-06-30,31,1928,PRIVATE,2,Toronto-St. Paul's,2026,2026-06-30
2019,4153775,2025-12-05,26,1930,PRIVATE,3,Toronto-St. Paul's,2025,2025-12-05
4396,4153777,2026-07-13,23,1955,PRIVATE,1,Toronto-St. Paul's,2026,2026-07-13
3402,4153779,2025-11-19,127,1993,SOCIAL HOUSING,3,Toronto-St. Paul's,2025,2025-11-19
5999,4153781,2025-07-17,162,1963,PRIVATE,3,Toronto-St. Paul's,2025,2025-07-17
6001,4153782,2025-07-18,575,1966,PRIVATE,3,Toronto-St. Paul's,2025,2025-07-18
3080,4153784,2026-06-24,31,1955,PRIVATE,3,Toronto-St. Paul's,2026,2026-06-24
6256,4153785,2025-11-20,121,1964,PRIVATE,3,Toronto-St. Paul's,2025,2025-11-20
651,4153786,2025-10-17,29,1956,PRIVATE,3,Don Valley West,2025,2025-10-17
653,4153787,2025-11-10,15,1955,PRIVATE,3,Don Valley West,2025,2025-11-10
5885,4153788,2025-10-30,48,1962,PRIVATE,3,Don Valley West,2025,2025-10-30
2021,4153789,2025-10-28,26,1958,PRIVATE,3,Don Valley West,2025,2025-10-28
5889,4153790,2026-08-20,57,1963,PRIVATE,3,Don Valley West,2026,2026-08-20
1446,4153791,2025-10-21,52,1965,PRIVATE,3,Don Valley West,2025,2025-10-21
1450,4153792,2025-10-21,57,1963,PRIVATE,3,Don Valley West,2025,2025-10-21
1453,4153793,2026-08-11,108,1965,PRIVATE,3,Don Valley West,2026,2026-08-11
1457,4153794,2026-08-06,54,1965,PRIVATE,3,Don Valley West,2026,2026-08-06
1459,4153795,2025-10-21,54,1960,PRIVATE,3,Don Valley West,2025,2025-10-21
3179,4153798,2026-08-21,56,1928,PRIVATE,3,Toronto-St. Paul's,2026,2026-08-21
3181,4153799,2026-09-14,81,1989,PRIVATE,3,Toronto-St. Paul's,2026,2026-09-14
3183,4153800,2025-11-26,382,1973,PRIVATE,3,Toronto-St. Paul's,2025,2025-11-26
5876,4153801,2025-08-26,266,1981,TCHC,3,Toronto-St. Paul's,2025,2025-08-26
3186,4153802,2026-09-08,125,1963,PRIVATE,3,Toronto-St. Paul's,2026,2026-09-08
3190,4153803,2026-09-09,83,1964,PRIVATE,3,Toronto-St. Paul's,2026,2026-09-09
5880,4153804,2026-07-07,99,1972,TCHC,3,Toronto-St. Paul's,2026,2026-07-07
5878,4153805,2025-11-21,24,1930,PRIVATE,2,Toronto-St. Paul's,2025,2025-11-21
3194,4153806,2025-10-30,224,1970,PRIVATE,3,Don Valley West,2025,2025-10-30
4480,4153807,2025-11-28,185,1983,TCHC,3,Don Valley West,2025,2025-11-28
3072,4153808,2025-10-29,36,1959,PRIVATE,3,Don Valley West,2025,2025-10-29
1456,4153809,2025-10-21,51,1964,PRIVATE,3,Don Valley West,2025,2025-10-21
1452,4153810,2026-08-12,72,1959,PRIVATE,3,Don Valley West,2026,2026-08-12
1447,4153811,2025-10-20,90,1960,PRIVATE,3,Don Valley West,2025,2025-10-20
1444,4153812,2026-08-18,44,1963,PRIVATE,3,Don Valley West,2026,2026-08-18
1442,4153813,2026-08-19,65,1957,PRIVATE,3,Don Valley West,2026,2026-08-19
5887,4153814,2025-11-07,149,1969,PRIVATE,3,Don Valley West,2025,2025-11-07
3083,4153815,2026-09-15,148,1965,PRIVATE,3,Toronto-St. Paul's,2026,2026-09-15
6054,4153819,2025-11-10,52,1954,TCHC,3,Toronto-St. Paul's,2025,2025-11-10
4483,4153820,2026-09-16,145,1968,PRIVATE,3,Toronto-St. Paul's,2026,2026-09-16
3191,4153821,2026-09-18,91,1963,PRIVATE,3,Toronto-St. Paul's,2026,2026-09-18
3187,4153822,2025-11-21,228,1964,PRIVATE,3,Toronto-St. Paul's,2025,2025-11-21
6051,4153825,2025-11-12,205,1963,PRIVATE,3,Toronto-St. Paul's,2025,2025-11-12
3182,4153826,2024-06-24,211,1961,PRIVATE,3,Toronto-St. Paul's,2024,2024-06-24
1279,4153828,2025-09-29,65,1970,PRIVATE,3,Don Valley West,2025,2025-09-29
1283,4153829,2025-10-01,109,1964,PRIVATE,3,Don Valley West,2025,2025-10-01
1285,4153830,2025-10-01,188,1964,PRIVATE,3,Don Valley West,2025,2025-10-01
1287,4153831,2026-08-25,37,1956,PRIVATE,3,Don Valley West,2026,2026-08-25
6046,4153833,2025-11-28,75,1956,TCHC,3,Don Valley West,2025,2025-11-28
1292,4153835,2026-08-26,28,1970,PRIVATE,1,Don Valley West,2026,2026-08-26
1295,4153836,2026-08-27,160,1962,PRIVATE,3,Don Valley West,2026,2026-08-27
1299,4153837,2026-09-01,40,1950,PRIVATE,3,Don Valley West,2026,2026-09-01
1303,4153838,2026-09-04,47,1960,PRIVATE,3,Don Valley West,2026,2026-09-04
6057,4153839,2025-10-28,39,1970,PRIVATE,3,Don Valley West,2025,2025-10-28
6052,4153840,2026-09-18,88,1956,PRIVATE,3,Don Valley West,2026,2026-09-18
1305,4153844,2025-10-22,15,1961,PRIVATE,3,Don Valley West,2025,2025-10-22
3658,4153845,2025-10-20,50,1958,PRIVATE,3,Don Valley West,2025,2025-10-20
3666,4153846,2026-07-27,52,1958,PRIVATE,3,Don Valley West,2026,2026-07-27
4484,4153847,2026-07-16,155,2010,PRIVATE,3,Don Valley West,2026,2026-07-16
1302,4153848,2026-09-02,31,1957,PRIVATE,3,Don Valley West,2026,2026-09-02
1298,4153849,2025-10-02,250,1969,PRIVATE,3,Don Valley West,2025,2025-10-02
1118,4153850,2025-11-19,23,1930,PRIVATE,3,Don Valley West,2025,2025-11-19
1120,4153851,2026-07-29,26,1930,PRIVATE,3,Don Valley West,2026,2026-07-29
1122,4153852,2025-11-19,26,1930,PRIVATE,3,Don Valley West,2025,2025-11-19
1124,4153853,2025-11-19,27,1930,PRIVATE,3,Don Valley West,2025,2025-11-19
3664,4153854,2026-08-05,32,1955,PRIVATE,3,Don Valley West,2026,2026-08-05
3662,4153855,2026-08-05,32,1955,PRIVATE,3,Don Valley West,2026,2026-08-05
1128,4153856,2025-11-19,18,1965,PRIVATE,3,Don Valley West,2025,2025-11-19
1723,4153857,2025-11-28,105,1987,TCHC,3,Don Valley West,2025,2025-11-28
1727,4153858,2025-10-17,48,1960,PRIVATE,3,Don Valley West,2025,2025-10-17
1731,4153859,2026-09-16,41,1937,TCHC,3,Don Valley West,2026,2026-09-16
1735,4153860,2026-09-10,31,1970,TCHC,3,Don Valley West,2026,2026-09-10
1741,4153862,2026-09-10,32,1928,PRIVATE,3,Don Valley West,2026,2026-09-10
1743,4153863,2025-10-17,17,1960,PRIVATE,3,Don Valley West,2025,2025-10-17
5210,4153864,2026-08-21,37,1941,PRIVATE,3,Don Valley West,2026,2026-08-21
5212,4153865,2025-11-10,41,1941,PRIVATE,3,Don Valley West,2025,2025-11-10
5208,4153866,2026-08-21,28,1941,PRIVATE,3,Don Valley West,2026,2026-08-21
1754,4153867,2025-12-11,110,1990,TCHC,3,Don Valley West,2025,2025-12-11
2200,4153869,2025-10-29,32,1950,PRIVATE,3,Don Valley West,2025,2025-10-29
2198,4153870,2026-08-05,74,1959,PRIVATE,3,Don Valley West,2026,2026-08-05
411,4153872,2026-08-17,30,1952,PRIVATE,3,Don Valley West,2026,2026-08-17
6411,4153873,2024-07-16,95,1965,PRIVATE,3,Toronto-St. Paul's,2024,2024-07-16
860,4153874,2025-11-12,97,1937,PRIVATE,3,Toronto-St. Paul's,2025,2025-11-12
6420,4153875,2024-07-10,100,1969,PRIVATE,3,Toronto-St. Paul's,2024,2024-07-10
6421,4153876,2024-06-24,180,1964,PRIVATE,3,Toronto-St. Paul's,2024,2024-06-24
2272,4153877,2025-06-18,80,1955,PRIVATE,3,Toronto-St. Paul's,2025,2025-06-18
2273,4153878,2025-06-18,47,1955,PRIVATE,3,Toronto-St. Paul's,2025,2025-06-18
2276,4153879,2025-06-18,50,1955,PRIVATE,3,Toronto-St. Paul's,2025,2025-06-18
6413,4153880,2026-09-21,13,1970,PRIVATE,3,Toronto-St. Paul's,2026,2026-09-21
6410,4153881,2026-09-21,59,1967,PRIVATE,3,Toronto-St. Paul's,2026,2026-09-21
864,4153882,2025-09-18,54,1938,PRIVATE,3,Toronto-St. Paul's,2025,2025-09-18
6557,4153883,2024-11-04,60,1957,PRIVATE,3,Toronto-St. Paul's,2024,2024-11-04
6559,4153884,2025-10-08,63,1952,PRIVATE,3,Toronto-St. Paul's,2025,2025-10-08
6561,4153885,2025-10-08,63,1955,PRIVATE,3,Toronto-St. Paul's,2025,2025-10-08
6555,4153886,2026-08-06,118,1956,PRIVATE,3,Toronto-St. Paul's,2026,2026-08-06
6554,4153887,2026-08-06,118,1957,PRIVATE,3,Toronto-St. Paul's,2026,2026-08-06
2478,4153888,2025-11-24,79,1963,PRIVATE,3,Toronto-St. Paul's,2025,2025-11-24
866,4153889,2025-09-11,45,1970,PRIVATE,3,Toronto-St. Paul's,2025,2025-09-11
868,4153890,2025-09-11,49,1959,PRIVATE,3,Toronto-St. Paul's,2025,2025-09-11
869,4153891,2024-06-18,49,1960,PRIVATE,3,Toronto-St. Paul's,2024,2024-06-18
5349,4153892,2024-11-08,56,1965,PRIVATE,3,Toronto-St. Paul's,2024,2024-11-08
5460,4153893,2025-10-22,73,1954,PRIVATE,3,Toronto-St. Paul's,2025,2025-10-22
4789,4153894,2026-07-29,55,1970,PRIVATE,3,Toronto-St. Paul's,2026,2026-07-29
1186,4153895,2025-11-24,31,1931,PRIVATE,3,Toronto-St. Paul's,2025,2025-11-24
4274,4153896,2026-07-09,60,1970,PRIVATE,3,Toronto-St. Paul's,2026,2026-07-09
4271,4153897,2026-07-15,54,1960,PRIVATE,3,Toronto-St. Paul's,2026,2026-07-15
1190,4153898,2025-11-25,24,1929,PRIVATE,3,Toronto-St. Paul's,2025,2025-11-25
1188,4153899,2025-11-25,32,1935,PRIVATE,3,Toronto-St. Paul's,2025,2025-11-25
4787,4153900,2026-07-23,36,1957,PRIVATE,3,Toronto-St. Paul's,2026,2026-07-23
4691,4153901,2025-09-16,15,1927,PRIVATE,3,Toronto-St. Paul's,2025,2025-09-16
4695,4153902,2025-09-16,19,1927,PRIVATE,3,Toronto-St. Paul's,2025,2025-09-16
4696,4153903,2026-07-28,10,1923,PRIVATE,3,Toronto-St. Paul's,2026,2026-07-28
4698,4153904,2025-09-20,32,1923,PRIVATE,3,Toronto-St. Paul's,2025,2025-09-20
5,4153905,2025-07-17,32,1962,PRIVATE,3,Toronto-St. Paul's,2025,2025-07-17
4701,4153906,2026-08-17,20,1930,PRIVATE,3,Toronto-St. Paul's,2026,2026-08-17
4700,4153907,2024-08-14,12,1920,PRIVATE,3,Toronto-St. Paul's,2024,2024-08-14
4693,4153908,2025-09-20,14,1925,PRIVATE,3,Toronto-St. Paul's,2025,2025-09-20
6650,4153909,2026-07-13,62,1955,PRIVATE,3,Toronto-St. Paul's,2026,2026-07-13
6562,4153910,2026-07-10,57,1955,PRIVATE,3,Toronto-St. Paul's,2026,2026-07-10
6564,4153911,2026-07-10,22,1956,PRIVATE,3,Toronto-St. Paul's,2026,2026-07-10
3376,4153912,2026-08-05,36,1920,PRIVATE,3,Toronto-St. Paul's,2026,2026-08-05
3373,4153913,2026-09-01,60,1982,PRIVATE,3,Toronto-St. Paul's,2026,2026-09-01
3290,4153914,2026-08-05,35,1920,PRIVATE,3,Toronto-St. Paul's,2026,2026-08-05
4459,4153915,2025-09-29,20,1915,PRIVATE,3,Toronto-St. Paul's,2025,2025-09-29
4457,4153916,2025-09-29,19,1927,PRIVATE,3,Toronto-St. Paul's,2025,2025-09-29
2254,4153917,2026-07-30,13,1918,PRIVATE,3,Toronto-St. Paul's,2026,2026-07-30
2256,4153918,2025-09-25,13,1918,PRIVATE,3,Toronto-St. Paul's,2025,2025-09-25
2469,4153919,2026-09-21,15,1928,PRIVATE,3,Toronto-St. Paul's,2026,2026-09-21
4464,4153920,2025-09-30,24,1930,PRIVATE,3,Toronto-St. Paul's,2025,2025-09-30
4474,4153921,2025-09-30,42,1955,PRIVATE,3,Toronto-St. Paul's,2025,2025-09-30
4461,4153922,2025-10-01,12,1929,PRIVATE,3,Toronto-St. Paul's,2025,2025-10-01
4465,4153923,2024-07-29,87,1959,PRIVATE,3,Toronto-St. Paul's,2024,2024-07-29
4467,4153924,2025-10-01,60,1965,PRIVATE,3,Toronto-St. Paul's,2025,2025-10-01
4468,4153925,2025-10-01,46,1934,PRIVATE,3,Toronto-St. Paul's,2025,2025-10-01
4473,4153926,2025-07-29,122,1962,PRIVATE,3,Toronto-St. Paul's,2025,2025-07-29
4477,4153927,2026-08-27,48,1960,PRIVATE,3,Toronto-St. Paul's,2026,2026-08-27
3794,4153928,2026-09-10,157,1957,PRIVATE,3,Toronto-St. Paul's,2026,2026-09-10
3796,4153929,2026-08-27,157,1957,PRIVATE,3,Toronto-St. Paul's,2026,2026-08-27
3798,4153930,2026-09-10,173,1957,PRIVATE,3,Toronto-St. Paul's,2026,2026-09-10
3799,4153931,2025-11-04,235,1957,PRIVATE,3,Toronto-St. Paul's,2025,2025-11-04
3802,4153932,2026-09-03,235,1957,PRIVATE,3,Toronto-St. Paul's,2026,2026-09-03
2259,4153933,2026-08-12,29,1959,PRIVATE,0,Toronto-St. Paul's,2026,2026-08-12
2264,4153934,2025-11-04,39,1955,PRIVATE,3,Toronto-St. Paul's,2025,2025-11-04
2262,4153935,2026-09-17,34,1960,PRIVATE,3,Toronto-St. Paul's,2026,2026-09-17
2258,4153936,2026-08-17,33,1938,PRIVATE,3,Toronto-St. Paul's,2026,2026-08-17
6652,4153937,2025-10-09,41,1952,PRIVATE,3,Toronto-St. Paul's,2025,2025-10-09
2266,4153938,2026-09-22,44,1955,PRIVATE,3,Toronto-St. Paul's,2026,2026-09-22
2294,4153939,2026-09-15,32,1955,PRIVATE,3,Toronto-St. Paul's,2026,2026-09-15
2949,4153940,2025-11-05,32,1954,PRIVATE,3,Toronto-St. Paul's,2025,2025-11-05
2948,4153941,2026-09-15,32,1937,PRIVATE,3,Toronto-St. Paul's,2026,2026-09-15
717,4153942,2026-09-10,41,1954,PRIVATE,3,Toronto-St. Paul's,2026,2026-09-10
1553,4153943,2026-08-13,33,1950,PRIVATE,3,Toronto-St. Paul's,2026,2026-08-13
3723,4153944,2026-08-12,28,1950,PRIVATE,3,Toronto-St. Paul's,2026,2026-08-12
1559,4153945,2026-08-25,31,1950,PRIVATE,3,Toronto-St. Paul's,2026,2026-08-25
1560,4153946,2025-07-29,17,1930,PRIVATE,1,Toronto-St. Paul's,2025,2025-07-29
3725,4153947,2026-09-18,42,1967,PRIVATE,3,Toronto-St. Paul's,2026,2026-09-18
2819,4153948,2026-07-23,91,1963,PRIVATE,3,Eglinton-Lawrence,2026,2026-07-23
3803,4153949,2024-09-12,65,1953,PRIVATE,3,Eglinton-Lawrence,2024,2024-09-12
1547,4153950,2025-06-27,11,1960,PRIVATE,3,Eglinton-Lawrence,2025,2025-06-27
1545,4153951,2025-06-27,25,1957,PRIVATE,3,Eglinton-Lawrence,2025,2025-06-27
1549,4153952,2026-08-20,60,1968,PRIVATE,3,Eglinton-Lawrence,2026,2026-08-20
1551,4153953,2026-08-19,102,1961,PRIVATE,3,Eglinton-Lawrence,2026,2026-08-19
3941,4153954,2025-10-24,138,1962,PRIVATE,3,Eglinton-Lawrence,2025,2025-10-24
3066,4153955,2026-09-04,138,1965,PRIVATE,3,Eglinton-Lawrence,2026,2026-09-04
3016,4153956,2024-07-05,155,1963,PRIVATE,3,Eglinton-Lawrence,2024,2024-07-05
5560,4153957,2025-06-27,210,1964,PRIVATE,3,Eglinton-Lawrence,2025,2025-06-27
3014,4153958,2025-09-17,78,1962,PRIVATE,3,Eglinton-Lawrence,2025,2025-09-17
3012,4153959,2025-09-17,78,1960,PRIVATE,3,Eglinton-Lawrence,2025,2025-09-17
2756,4153960,2025-09-18,70,1959,PRIVATE,3,Eglinton-Lawrence,2025,2025-09-18
1563,4153961,2025-06-30,87,1952,PRIVATE,3,Eglinton-Lawrence,2025,2025-06-30
1565,4153962,2026-07-31,57,1941,TCHC,3,Eglinton-Lawrence,2026,2026-07-31
1567,4153963,2025-11-26,36,1941,TCHC,1,Eglinton-Lawrence,2025,2025-11-26
1569,4153964,2026-08-10,40,1941,TCHC,3,Eglinton-Lawrence,2026,2026-08-10
3128,4153965,2025-11-26,12,1951,PRIVATE,1,Eglinton-Lawrence,2025,2025-11-26
5558,4153966,2024-07-03,62,1953,PRIVATE,3,Eglinton-Lawrence,2024,2024-07-03
3017,4153967,2024-07-09,52,1960,PRIVATE,3,Eglinton-Lawrence,2024,2024-07-09
1250,4153968,2025-11-29,53,1985,TCHC,1,Eglinton-Lawrence,2025,2025-11-29
1248,4153969,2025-11-29,229,1967,PRIVATE,3,Eglinton-Lawrence,2025,2025-11-29
5811,4153970,2025-11-25,76,1974,PRIVATE,3,Eglinton-Lawrence,2025,2025-11-25
5562,4153971,2026-08-21,31,1953,PRIVATE,3,Eglinton-Lawrence,2026,2026-08-21
5810,4153972,2026-08-20,36,1967,PRIVATE,3,Eglinton-Lawrence,2026,2026-08-20
5564,4153973,2026-09-18,83,1976,PRIVATE,3,Eglinton-Lawrence,2026,2026-09-18
5565,4153974,2024-07-22,114,1952,PRIVATE,3,Eglinton-Lawrence,2024,2024-07-22
2827,4153977,2025-10-28,125,1988,SOCIAL HOUSING,3,Eglinton-Lawrence,2025,2025-10-28
2830,4153978,2026-09-17,64,1965,PRIVATE,3,Eglinton-Lawrence,2026,2026-09-17
2829,4153979,2025-09-08,52,1953,PRIVATE,3,Eglinton-Lawrence,2025,2025-09-08
2825,4153980,2025-09-08,87,1959,PRIVATE,3,Eglinton-Lawrence,2025,2025-09-08
6725,4153981,2025-07-09,110,1961,PRIVATE,3,Eglinton-Lawrence,2025,2025-07-09
6723,4153982,2024-09-24,111,1961,PRIVATE,3,Eglinton-Lawrence,2024,2024-09-24
5567,4153983,2025-07-09,62,1953,PRIVATE,3,Eglinton-Lawrence,2025,2025-07-09
5808,4153984,2025-11-25,85,1956,PRIVATE,3,Eglinton-Lawrence,2025,2025-11-25
2821,4153985,2025-10-28,104,1965,PRIVATE,3,Eglinton-Lawrence,2025,2025-10-28
2822,4153986,2026-08-10,138,1958,PRIVATE,3,Eglinton-Lawrence,2026,2026-08-10
1721,4153988,2025-11-05,10,1930,PRIVATE,3,Toronto-St. Paul's,2025,2025-11-05
3939,4153989,2025-11-13,33,1940,PRIVATE,3,Toronto-St. Paul's,2025,2025-11-13
1539,4153990,2024-09-20,18,1950,PRIVATE,3,Toronto-St. Paul's,2024,2024-09-20
1537,4153991,2025-09-16,18,1950,PRIVATE,3,Toronto-St. Paul's,2025,2025-09-16
3936,4153992,2026-08-19,29,1928,PRIVATE,3,Toronto-St. Paul's,2026,2026-08-19
1541,4153993,2025-07-30,18,1920,PRIVATE,3,Toronto-St. Paul's,2025,2025-07-30
5297,4153994,2025-11-06,40,1935,PRIVATE,3,Toronto-St. Paul's,2025,2025-11-06
6655,4153995,2025-10-07,10,1948,PRIVATE,3,Toronto-St. Paul's,2025,2025-10-07
6659,4153996,2025-10-07,10,1952,PRIVATE,3,Toronto-St. Paul's,2025,2025-10-07
6661,4153997,2025-10-07,10,1950,PRIVATE,3,Toronto-St. Paul's,2025,2025-10-07
6663,4153998,2026-07-21,10,1960,PRIVATE,3,Toronto-St. Paul's,2026,2026-07-21
6664,4153999,2025-10-14,10,1960,PRIVATE,3,Toronto-St. Paul's,2025,2025-10-14
6666,4154000,2026-07-21,10,1960,PRIVATE,3,Toronto-St. Paul's,2026,2026-07-21
1542,4154001,2025-08-27,31,1955,PRIVATE,3,Toronto-St. Paul's,2025,2025-08-27
5771,4154002,2026-08-13,21,1940,PRIVATE,3,Toronto-St. Paul's,2026,2026-08-13
2269,4154003,2025-10-23,21,1930,PRIVATE,3,Toronto-St. Paul's,2025,2025-10-23
2268,4154004,2026-08-20,18,1930,PRIVATE,3,Toronto-St. Paul's,2026,2026-08-20
6669,4154005,2026-07-14,40,1965,PRIVATE,3,Toronto-St. Paul's,2026,2026-07-14
6672,4154006,2025-08-27,13,1961,PRIVATE,1,Eglinton-Lawrence,2025,2025-08-27
6671,4154007,2025-07-03,22,1960,PRIVATE,3,Eglinton-Lawrence,2025,2025-07-03
5870,4154008,2025-06-26,172,1968,PRIVATE,3,Eglinton-Lawrence,2025,2025-06-26
2816,4154009,2025-08-12,21,1954,PRIVATE,3,Eglinton-Lawrence,2025,2025-08-12
5433,4154010,2025-12-03,319,1974,PRIVATE,3,Eglinton-Lawrence,2025,2025-12-03
4279,4154011,2025-08-12,109,1952,PRIVATE,3,Eglinton-Lawrence,2025,2025-08-12
5427,4154012,2024-08-16,458,1974,PRIVATE,3,Eglinton-Lawrence,2024,2024-08-16
5431,4154013,2025-12-03,36,1900,PRIVATE,3,Eglinton-Lawrence,2025,2025-12-03
2815,4154014,2024-07-24,12,1950,PRIVATE,2,Eglinton-Lawrence,2024,2024-07-24
6605,4154015,2026-09-01,17,1955,PRIVATE,3,Eglinton-Lawrence,2026,2026-09-01
6606,4154016,2024-07-24,26,1955,PRIVATE,3,Eglinton-Lawrence,2024,2024-07-24
1729,4154019,2025-06-17,63,1954,PRIVATE,3,Eglinton-Lawrence,2025,2025-06-17
1737,4154020,2026-09-10,50,1950,PRIVATE,3,Eglinton-Lawrence,2026,2026-09-10
4953,4154021,2024-07-29,64,1929,PRIVATE,3,Eglinton-Lawrence,2024,2024-07-29
1746,4154022,2024-07-16,46,1929,PRIVATE,3,Eglinton-Lawrence,2024,2024-07-16
1745,4154023,2025-06-16,46,1929,PRIVATE,3,Eglinton-Lawrence,2025,2025-06-16
4952,4154024,2024-09-04,41,1936,PRIVATE,3,Eglinton-Lawrence,2024,2024-09-04
1748,4154025,2025-06-20,272,1955,PRIVATE,3,Eglinton-Lawrence,2025,2025-06-20
6242,4154026,2025-07-09,39,1960,PRIVATE,3,Eglinton-Lawrence,2025,2025-07-09
1751,4154027,2025-06-17,41,1957,PRIVATE,3,Eglinton-Lawrence,2025,2025-06-17
1750,4154028,2025-06-17,41,1957,PRIVATE,3,Eglinton-Lawrence,2025,2025-06-17
4792,4154029,2025-08-11,26,1957,PRIVATE,3,Eglinton-Lawrence,2025,2025-08-11
4795,4154030,2026-09-09,25,1957,PRIVATE,3,Eglinton-Lawrence,2026,2026-09-09
1757,4154031,2024-08-20,27,1940,PRIVATE,1,Eglinton-Lawrence,2024,2024-08-20
1755,4154032,2026-06-25,27,1940,PRIVATE,0,Eglinton-Lawrence,2026,2026-06-25
486,4154034,2026-08-05,122,1960,PRIVATE,3,Beaches-East York,2026,2026-08-05
485,4154035,2025-08-13,132,1960,PRIVATE,3,Beaches-East York,2025,2025-08-13
483,4154036,2026-08-05,102,1956,PRIVATE,3,Beaches-East York,2026,2026-08-05
5838,4154037,2025-08-05,584,1971,PRIVATE,3,Beaches-East York,2025,2025-08-05
6309,4154038,2025-11-03,43,1959,PRIVATE,3,Beaches-East York,2025,2025-11-03
6308,4154039,2026-07-08,46,1953,PRIVATE,3,Beaches-East York,2026,2026-07-08
6306,4154040,2026-07-15,34,1950,PRIVATE,3,Beaches-East York,2026,2026-07-15
6304,4154041,2025-09-16,62,1960,PRIVATE,1,Beaches-East York,2025,2025-09-16
6302,4154042,2026-08-26,66,1959,PRIVATE,3,Beaches-East York,2026,2026-08-26
6300,4154043,2025-10-20,67,1958,PRIVATE,3,Beaches-East York,2025,2025-10-20
6297,4154044,2026-05-28,332,1966,PRIVATE,1,Beaches-East York,2026,2026-05-28
512,4154045,2025-08-29,164,1994,SOCIAL HOUSING,3,Beaches-East York,2025,2025-08-29
446,4154047,2025-09-10,58,1962,PRIVATE,3,Beaches-East York,2025,2025-09-10
6398,4154048,2024-07-09,60,1959,PRIVATE,3,Beaches-East York,2024,2024-07-09
6311,4154049,2025-11-12,84,1959,PRIVATE,2,Beaches-East York,2025,2025-11-12
3105,4154050,2026-08-10,106,1965,PRIVATE,2,Beaches-East York,2026,2026-08-10
6296,4154051,2026-09-01,49,1970,SOCIAL HOUSING,3,Beaches-East York,2026,2026-09-01
2348,4154054,2026-08-19,56,1971,PRIVATE,3,Beaches-East York,2026,2026-08-19
2344,4154055,2025-09-25,108,1971,PRIVATE,3,Beaches-East York,2025,2025-09-25
2341,4154056,2026-08-10,121,1971,PRIVATE,3,Beaches-East York,2026,2026-08-10
2346,4154057,2026-08-19,84,1971,PRIVATE,3,Beaches-East York,2026,2026-08-19
456,4154059,2025-11-18,57,1955,PRIVATE,3,Beaches-East York,2025,2025-11-18
812,4154061,2026-09-21,127,1983,SOCIAL HOUSING,3,Beaches-East York,2026,2026-09-21
838,4154062,2025-11-05,16,1956,PRIVATE,1,Beaches-East York,2025,2025-11-05
836,4154063,2025-11-20,15,1956,PRIVATE,3,Beaches-East York,2025,2025-11-20
3484,4154064,2026-09-10,84,1950,PRIVATE,3,Beaches-East York,2026,2026-09-10
830,4154065,2025-12-10,31,1950,PRIVATE,3,Beaches-East York,2025,2025-12-10
816,4154066,2025-11-05,34,1955,PRIVATE,3,Beaches-East York,2025,2025-11-05
814,4154067,2025-11-05,31,1960,PRIVATE,1,Beaches-East York,2025,2025-11-05
4934,4154068,2026-09-10,109,1979,SOCIAL HOUSING,3,Beaches-East York,2026,2026-09-10
4936,4154069,2026-07-07,56,1960,PRIVATE,3,Beaches-East York,2026,2026-07-07
6711,4154070,2026-09-09,78,1950,PRIVATE,3,Beaches-East York,2026,2026-09-09
1666,4154071,2025-11-25,59,1970,PRIVATE,3,Beaches-East York,2025,2025-11-25
5130,4154073,2025-08-21,12,1968,PRIVATE,3,Beaches-East York,2025,2025-08-21
5136,4154075,2026-09-09,234,1967,PRIVATE,3,Beaches-East York,2026,2026-09-09
5774,4154076,2026-09-14,383,1969,PRIVATE,3,Beaches-East York,2026,2026-09-14
3043,4154077,2025-08-20,303,1971,PRIVATE,3,Beaches-East York,2025,2025-08-20
5773,4154078,2026-08-24,235,1974,PRIVATE,3,Beaches-East York,2026,2026-08-24
4961,4154079,2026-08-17,20,1962,PRIVATE,3,Beaches-East York,2026,2026-08-17
582,4154080,2026-07-22,200,1962,TCHC,3,Beaches-East York,2026,2026-07-22
1670,4154081,2026-07-06,304,1968,PRIVATE,3,Beaches-East York,2026,2026-07-06
1668,4154082,2026-08-13,61,1992,SOCIAL HOUSING,3,Beaches-East York,2026,2026-08-13
4386,4154084,2024-06-28,42,1957,PRIVATE,3,Toronto-Danforth,2024,2024-06-28
4986,4154085,2026-08-17,44,2012,SOCIAL HOUSING,3,Toronto-Danforth,2026,2026-08-17
4984,4154086,2024-06-18,254,1986,TCHC,3,Toronto-Danforth,2024,2024-06-18
5509,4154087,2026-08-24,30,1960,PRIVATE,3,Toronto-Danforth,2026,2026-08-24
5516,4154088,2026-08-26,82,1965,PRIVATE,3,Toronto-Danforth,2026,2026-08-26
5517,4154089,2025-11-07,29,1958,PRIVATE,3,Toronto-Danforth,2025,2025-11-07
5522,4154090,2026-09-02,83,1950,PRIVATE,3,Toronto-Danforth,2026,2026-09-02
5524,4154091,2025-07-31,30,1965,PRIVATE,3,Toronto-Danforth,2025,2025-07-31
5525,4154092,2026-07-22,37,1960,PRIVATE,3,Toronto-Danforth,2026,2026-07-22
5615,4154093,2026-07-29,160,1967,PRIVATE,3,Toronto-Danforth,2026,2026-07-29
5527,4154095,2025-07-17,47,1959,PRIVATE,3,Toronto-Danforth,2025,2025-07-17
5613,4154096,2026-07-29,45,1965,PRIVATE,1,Toronto-Danforth,2026,2026-07-29
5616,4154097,2025-11-19,33,1968,PRIVATE,2,Toronto-Danforth,2025,2025-11-19
5621,4154098,2025-07-16,38,1959,PRIVATE,3,Toronto-Danforth,2025,2025-07-16
5625,4154099,2025-07-31,40,1955,PRIVATE,3,Toronto-Danforth,2025,2025-07-31
5628,4154100,2025-07-30,40,1927,PRIVATE,1,Toronto-Danforth,2025,2025-07-30
5519,4154101,2025-11-07,153,1962,PRIVATE,3,Toronto-Danforth,2025,2025-11-07
5512,4154102,2025-07-08,48,1956,PRIVATE,3,Toronto-Danforth,2025,2025-07-08
5508,4154103,2024-06-28,57,1950,PRIVATE,3,Toronto-Danforth,2024,2024-06-28
71,4154104,2025-07-02,17,1950,PRIVATE,3,Toronto-Danforth,2025,2025-07-02
2965,4154105,2024-09-05,34,1955,PRIVATE,3,Toronto-Danforth,2024,2024-09-05
2967,4154106,2025-07-02,26,1950,PRIVATE,1,Toronto-Danforth,2025,2025-07-02
6037,4154107,2026-07-22,41,1973,PRIVATE,3,Toronto-Danforth,2026,2026-07-22
5235,4154108,2025-11-28,34,1960,PRIVATE,2,Toronto-Danforth,2025,2025-11-28
629,4154109,2025-10-07,41,1992,SOCIAL HOUSING,3,Toronto-Danforth,2025,2025-10-07
5233,4154110,2024-09-05,50,1927,PRIVATE,3,Toronto-Danforth,2024,2024-09-05
5404,4154111,2025-07-02,129,1962,PRIVATE,3,Toronto-Danforth,2025,2025-07-02
5411,4154112,2026-08-10,155,1973,PRIVATE,3,Toronto-Danforth,2026,2026-08-10
5413,4154113,2026-09-22,118,1968,PRIVATE,3,Toronto-Danforth,2026,2026-09-22
5417,4154114,2025-11-12,86,1986,PRIVATE,3,Toronto-Danforth,2025,2025-11-12
5502,4154115,2026-07-29,73,1960,PRIVATE,3,Toronto-Danforth,2026,2026-07-29
510,4154116,2024-06-06,160,1968,PRIVATE,3,Toronto-Danforth,2024,2024-06-06
504,4154117,2025-07-31,118,1970,PRIVATE,3,Toronto-Danforth,2025,2025-07-31
506,4154118,2026-09-10,88,1968,PRIVATE,3,Toronto-Danforth,2026,2026-09-10
509,4154119,2025-06-16,121,1966,PRIVATE,3,Toronto-Danforth,2025,2025-06-16
695,4154120,2024-09-13,75,1960,PRIVATE,3,Toronto-Danforth,2024,2024-09-13
696,4154121,2026-09-02,28,1970,PRIVATE,3,Toronto-Danforth,2026,2026-09-02
699,4154122,2026-08-18,49,1974,PRIVATE,3,Toronto-Danforth,2026,2026-08-18
700,4154123,2026-08-31,49,1960,PRIVATE,1,Toronto-Danforth,2026,2026-08-31
702,4154124,2026-08-17,48,1955,PRIVATE,1,Toronto-Danforth,2026,2026-08-17
704,4154125,2024-08-14,33,1958,PRIVATE,3,Toronto-Danforth,2024,2024-08-14
707,4154126,2025-07-31,81,1961,PRIVATE,3,Toronto-Danforth,2025,2025-07-31
709,4154127,2025-07-31,94,1961,PRIVATE,3,Toronto-Danforth,2025,2025-07-31
5419,4154128,2025-07-31,140,1961,PRIVATE,3,Toronto-Danforth,2025,2025-07-31
5414,4154129,2025-07-02,84,1970,PRIVATE,3,Toronto-Danforth,2025,2025-07-02
5409,4154130,2026-08-10,173,1965,PRIVATE,3,Toronto-Danforth,2026,2026-08-10
5407,4154131,2025-09-03,26,1965,PRIVATE,3,Toronto-Danforth,2025,2025-09-03
6038,4154132,2025-07-31,134,1970,PRIVATE,3,Toronto-Danforth,2025,2025-07-31
692,4154133,2025-07-31,27,1958,PRIVATE,3,Toronto-Danforth,2025,2025-07-31
712,4154134,2025-07-31,152,1965,PRIVATE,3,Toronto-Danforth,2025,2025-07-31
705,4154135,2026-08-31,212,1964,PRIVATE,3,Toronto-Danforth,2026,2026-08-31
693,4154136,2025-07-31,213,1964,PRIVATE,3,Toronto-Danforth,2025,2025-07-31
6040,4154137,2025-11-06,38,1955,PRIVATE,3,Toronto-Danforth,2025,2025-11-06
3310,4154138,2024-07-05,44,1953,PRIVATE,3,Toronto-Danforth,2024,2024-07-05
6033,4154139,2025-07-31,110,1969,PRIVATE,3,Toronto-Danforth,2025,2025-07-31
6035,4154140,2024-06-18,109,1971,PRIVATE,3,Toronto-Danforth,2024,2024-06-18
1258,4154142,2026-09-08,38,1945,PRIVATE,3,Toronto-Danforth,2026,2026-09-08
24,4154144,2025-12-10,77,1975,SOCIAL HOUSING,3,Don Valley West,2025,2025-12-10
4157,4154145,2025-07-25,77,1960,PRIVATE,3,Don Valley West,2025,2025-07-25
4158,4154146,2026-09-11,77,1960,PRIVATE,3,Don Valley West,2026,2026-09-11
4160,4154147,2025-07-25,82,1955,PRIVATE,3,Don Valley West,2025,2025-07-25
4163,4154148,2025-07-25,76,1960,PRIVATE,3,Don Valley West,2025,2025-07-25
27,4154149,2026-09-17,86,1960,PRIVATE,3,Don Valley West,2026,2026-09-17
30,4154150,2025-08-12,287,1964,PRIVATE,3,Don Valley West,2025,2025-08-12
35,4154151,2025-09-05,380,1965,PRIVATE,3,Don Valley West,2025,2025-09-05
38,4154152,2024-09-18,474,1966,PRIVATE,3,Don Valley West,2024,2024-09-18
39,4154153,2024-07-31,400,1968,PRIVATE,3,Don Valley West,2024,2024-07-31
42,4154154,2025-09-17,279,1968,PRIVATE,3,Don Valley West,2025,2025-09-17
50,4154155,2025-10-17,332,1967,PRIVATE,3,Don Valley West,2025,2025-10-17
51,4154156,2024-08-27,314,1966,PRIVATE,3,Don Valley West,2024,2024-08-27
53,4154157,2025-09-10,308,1966,PRIVATE,3,Don Valley West,2025,2025-09-10
55,4154158,2025-09-10,319,1966,PRIVATE,3,Don Valley West,2025,2025-09-10
196,4154159,2025-10-08,500,1971,PRIVATE,3,Don Valley West,2025,2025-10-08
48,4154160,2025-12-09,71,1960,PRIVATE,3,Don Valley West,2025,2025-12-09
46,4154161,2024-09-09,64,1960,PRIVATE,3,Don Valley West,2024,2024-09-09
45,4154162,2025-09-17,71,1960,PRIVATE,3,Don Valley West,2025,2025-09-17
41,4154163,2024-08-20,57,1960,PRIVATE,3,Don Valley West,2024,2024-08-20
40,4154164,2024-08-20,57,1960,PRIVATE,3,Don Valley West,2024,2024-08-20
37,4154165,2025-09-05,90,1964,PRIVATE,3,Don Valley West,2025,2025-09-05
33,4154166,2025-08-12,60,1962,PRIVATE,3,Don Valley West,2025,2025-08-12
31,4154168,2024-08-02,70,1959,PRIVATE,3,Don Valley West,2024,2024-08-02
26,4154169,2025-11-28,62,1960,PRIVATE,3,Don Valley West,2025,2025-11-28
519,4154170,2026-08-14,60,1958,PRIVATE,3,Don Valley West,2026,2026-08-14
518,4154171,2026-09-11,60,1962,PRIVATE,3,Don Valley West,2026,2026-09-11
515,4154172,2026-08-07,60,1960,PRIVATE,3,Don Valley West,2026,2026-08-07
22,4154173,2025-08-12,60,1959,PRIVATE,3,Don Valley West,2025,2025-08-12
20,4154174,2025-11-28,109,1985,SOCIAL HOUSING,3,Don Valley West,2025,2025-11-28
18,4154175,2026-08-19,219,1988,TCHC,3,Don Valley West,2026,2026-08-19
6627,4154176,2026-07-03,350,1960,PRIVATE,3,Don Valley East,2026,2026-07-03
4262,4154177,2026-09-08,15,1947,PRIVATE,3,Don Valley West,2026,2026-09-08
4173,4154179,2026-09-08,13,1950,PRIVATE,3,Don Valley West,2026,2026-09-08
6130,4154180,2025-09-02,69,1965,PRIVATE,3,Don Valley West,2025,2025-09-02
6133,4154181,2025-09-02,19,1953,PRIVATE,3,Don Valley West,2025,2025-09-02
6135,4154182,2026-08-21,19,1953,PRIVATE,3,Don Valley West,2026,2026-08-21
6137,4154183,2025-09-02,38,1950,PRIVATE,3,Don Valley West,2025,2025-09-02
6141,4154184,2026-09-10,105,1941,PRIVATE,3,Don Valley West,2026,2026-09-10
4171,4154185,2025-08-06,14,1950,PRIVATE,3,Don Valley West,2025,2025-08-06
6129,4154186,2026-07-07,48,1954,PRIVATE,3,Don Valley West,2026,2026-07-07
3287,4154187,2025-08-06,34,1962,PRIVATE,3,Don Valley West,2025,2025-08-06
3887,4154188,2025-10-28,13,1956,PRIVATE,3,Don Valley West,2025,2025-10-28
4264,4154189,2025-08-06,10,1939,PRIVATE,3,Don Valley West,2025,2025-08-06
1462,4154190,2026-08-24,88,1986,PRIVATE,3,Don Valley West,2026,2026-08-24
6143,4154191,2025-09-11,26,1960,PRIVATE,3,Don Valley West,2025,2025-09-11
1484,4154192,2026-07-17,49,1962,PRIVATE,3,Don Valley West,2026,2026-07-17
1482,4154193,2026-07-17,50,1965,PRIVATE,3,Don Valley West,2026,2026-07-17
1480,4154194,2026-09-17,12,1954,PRIVATE,3,Don Valley West,2026,2026-09-17
1478,4154195,2025-09-29,16,1944,PRIVATE,3,Don Valley West,2025,2025-09-29
5718,4154196,2026-08-14,12,1960,PRIVATE,1,Don Valley West,2026,2026-08-14
5721,4154197,2025-10-28,16,1958,PRIVATE,2,Don Valley West,2025,2025-10-28
1476,4154198,2025-09-29,24,1945,PRIVATE,3,Don Valley West,2025,2025-09-29
1473,4154199,2025-12-01,23,1958,PRIVATE,2,Don Valley West,2025,2025-12-01
1472,4154200,2026-08-21,21,1954,PRIVATE,3,Don Valley West,2026,2026-08-21
1470,4154201,2026-08-14,43,1950,PRIVATE,3,Don Valley West,2026,2026-08-14
1468,4154202,2025-09-22,44,1954,PRIVATE,3,Don Valley West,2025,2025-09-22
1466,4154203,2025-09-22,37,1961,PRIVATE,3,Don Valley West,2025,2025-09-22
1464,4154204,2025-09-22,18,1954,PRIVATE,3,Don Valley West,2025,2025-09-22
6230,4154205,2025-09-11,27,1965,PRIVATE,3,Don Valley West,2025,2025-09-11
6232,4154206,2026-09-11,20,1911,PRIVATE,3,Don Valley West,2026,2026-09-11
6228,4154207,2026-09-08,112,1965,PRIVATE,3,Don Valley West,2026,2026-09-08
1977,4154208,2024-07-26,32,1955,PRIVATE,3,Humber River-Black Creek,2024,2024-07-26
1979,4154209,2025-11-06,31,1954,PRIVATE,3,Humber River-Black Creek,2025,2025-11-06
1981,4154210,2025-11-06,31,1954,PRIVATE,3,Humber River-Black Creek,2025,2025-11-06
1964,4154211,2025-11-07,10,1950,PRIVATE,2,Humber River-Black Creek,2025,2025-11-07
1967,4154212,2026-08-11,11,1953,PRIVATE,3,Humber River-Black Creek,2026,2026-08-11
1969,4154213,2026-08-27,10,1950,PRIVATE,1,Humber River-Black Creek,2026,2026-08-27
1971,4154214,2025-11-07,10,1950,PRIVATE,3,Humber River-Black Creek,2025,2025-11-07
1972,4154215,2024-07-26,10,1964,PRIVATE,3,Humber River-Black Creek,2024,2024-07-26
1974,4154216,2026-08-19,10,1973,PRIVATE,3,Humber River-Black Creek,2026,2026-08-19
1976,4154217,2026-07-31,10,1967,PRIVATE,3,Humber River-Black Creek,2026,2026-07-31
5959,4154218,2026-07-27,71,1985,PRIVATE,3,Humber River-Black Creek,2026,2026-07-27
3935,4154219,2025-11-20,30,1965,PRIVATE,3,Humber River-Black Creek,2025,2025-11-20
6720,4154220,2026-08-19,223,1974,PRIVATE,3,Humber River-Black Creek,2026,2026-08-19
6718,4154221,2025-10-16,263,1972,PRIVATE,3,Humber River-Black Creek,2025,2025-10-16
6716,4154222,2026-08-19,262,1972,PRIVATE,3,Humber River-Black Creek,2026,2026-08-19
6713,4154223,2025-10-16,466,1972,PRIVATE,3,Humber River-Black Creek,2025,2025-10-16
4310,4154224,2025-10-15,115,1960,PRIVATE,3,Humber River-Black Creek,2025,2025-10-15
1064,4154226,2025-10-09,204,1967,PRIVATE,3,Humber River-Black Creek,2025,2025-10-09
4311,4154228,2024-07-26,52,1972,PRIVATE,3,Humber River-Black Creek,2024,2024-07-26
4397,4154229,2025-08-08,144,1968,PRIVATE,3,Humber River-Black Creek,2025,2025-08-08
4400,4154230,2025-10-23,156,1971,PRIVATE,3,Humber River-Black Creek,2025,2025-10-23
4405,4154231,2026-09-21,153,1970,PRIVATE,3,Humber River-Black Creek,2026,2026-09-21
4403,4154232,2026-09-10,183,1960,PRIVATE,3,Humber River-Black Creek,2026,2026-09-10
4407,4154233,2026-09-21,164,1970,PRIVATE,3,Humber River-Black Creek,2026,2026-09-21
1440,4154234,2026-09-02,171,1971,PRIVATE,3,Humber River-Black Creek,2026,2026-09-02
5200,4154235,2026-09-01,137,1970,PRIVATE,3,Humber River-Black Creek,2026,2026-09-01
5204,4154236,2026-09-01,32,1971,PRIVATE,3,Humber River-Black Creek,2026,2026-09-01
5202,4154237,2025-10-17,109,1970,PRIVATE,3,Humber River-Black Creek,2025,2025-10-17
4312,4154238,2025-10-15,118,1968,PRIVATE,3,Humber River-Black Creek,2025,2025-10-15
4398,4154239,2024-06-26,198,1975,PRIVATE,3,Humber River-Black Creek,2024,2024-06-26
1061,4154243,2024-06-24,27,2008,TCHC,3,Humber River-Black Creek,2024,2024-06-24
1394,4154244,2025-09-26,117,1959,PRIVATE,3,Humber River-Black Creek,2025,2025-09-26
1391,4154246,2025-10-10,258,1972,PRIVATE,3,Humber River-Black Creek,2025,2025-10-10
1389,4154247,2026-08-19,121,1970,PRIVATE,3,Humber River-Black Creek,2026,2026-08-19
1829,4154248,2025-10-14,263,1972,PRIVATE,3,Humber River-Black Creek,2025,2025-10-14
4622,4154249,2025-10-20,90,1966,PRIVATE,3,Humber River-Black Creek,2025,2025-10-20
4586,4154250,2025-11-02,114,1962,PRIVATE,3,Humber River-Black Creek,2025,2025-11-02
1400,4154251,2025-10-14,166,1993,SOCIAL HOUSING,3,Humber River-Black Creek,2025,2025-10-14
1818,4154253,2025-08-07,55,1961,PRIVATE,3,Humber River-Black Creek,2025,2025-08-07
2623,4154254,2026-08-17,59,1961,PRIVATE,3,Humber River-Black Creek,2026,2026-08-17
1824,4154255,2026-08-07,57,1963,PRIVATE,1,Humber River-Black Creek,2026,2026-08-07
1826,4154256,2026-08-07,57,1963,PRIVATE,1,Humber River-Black Creek,2026,2026-08-07
5961,4154257,2025-08-08,10,1960,PRIVATE,3,Humber River-Black Creek,2025,2025-08-08
5963,4154258,2026-08-17,12,1973,PRIVATE,3,Humber River-Black Creek,2026,2026-08-17
2621,4154259,2025-10-10,176,1984,TCHC,3,Humber River-Black Creek,2025,2025-10-10
4798,4154260,2026-08-07,16,1952,PRIVATE,3,Humber River-Black Creek,2026,2026-08-07
57,4154261,2026-06-23,138,1969,PRIVATE,3,Humber River-Black Creek,2026,2026-06-23
2971,4154262,2026-06-26,428,1977,PRIVATE,3,Humber River-Black Creek,2026,2026-06-26
991,4154263,2025-10-09,151,1967,PRIVATE,3,Humber River-Black Creek,2025,2025-10-09
1130,4154264,2025-10-09,323,1969,TCHC,3,Humber River-Black Creek,2025,2025-10-09
4827,4154265,2026-07-17,167,1969,PRIVATE,3,Humber River-Black Creek,2026,2026-07-17
4829,4154266,2025-10-08,169,1974,PRIVATE,3,Humber River-Black Creek,2025,2025-10-08
1022,4154267,2024-07-02,356,1973,PRIVATE,3,Humber River-Black Creek,2024,2024-07-02
4417,4154268,2025-10-21,291,1975,PRIVATE,3,Humber River-Black Creek,2025,2025-10-21
4415,4154270,2026-07-07,97,1973,PRIVATE,3,Humber River-Black Creek,2026,2026-07-07
4411,4154271,2024-07-05,163,1967,PRIVATE,3,Humber River-Black Creek,2024,2024-07-05
1772,4154272,2025-10-28,40,1966,PRIVATE,3,Humber River-Black Creek,2025,2025-10-28
1775,4154273,2025-10-08,133,1965,PRIVATE,3,Humber River-Black Creek,2025,2025-10-08
1387,4154274,2025-08-08,15,2008,TCHC,3,Humber River-Black Creek,2025,2025-08-08
5325,4154275,2026-07-14,148,1960,PRIVATE,3,Humber River-Black Creek,2026,2026-07-14
5327,4154276,2024-08-20,75,1969,PRIVATE,3,Humber River-Black Creek,2024,2024-08-20
1990,4154277,2024-08-07,96,1965,PRIVATE,3,Humber River-Black Creek,2024,2024-08-07
1398,4154278,2024-08-06,113,1971,PRIVATE,3,Humber River-Black Creek,2024,2024-08-06
4644,4154279,2025-11-10,187,1959,PRIVATE,3,York South-Weston,2025,2025-11-10
612,4154280,2025-11-10,42,1966,PRIVATE,3,York South-Weston,2025,2025-11-10
561,4154281,2025-11-10,42,1960,PRIVATE,3,York South-Weston,2025,2025-11-10
562,4154282,2025-11-10,51,1961,PRIVATE,3,York South-Weston,2025,2025-11-10
565,4154283,2026-07-29,52,1961,PRIVATE,3,York South-Weston,2026,2026-07-29
571,4154284,2026-07-30,42,1967,PRIVATE,3,York South-Weston,2026,2026-07-30
575,4154285,2026-08-06,43,1965,PRIVATE,3,York South-Weston,2026,2026-08-06
5861,4154286,2026-07-21,110,1954,PRIVATE,3,York South-Weston,2026,2026-07-21
4739,4154287,2026-08-11,10,1958,PRIVATE,3,York South-Weston,2026,2026-08-11
4735,4154289,2026-08-15,22,1957,PRIVATE,2,York South-Weston,2026,2026-08-15
4733,4154290,2026-08-21,89,1992,SOCIAL HOUSING,3,York South-Weston,2026,2026-08-21
4731,4154291,2026-07-27,93,1961,PRIVATE,3,York South-Weston,2026,2026-07-27
4646,4154292,2026-07-27,71,1961,PRIVATE,3,York South-Weston,2026,2026-07-27
558,4154293,2025-11-13,57,1960,PRIVATE,3,York South-Weston,2025,2025-11-13
567,4154294,2026-07-31,53,1963,PRIVATE,3,York South-Weston,2026,2026-07-31
569,4154295,2025-11-13,47,1961,PRIVATE,3,York South-Weston,2025,2025-11-13
573,4154296,2026-08-15,60,1960,PRIVATE,3,York South-Weston,2026,2026-08-15
577,4154297,2026-07-30,19,1960,PRIVATE,2,York South-Weston,2026,2026-07-30
4353,4154298,2025-09-26,24,1962,PRIVATE,2,York South-Weston,2025,2025-09-26
4351,4154299,2025-11-18,350,1970,PRIVATE,3,York South-Weston,2025,2025-11-18
4745,4154300,2025-11-13,47,1957,PRIVATE,3,York South-Weston,2025,2025-11-13
4743,4154301,2026-08-28,47,1957,PRIVATE,3,York South-Weston,2026,2026-08-28
6427,4154302,2026-07-21,11,1960,PRIVATE,1,York South-Weston,2026,2026-07-21
6430,4154303,2025-10-23,11,1953,PRIVATE,3,York South-Weston,2025,2025-10-23
4748,4154304,2025-11-13,12,1950,PRIVATE,3,York South-Weston,2025,2025-11-13
4753,4154305,2025-11-13,12,1954,SOCIAL HOUSING,3,York South-Weston,2025,2025-11-13
4841,4154306,2026-08-04,12,1953,PRIVATE,3,York South-Weston,2026,2026-08-04
4845,4154307,2026-08-04,12,1954,PRIVATE,3,York South-Weston,2026,2026-08-04
4847,4154308,2025-11-13,12,1950,PRIVATE,3,York South-Weston,2025,2025-11-13
4253,4154309,2026-07-28,10,1958,PRIVATE,3,York South-Weston,2026,2026-07-28
3320,4154310,2025-11-13,26,1958,PRIVATE,3,York South-Weston,2025,2025-11-13
3322,4154311,2026-08-21,23,1958,PRIVATE,1,York South-Weston,2026,2026-08-21
3323,4154312,2026-09-21,39,1955,PRIVATE,3,York South-Weston,2026,2026-09-21
3326,4154313,2025-11-13,12,1950,PRIVATE,3,York South-Weston,2025,2025-11-13
3336,4154314,2025-11-14,11,1965,PRIVATE,3,York South-Weston,2025,2025-11-14
3341,4154315,2026-09-16,12,1958,PRIVATE,3,York South-Weston,2026,2026-09-16
3342,4154316,2026-09-02,11,1953,PRIVATE,1,York South-Weston,2026,2026-09-02
3345,4154317,2026-08-24,21,1955,PRIVATE,3,York South-Weston,2026,2026-08-24
3430,4154318,2025-11-14,21,1955,PRIVATE,3,York South-Weston,2025,2025-11-14
3432,4154319,2026-08-27,21,1953,PRIVATE,2,York South-Weston,2026,2026-08-27
2952,4154320,2026-07-08,23,1958,PRIVATE,3,York South-Weston,2026,2026-07-08
3433,4154321,2026-08-24,33,1960,PRIVATE,3,York South-Weston,2026,2026-08-24
3831,4154322,2026-07-13,364,1984,PRIVATE,3,York South-Weston,2026,2026-07-13
6158,4154323,2025-10-24,19,1965,PRIVATE,3,York South-Weston,2025,2025-10-24
4369,4154324,2026-07-29,32,1961,PRIVATE,3,York South-Weston,2026,2026-07-29
4191,4154325,2025-10-22,28,1958,PRIVATE,3,York South-Weston,2025,2025-10-22
4193,4154326,2026-07-15,29,1960,PRIVATE,3,York South-Weston,2026,2026-07-15
4363,4154327,2026-07-14,30,1959,PRIVATE,1,York South-Weston,2026,2026-07-14
4366,4154328,2025-10-24,34,1960,PRIVATE,3,York South-Weston,2025,2025-10-24
4368,4154329,2025-10-24,70,1979,PRIVATE,3,York South-Weston,2025,2025-10-24
4195,4154330,2026-07-20,102,1971,PRIVATE,3,York South-Weston,2026,2026-07-20
4197,4154331,2025-10-24,105,1960,PRIVATE,3,York South-Weston,2025,2025-10-24
4201,4154333,2026-07-15,206,1970,PRIVATE,3,York South-Weston,2026,2026-07-15
4866,4154335,2026-08-17,29,1954,PRIVATE,3,York South-Weston,2026,2026-08-17
4865,4154336,2025-11-14,12,1955,PRIVATE,3,York South-Weston,2025,2025-11-14
4863,4154337,2025-11-14,12,1955,PRIVATE,3,York South-Weston,2025,2025-11-14
4861,4154338,2025-11-24,95,1977,PRIVATE,3,York South-Weston,2025,2025-11-24
4858,4154339,2026-08-13,57,1967,PRIVATE,3,York South-Weston,2026,2026-08-13
4359,4154340,2025-11-25,100,1994,SOCIAL HOUSING,1,York South-Weston,2025,2025-11-25
4361,4154341,2026-07-29,92,1965,PRIVATE,1,York South-Weston,2026,2026-07-29
4349,4154342,2026-08-05,87,1960,PRIVATE,3,York South-Weston,2026,2026-08-05
2038,4154343,2025-11-28,12,1959,PRIVATE,3,York South-Weston,2025,2025-11-28
4343,4154344,2026-08-05,76,1963,PRIVATE,3,York South-Weston,2026,2026-08-05
4346,4154345,2025-11-24,95,1963,PRIVATE,3,York South-Weston,2025,2025-11-24
4348,4154346,2025-11-24,76,1962,PRIVATE,3,York South-Weston,2025,2025-11-24
4856,4154347,2026-08-13,34,1958,PRIVATE,1,York South-Weston,2026,2026-08-13
4855,4154348,2025-11-24,12,1950,PRIVATE,3,York South-Weston,2025,2025-11-24
4853,4154349,2025-11-24,12,1960,PRIVATE,3,York South-Weston,2025,2025-11-24
4850,4154350,2026-08-12,12,NA,PRIVATE,1,York South-Weston,2026,2026-08-12
4849,4154351,2025-11-25,10,1950,PRIVATE,3,York South-Weston,2025,2025-11-25
4843,4154352,2025-11-25,10,1950,PRIVATE,3,York South-Weston,2025,2025-11-25
4755,4154353,2025-11-25,11,1958,PRIVATE,3,York South-Weston,2025,2025-11-25
4751,4154354,2026-09-18,11,1960,PRIVATE,2,York South-Weston,2026,2026-09-18
4747,4154355,2026-07-14,17,1954,PRIVATE,1,York South-Weston,2026,2026-07-14
4255,4154356,2025-11-21,207,1967,PRIVATE,3,York South-Weston,2025,2025-11-21
1346,4154357,2026-07-08,11,1957,PRIVATE,3,York South-Weston,2026,2026-07-08
3338,4154358,2026-08-24,11,1954,PRIVATE,3,York South-Weston,2026,2026-08-24
3333,4154359,2025-11-26,11,1954,PRIVATE,3,York South-Weston,2025,2025-11-26
3332,4154360,2025-11-26,11,1984,PRIVATE,3,York South-Weston,2025,2025-11-26
3329,4154361,2026-09-21,11,1955,PRIVATE,2,York South-Weston,2026,2026-09-21
3328,4154362,2025-11-26,11,1956,PRIVATE,3,York South-Weston,2025,2025-11-26
1910,4154363,2025-07-17,12,1960,PRIVATE,3,York Centre,2025,2025-07-17
1907,4154364,2026-08-14,12,1960,PRIVATE,3,York Centre,2026,2026-08-14
1906,4154365,2026-08-14,11,1955,PRIVATE,3,York Centre,2026,2026-08-14
1904,4154366,2026-08-13,11,1953,PRIVATE,3,York Centre,2026,2026-08-13
1902,4154367,2026-08-14,11,1953,PRIVATE,3,York Centre,2026,2026-08-14
1900,4154368,2026-08-11,11,1953,PRIVATE,3,York Centre,2026,2026-08-11
1898,4154369,2026-08-11,11,1953,PRIVATE,3,York Centre,2026,2026-08-11
6318,4154370,2026-07-16,12,1958,PRIVATE,3,York Centre,2026,2026-07-16
4775,4154371,2025-07-22,12,1956,PRIVATE,1,York Centre,2025,2025-07-22
4780,4154372,2025-07-22,26,1958,PRIVATE,3,York Centre,2025,2025-07-22
4778,4154373,2026-08-19,26,1959,PRIVATE,3,York Centre,2026,2026-08-19
4774,4154374,2026-08-19,11,1958,PRIVATE,3,York Centre,2026,2026-08-19
6315,4154375,2025-07-18,11,1950,PRIVATE,3,York Centre,2025,2025-07-18
1920,4154376,2026-08-28,16,1953,PRIVATE,1,York Centre,2026,2026-08-28
1918,4154377,2026-08-25,36,1960,PRIVATE,3,York Centre,2026,2026-08-25
1914,4154378,2026-08-25,23,1960,PRIVATE,3,York Centre,2026,2026-08-25
1912,4154379,2025-07-17,44,1960,PRIVATE,3,York Centre,2025,2025-07-17
1987,4154380,2026-08-26,50,1953,PRIVATE,3,York Centre,2026,2026-08-26
1989,4154381,2026-09-01,50,1964,PRIVATE,3,York Centre,2026,2026-09-01
1928,4154382,2025-06-12,80,1968,PRIVATE,3,York Centre,2025,2025-06-12
1926,4154383,2025-06-12,61,1970,PRIVATE,3,York Centre,2025,2025-06-12
1963,4154384,2026-08-24,42,1960,PRIVATE,3,York Centre,2026,2026-08-24
1961,4154385,2025-06-16,42,1960,PRIVATE,3,York Centre,2025,2025-06-16
1958,4154386,2025-06-16,21,1958,PRIVATE,3,York Centre,2025,2025-06-16
1956,4154387,2025-06-16,55,1958,PRIVATE,3,York Centre,2025,2025-06-16
1955,4154388,2025-06-13,55,1958,PRIVATE,3,York Centre,2025,2025-06-13
1952,4154389,2025-06-13,42,1955,PRIVATE,3,York Centre,2025,2025-06-13
1950,4154390,2025-06-13,40,1971,PRIVATE,3,York Centre,2025,2025-06-13
1949,4154391,2025-06-13,42,1958,PRIVATE,3,York Centre,2025,2025-06-13
1947,4154392,2026-09-02,66,1960,PRIVATE,3,York Centre,2026,2026-09-02
1945,4154393,2025-06-13,35,1958,PRIVATE,3,York Centre,2025,2025-06-13
1943,4154394,2025-06-13,82,1960,PRIVATE,3,York Centre,2025,2025-06-13
1941,4154395,2025-06-12,36,1960,PRIVATE,3,York Centre,2025,2025-06-12
1938,4154396,2025-06-12,84,1960,PRIVATE,3,York Centre,2025,2025-06-12
1935,4154397,2025-06-12,81,1960,PRIVATE,3,York Centre,2025,2025-06-12
1934,4154398,2025-06-12,86,1960,PRIVATE,3,York Centre,2025,2025-06-12
1932,4154399,2026-09-03,85,1960,PRIVATE,3,York Centre,2026,2026-09-03
4288,4154400,2026-07-28,294,1966,TCHC,3,York Centre,2026,2026-07-28
4290,4154401,2025-08-14,12,1950,PRIVATE,3,York Centre,2025,2025-08-14
4292,4154402,2026-08-07,12,1964,PRIVATE,2,York Centre,2026,2026-08-07
4294,4154403,2026-08-07,12,1964,PRIVATE,2,York Centre,2026,2026-08-07
4296,4154404,2026-09-18,39,1965,PRIVATE,3,York Centre,2026,2026-09-18
1930,4154405,2026-08-21,124,1993,TCHC,3,York Centre,2026,2026-08-21
1939,4154406,2024-07-04,27,1968,PRIVATE,3,York Centre,2024,2024-07-04
1924,4154407,2025-09-19,229,1970,PRIVATE,3,York Centre,2025,2025-09-19
6100,4154409,2025-10-08,118,1967,PRIVATE,1,York Centre,2025,2025-10-08
1922,4154410,2026-09-20,121,1965,PRIVATE,3,York Centre,2026,2026-09-20
3436,4154411,2025-07-29,41,1962,PRIVATE,3,York Centre,2025,2025-07-29
3435,4154412,2024-07-16,27,1965,PRIVATE,3,York Centre,2024,2024-07-16
2471,4154413,2026-08-11,12,1954,PRIVATE,0,York Centre,2026,2026-08-11
3445,4154414,2026-08-19,12,1957,PRIVATE,3,York Centre,2026,2026-08-19
3443,4154415,2026-08-14,11,1972,PRIVATE,3,York Centre,2026,2026-08-14
3441,4154416,2025-07-29,12,1955,PRIVATE,3,York Centre,2025,2025-07-29
3439,4154417,2025-07-29,54,1950,PRIVATE,3,York Centre,2025,2025-07-29
6372,4154418,2026-08-18,12,1945,PRIVATE,3,York Centre,2026,2026-08-18
3542,4154419,2026-07-21,12,1950,PRIVATE,3,York Centre,2026,2026-07-21
3539,4154420,2026-08-06,30,1959,PRIVATE,0,York Centre,2026,2026-08-06
3456,4154421,2026-07-30,11,1955,PRIVATE,1,York Centre,2026,2026-07-30
3455,4154422,2026-08-18,11,1960,PRIVATE,3,York Centre,2026,2026-08-18
3453,4154423,2026-07-29,11,1969,PRIVATE,3,York Centre,2026,2026-07-29
3450,4154424,2026-08-20,11,1955,PRIVATE,1,York Centre,2026,2026-08-20
3449,4154425,2026-08-19,11,1945,PRIVATE,3,York Centre,2026,2026-08-19
3446,4154426,2025-07-30,12,1963,PRIVATE,3,York Centre,2025,2025-07-30
3543,4154427,2025-07-31,12,1968,PRIVATE,0,York Centre,2025,2025-07-31
4297,4154428,2025-07-28,11,1965,PRIVATE,3,York Centre,2025,2025-07-28
4300,4154429,2025-07-28,11,1965,PRIVATE,3,York Centre,2025,2025-07-28
4302,4154430,2026-09-14,11,1965,PRIVATE,3,York Centre,2026,2026-09-14
4304,4154431,2025-07-28,11,1965,PRIVATE,3,York Centre,2025,2025-07-28
4892,4154432,2026-09-14,11,1965,PRIVATE,3,York Centre,2026,2026-09-14
4890,4154433,2026-09-14,11,1965,PRIVATE,3,York Centre,2026,2026-09-14
1335,4154434,2025-10-06,159,1968,PRIVATE,3,York Centre,2025,2025-10-06
4305,4154435,2025-10-06,158,1968,PRIVATE,3,York Centre,2025,2025-10-06
4308,4154436,2026-09-18,159,1970,PRIVATE,3,York Centre,2026,2026-09-18
3556,4154437,2025-09-18,12,1954,PRIVATE,1,York Centre,2025,2025-09-18
3554,4154438,2025-09-24,11,1952,PRIVATE,3,York Centre,2025,2025-09-24
3552,4154439,2026-08-20,11,1954,PRIVATE,1,York Centre,2026,2026-08-20
3550,4154440,2026-09-13,41,1965,PRIVATE,3,York Centre,2026,2026-09-13
3545,4154441,2025-07-31,12,1954,PRIVATE,1,York Centre,2025,2025-07-31
3559,4154442,2024-07-18,39,1959,PRIVATE,3,York Centre,2024,2024-07-18
3558,4154443,2026-08-20,31,1955,PRIVATE,1,York Centre,2026,2026-08-20
3561,4154444,2026-08-27,59,1963,PRIVATE,3,York Centre,2026,2026-08-27
1056,4154445,2026-08-25,40,1960,PRIVATE,3,York Centre,2026,2026-08-25
3051,4154446,2025-06-24,71,1959,PRIVATE,3,York Centre,2025,2025-06-24
3049,4154447,2026-08-27,71,1959,PRIVATE,3,York Centre,2026,2026-08-27
3045,4154448,2025-06-24,99,1959,PRIVATE,3,York Centre,2025,2025-06-24
3047,4154449,2026-08-27,100,1959,PRIVATE,3,York Centre,2026,2026-08-27
4993,4154450,2026-09-15,87,1958,PRIVATE,3,York Centre,2026,2026-09-15
1833,4154451,2026-09-21,61,1977,PRIVATE,3,York Centre,2026,2026-09-21
1831,4154452,2025-07-14,46,1977,PRIVATE,3,York Centre,2025,2025-07-14
1155,4154453,2026-09-15,40,1958,PRIVATE,3,York Centre,2026,2026-09-15
1156,4154454,2024-07-18,40,1958,PRIVATE,3,York Centre,2024,2024-07-18
3565,4154455,2026-08-27,141,1967,PRIVATE,3,York Centre,2026,2026-08-27
3563,4154456,2025-10-07,258,1965,PRIVATE,3,York Centre,2025,2025-10-07
1060,4154457,2026-08-27,181,1968,PRIVATE,3,York Centre,2026,2026-08-27
6168,4154459,2025-07-21,48,1966,PRIVATE,3,York Centre,2025,2025-07-21
3648,4154461,2024-07-18,61,1967,PRIVATE,3,York Centre,2024,2024-07-18
5830,4154462,2024-08-07,92,1973,PRIVATE,3,Humber River-Black Creek,2024,2024-08-07
3656,4154463,2025-09-08,92,1972,PRIVATE,3,Humber River-Black Creek,2025,2025-09-08
3654,4154464,2025-08-11,57,1962,PRIVATE,3,Humber River-Black Creek,2025,2025-08-11
3652,4154465,2025-08-11,238,1970,TCHC,3,Humber River-Black Creek,2025,2025-08-11
3649,4154467,2025-09-19,59,1994,SOCIAL HOUSING,3,Humber River-Black Creek,2025,2025-09-19
3054,4154468,2026-07-09,60,1967,PRIVATE,3,Humber River-Black Creek,2026,2026-07-09
3059,4154469,2025-08-05,53,1970,PRIVATE,3,Humber River-Black Creek,2025,2025-08-05
3060,4154470,2026-09-10,44,1966,PRIVATE,1,Humber River-Black Creek,2026,2026-09-10
3057,4154471,2026-09-10,79,1970,PRIVATE,3,Humber River-Black Creek,2026,2026-09-10
5829,4154472,2025-10-22,177,1969,PRIVATE,3,Humber River-Black Creek,2025,2025-10-22
3063,4154473,2025-10-08,370,1970,PRIVATE,3,Humber River-Black Creek,2025,2025-10-08
668,4154474,2025-10-17,370,1972,PRIVATE,3,Humber River-Black Creek,2025,2025-10-17
666,4154475,2025-10-17,370,1973,PRIVATE,3,Humber River-Black Creek,2025,2025-10-17
664,4154476,2024-07-15,370,1968,PRIVATE,3,Humber River-Black Creek,2024,2024-07-15
4493,4154479,2025-11-02,390,1978,PRIVATE,3,Humber River-Black Creek,2025,2025-11-02
5569,4154480,2026-08-05,149,1961,PRIVATE,3,Eglinton-Lawrence,2026,2026-08-05
5573,4154481,2026-08-27,117,1964,PRIVATE,3,Eglinton-Lawrence,2026,2026-08-27
3029,4154482,2026-07-29,25,1950,PRIVATE,3,Eglinton-Lawrence,2026,2026-07-29
3027,4154483,2026-08-26,187,1965,PRIVATE,3,Eglinton-Lawrence,2026,2026-08-26
4233,4154484,2026-09-02,133,1992,SOCIAL HOUSING,3,Eglinton-Lawrence,2026,2026-09-02
3828,4154486,2026-09-03,31,1966,PRIVATE,3,Eglinton-Lawrence,2026,2026-09-03
4244,4154487,2026-09-16,10,1961,PRIVATE,3,Eglinton-Lawrence,2026,2026-09-16
4241,4154488,2026-06-25,10,1959,PRIVATE,3,Eglinton-Lawrence,2026,2026-06-25
4239,4154489,2025-08-11,10,1959,PRIVATE,3,Eglinton-Lawrence,2025,2025-08-11
442,4154490,2026-08-06,43,1962,PRIVATE,3,Eglinton-Lawrence,2026,2026-08-06
440,4154491,2025-12-03,42,1962,PRIVATE,3,Eglinton-Lawrence,2025,2025-12-03
1319,4154492,2025-12-03,26,1958,PRIVATE,3,Eglinton-Lawrence,2025,2025-12-03
4246,4154493,2026-08-25,20,1967,PRIVATE,3,Eglinton-Lawrence,2026,2026-08-25
5321,4154494,2025-07-09,258,1983,SOCIAL HOUSING,3,Eglinton-Lawrence,2025,2025-07-09
5318,4154495,2026-08-19,202,1991,SOCIAL HOUSING,3,Eglinton-Lawrence,2026,2026-08-19
5317,4154496,2026-08-11,287,1968,PRIVATE,3,Eglinton-Lawrence,2026,2026-08-11
4249,4154497,2025-09-25,15,1965,PRIVATE,3,Eglinton-Lawrence,2025,2025-09-25
4250,4154498,2026-08-06,15,1958,PRIVATE,3,Eglinton-Lawrence,2026,2026-08-06
5687,4154499,2025-12-08,47,1964,PRIVATE,3,Eglinton-Lawrence,2025,2025-12-08
4715,4154500,2025-09-15,10,1960,PRIVATE,3,Eglinton-Lawrence,2025,2025-09-15
4713,4154501,2025-09-15,12,1957,PRIVATE,3,Eglinton-Lawrence,2025,2025-09-15
4711,4154502,2026-07-29,11,1957,PRIVATE,3,Eglinton-Lawrence,2026,2026-07-29
4614,4154503,2025-09-11,34,1959,PRIVATE,3,Eglinton-Lawrence,2025,2025-09-11
4606,4154504,2026-07-30,10,1990,PRIVATE,3,Eglinton-Lawrence,2026,2026-07-30
2488,4154505,2025-10-29,10,1957,PRIVATE,1,Eglinton-Lawrence,2025,2025-10-29
2490,4154506,2025-10-29,10,1956,PRIVATE,3,Eglinton-Lawrence,2025,2025-10-29
2493,4154507,2025-10-29,11,1950,PRIVATE,3,Eglinton-Lawrence,2025,2025-10-29
2494,4154508,2025-10-29,11,1975,PRIVATE,3,Eglinton-Lawrence,2025,2025-10-29
2497,4154509,2026-07-29,10,1956,PRIVATE,3,Eglinton-Lawrence,2026,2026-07-29
2501,4154510,2025-10-29,10,1957,PRIVATE,3,Eglinton-Lawrence,2025,2025-10-29
2505,4154511,2025-10-30,11,1965,PRIVATE,1,Eglinton-Lawrence,2025,2025-10-30
2521,4154512,2026-08-04,15,1956,PRIVATE,3,Eglinton-Lawrence,2026,2026-08-04
2525,4154513,2026-06-26,13,1956,PRIVATE,3,Eglinton-Lawrence,2026,2026-06-26
4609,4154514,2025-09-11,12,1960,PRIVATE,3,Eglinton-Lawrence,2025,2025-09-11
4611,4154515,2025-09-11,12,1960,PRIVATE,3,Eglinton-Lawrence,2025,2025-09-11
4612,4154516,2026-07-30,11,1955,PRIVATE,3,Eglinton-Lawrence,2026,2026-07-30
3420,4154517,2025-11-26,11,1956,PRIVATE,3,Eglinton-Lawrence,2025,2025-11-26
3416,4154518,2025-07-09,11,1956,SOCIAL HOUSING,3,Eglinton-Lawrence,2025,2025-07-09
5684,4154519,2026-08-07,225,1974,PRIVATE,3,Eglinton-Lawrence,2026,2026-08-07
3830,4154520,2025-10-16,24,1965,PRIVATE,3,Eglinton-Lawrence,2025,2025-10-16
5685,4154521,2025-12-08,48,1958,PRIVATE,3,Eglinton-Lawrence,2025,2025-12-08
3409,4154522,2026-06-29,12,1956,PRIVATE,3,Eglinton-Lawrence,2026,2026-06-29
3411,4154523,2026-08-13,12,1956,PRIVATE,3,Eglinton-Lawrence,2026,2026-08-13
3412,4154524,2024-08-12,10,1957,PRIVATE,1,Eglinton-Lawrence,2024,2024-08-12
3414,4154525,2026-08-26,10,1952,PRIVATE,3,Eglinton-Lawrence,2026,2026-08-26
3418,4154526,2025-07-17,12,1957,PRIVATE,1,Eglinton-Lawrence,2025,2025-07-17
3421,4154527,2024-08-20,10,1957,PRIVATE,1,Eglinton-Lawrence,2024,2024-08-20
4617,4154528,2026-08-20,12,1956,PRIVATE,3,Eglinton-Lawrence,2026,2026-08-20
4702,4154529,2026-09-01,11,1958,PRIVATE,3,Eglinton-Lawrence,2026,2026-09-01
4703,4154530,2025-09-12,11,1969,PRIVATE,1,Eglinton-Lawrence,2025,2025-09-12
4705,4154531,2024-07-15,11,1975,PRIVATE,3,Eglinton-Lawrence,2024,2024-07-15
4707,4154532,2026-09-20,12,1956,PRIVATE,1,Eglinton-Lawrence,2026,2026-09-20
4709,4154533,2026-07-29,11,1956,PRIVATE,3,Eglinton-Lawrence,2026,2026-07-29
4716,4154534,2024-08-14,171,1974,PRIVATE,3,Eglinton-Lawrence,2024,2024-08-14
2189,4154535,2025-10-28,12,1957,PRIVATE,1,Eglinton-Lawrence,2025,2025-10-28
2188,4154536,2026-08-04,12,1957,PRIVATE,3,Eglinton-Lawrence,2026,2026-08-04
2186,4154537,2026-08-05,12,1957,PRIVATE,3,Eglinton-Lawrence,2026,2026-08-05
2184,4154538,2026-08-05,11,1967,PRIVATE,2,Eglinton-Lawrence,2026,2026-08-05
2182,4154539,2026-07-02,12,1960,PRIVATE,3,Eglinton-Lawrence,2026,2026-07-02
2527,4154540,2025-10-31,11,1956,PRIVATE,3,Eglinton-Lawrence,2025,2025-10-31
2523,4154541,2025-11-03,11,1956,PRIVATE,1,Eglinton-Lawrence,2025,2025-11-03
2519,4154542,2026-09-20,11,1950,PRIVATE,3,Eglinton-Lawrence,2026,2026-09-20
2515,4154543,2026-09-22,28,1950,PRIVATE,3,Eglinton-Lawrence,2026,2026-09-22
2513,4154544,2025-10-30,25,1955,PRIVATE,3,Eglinton-Lawrence,2025,2025-10-30
2511,4154545,2025-10-30,11,1960,PRIVATE,3,Eglinton-Lawrence,2025,2025-10-30
2508,4154546,2026-09-04,11,1960,PRIVATE,3,Eglinton-Lawrence,2026,2026-09-04
2506,4154547,2026-09-20,10,1955,PRIVATE,3,Eglinton-Lawrence,2026,2026-09-20
2502,4154548,2025-10-30,11,1960,PRIVATE,3,Eglinton-Lawrence,2025,2025-10-30
2499,4154549,2026-08-31,11,1950,PRIVATE,3,Eglinton-Lawrence,2026,2026-08-31
4604,4154550,2025-09-10,10,1950,PRIVATE,3,Eglinton-Lawrence,2025,2025-09-10
4602,4154551,2025-09-10,10,1950,PRIVATE,3,Eglinton-Lawrence,2025,2025-09-10
5677,4154552,2025-07-09,34,1958,PRIVATE,3,Eglinton-Lawrence,2025,2025-07-09
5674,4154553,2026-09-09,160,1984,SOCIAL HOUSING,3,Eglinton-Lawrence,2026,2026-09-09
5583,4154554,2025-06-26,28,1960,PRIVATE,3,Eglinton-Lawrence,2025,2025-06-26
2992,4154555,2025-09-16,36,1960,PRIVATE,3,Eglinton-Lawrence,2025,2025-09-16
2990,4154556,2026-08-31,36,1960,PRIVATE,3,Eglinton-Lawrence,2026,2026-08-31
2987,4154557,2025-09-16,28,1960,PRIVATE,3,Eglinton-Lawrence,2025,2025-09-16
5581,4154558,2025-08-26,181,1983,TCHC,3,Eglinton-Lawrence,2025,2025-08-26
5116,4154560,2025-11-08,26,1954,PRIVATE,3,Eglinton-Lawrence,2025,2025-11-08
2984,4154561,2026-08-05,28,1954,PRIVATE,3,Eglinton-Lawrence,2026,2026-08-05
2982,4154562,2026-08-05,26,1954,PRIVATE,3,Eglinton-Lawrence,2026,2026-08-05
2979,4154563,2025-09-16,26,1953,PRIVATE,1,Eglinton-Lawrence,2025,2025-09-16
5640,4154564,2026-09-17,26,1953,PRIVATE,3,Eglinton-Lawrence,2026,2026-09-17
4235,4154565,2025-09-03,29,1954,PRIVATE,1,Eglinton-Lawrence,2025,2025-09-03
4490,4154566,2025-09-02,11,1960,PRIVATE,3,Eglinton-Lawrence,2025,2025-09-02
1896,4154567,2026-09-13,132,1995,TCHC,3,York Centre,2026,2026-09-13
1893,4154568,2025-07-16,10,1958,PRIVATE,3,York Centre,2025,2025-07-16
1891,4154569,2025-07-25,10,1960,PRIVATE,3,York Centre,2025,2025-07-25
1889,4154570,2026-09-02,10,1958,PRIVATE,3,York Centre,2026,2026-09-02
1883,4154572,2025-07-15,40,1952,PRIVATE,3,York Centre,2025,2025-07-15
1885,4154573,2025-07-15,33,1952,PRIVATE,3,York Centre,2025,2025-07-15
1887,4154574,2025-07-15,32,1950,PRIVATE,3,York Centre,2025,2025-07-15
1354,4154575,2025-07-25,33,1960,PRIVATE,3,York Centre,2025,2025-07-25
1357,4154576,2026-09-20,33,1960,PRIVATE,3,York Centre,2026,2026-09-20
2440,4154577,2026-09-20,33,1960,PRIVATE,3,York Centre,2026,2026-09-20
2438,4154578,2025-06-27,33,1960,PRIVATE,3,York Centre,2025,2025-06-27
2436,4154579,2025-06-27,33,1960,PRIVATE,3,York Centre,2025,2025-06-27
3894,4154580,2026-08-21,30,1962,TCHC,3,York Centre,2026,2026-08-21
2860,4154583,2025-06-17,11,1955,PRIVATE,3,York Centre,2025,2025-06-17
2864,4154584,2025-06-18,11,1956,PRIVATE,3,York Centre,2025,2025-06-18
2870,4154585,2025-06-19,11,1951,PRIVATE,3,York Centre,2025,2025-06-19
2872,4154586,2024-08-08,11,1953,PRIVATE,1,York Centre,2024,2024-08-08
2874,4154587,2024-08-08,11,1955,PRIVATE,3,York Centre,2024,2024-08-08
2877,4154588,2025-06-19,11,1955,PRIVATE,3,York Centre,2025,2025-06-19
2879,4154589,2025-06-19,11,1954,PRIVATE,1,York Centre,2025,2025-06-19
2882,4154590,2025-06-19,11,1954,PRIVATE,1,York Centre,2025,2025-06-19
5788,4154591,2026-08-04,30,1958,PRIVATE,3,York Centre,2026,2026-08-04
5781,4154592,2026-08-04,30,1958,PRIVATE,3,York Centre,2026,2026-08-04
5779,4154593,2025-10-02,31,1958,PRIVATE,3,York Centre,2025,2025-10-02
5696,4154594,2026-07-30,28,1960,PRIVATE,3,York Centre,2026,2026-07-30
5694,4154595,2025-07-23,28,1960,PRIVATE,3,York Centre,2025,2025-07-23
5692,4154596,2025-07-23,58,1960,PRIVATE,3,York Centre,2025,2025-07-23
2885,4154597,2026-08-03,11,1949,PRIVATE,3,York Centre,2026,2026-08-03
2861,4154598,2025-06-17,11,1955,PRIVATE,3,York Centre,2025,2025-06-17
2858,4154599,2024-08-30,11,1957,PRIVATE,3,York Centre,2024,2024-08-30
5791,4154600,2026-08-23,29,1960,PRIVATE,3,York Centre,2026,2026-08-23
5891,4154601,2026-08-25,17,1955,PRIVATE,3,York Centre,2026,2026-08-25
5803,4154602,2026-08-26,16,1950,PRIVATE,3,York Centre,2026,2026-08-26
5894,4154603,2026-08-20,67,1964,PRIVATE,0,York Centre,2026,2026-08-20
5897,4154604,2025-09-25,80,1966,PRIVATE,3,York Centre,2025,2025-09-25
5902,4154605,2026-09-10,13,1956,PRIVATE,3,York Centre,2026,2026-09-10
5900,4154606,2024-07-22,13,1950,PRIVATE,3,York Centre,2024,2024-07-22
5904,4154607,2025-09-30,130,1983,SOCIAL HOUSING,3,York Centre,2025,2025-09-30
5905,4154608,2025-10-01,164,1989,SOCIAL HOUSING,3,York Centre,2025,2025-10-01
5908,4154609,2024-09-13,35,1969,PRIVATE,3,York Centre,2024,2024-09-13
5907,4154610,2024-08-30,50,1960,PRIVATE,3,York Centre,2024,2024-08-30
1353,4154611,2026-07-31,40,1989,TCHC,3,York Centre,2026,2026-07-31
1862,4154612,2025-07-14,13,1965,PRIVATE,3,York Centre,2025,2025-07-14
1859,4154613,2026-07-16,41,1960,PRIVATE,3,York Centre,2026,2026-07-16
1054,4154614,2026-08-11,16,1950,PRIVATE,3,York Centre,2026,2026-08-11
2307,4154615,2025-06-26,12,1950,PRIVATE,3,York Centre,2025,2025-06-26
1982,4154616,2024-08-13,79,1993,TCHC,3,York Centre,2024,2024-08-13
724,4154617,2026-09-21,12,1959,PRIVATE,3,York Centre,2026,2026-09-21
1439,4154618,2024-08-30,85,1970,PRIVATE,3,York Centre,2024,2024-08-30
1438,4154619,2026-07-14,150,1964,PRIVATE,3,York Centre,2026,2026-07-14
73,4154620,2026-07-17,61,1994,SOCIAL HOUSING,3,York Centre,2026,2026-07-17
6708,4154621,2024-09-23,132,1965,PRIVATE,3,York Centre,2024,2024-09-23
6009,4154622,2024-09-17,133,1964,PRIVATE,3,York Centre,2024,2024-09-17
6320,4154623,2026-08-03,259,1960,PRIVATE,3,York Centre,2026,2026-08-03
6322,4154624,2025-09-29,372,1979,PRIVATE,3,York Centre,2025,2025-09-29
76,4154625,2025-06-24,246,1978,PRIVATE,3,York Centre,2025,2025-06-24
3175,4154626,2026-08-19,117,1965,PRIVATE,3,York Centre,2026,2026-08-19
6011,4154627,2025-10-03,108,1964,PRIVATE,3,York Centre,2025,2025-10-03
6707,4154628,2026-08-18,117,1965,PRIVATE,3,York Centre,2026,2026-08-18
1406,4154629,2025-09-30,221,1970,PRIVATE,3,York Centre,2025,2025-09-30
1405,4154630,2024-07-09,202,1970,PRIVATE,3,York Centre,2024,2024-07-09
6013,4154631,2025-10-03,120,1969,PRIVATE,3,York Centre,2025,2025-10-03
3173,4154632,2025-09-19,128,1964,PRIVATE,3,York Centre,2025,2025-09-19
1021,4154634,2025-07-14,120,1972,PRIVATE,3,York Centre,2025,2025-07-14
1857,4154635,2026-07-20,12,1959,PRIVATE,3,York Centre,2026,2026-07-20
1861,4154636,2025-07-14,24,1958,PRIVATE,3,York Centre,2025,2025-07-14
2283,4154637,2025-06-26,17,1960,PRIVATE,3,York Centre,2025,2025-06-26
1431,4154639,2025-10-06,170,1969,PRIVATE,3,York Centre,2025,2025-10-06
1432,4154640,2024-09-16,244,1967,PRIVATE,3,York Centre,2024,2024-09-16
481,4154641,2026-07-17,143,1969,PRIVATE,3,York Centre,2026,2026-07-17
477,4154642,2026-08-22,95,1969,PRIVATE,3,York Centre,2026,2026-08-22
474,4154643,2026-08-03,172,1964,PRIVATE,3,York Centre,2026,2026-08-03
478,4154644,2025-10-07,174,1964,PRIVATE,3,York Centre,2025,2025-10-07
1429,4154645,2024-09-18,179,1960,PRIVATE,3,York Centre,2024,2024-09-18
6004,4154646,2025-09-05,60,1968,PRIVATE,1,York Centre,2025,2025-09-05
4105,4154647,2025-07-18,74,1963,PRIVATE,3,York Centre,2025,2025-07-18
5917,4154648,2025-10-01,81,1963,PRIVATE,3,York Centre,2025,2025-10-01
5916,4154649,2025-08-14,71,1961,PRIVATE,3,York Centre,2025,2025-08-14
3929,4154651,2026-08-13,70,1962,PRIVATE,3,York Centre,2026,2026-08-13
6593,4154652,2025-07-22,69,1965,PRIVATE,3,York Centre,2025,2025-07-22
5914,4154653,2024-08-30,64,1965,PRIVATE,3,York Centre,2024,2024-08-30
5571,4154654,2026-07-22,60,1960,PRIVATE,3,Eglinton-Lawrence,2026,2026-07-22
4995,4154656,2026-09-11,11,1951,PRIVATE,3,Eglinton-Lawrence,2026,2026-09-11
5579,4154657,2026-09-01,47,1970,PRIVATE,3,Eglinton-Lawrence,2026,2026-09-01
5584,4154658,2025-06-26,22,1955,PRIVATE,3,Eglinton-Lawrence,2025,2025-06-26
5669,4154659,2025-06-26,22,1955,PRIVATE,3,Eglinton-Lawrence,2025,2025-06-26
5672,4154660,2026-09-02,20,1955,PRIVATE,3,Eglinton-Lawrence,2026,2026-09-02
6156,4154661,2026-08-19,47,1970,PRIVATE,3,Eglinton-Lawrence,2026,2026-08-19
5676,4154662,2025-07-09,102,1965,PRIVATE,3,Eglinton-Lawrence,2025,2025-07-09
5680,4154663,2026-09-09,61,1960,PRIVATE,3,Eglinton-Lawrence,2026,2026-09-09
5682,4154664,2025-07-18,19,1960,PRIVATE,3,Eglinton-Lawrence,2025,2025-07-18
1881,4154665,2026-08-19,20,1960,PRIVATE,3,Eglinton-Lawrence,2026,2026-08-19
1877,4154666,2026-09-01,26,1955,PRIVATE,1,Eglinton-Lawrence,2026,2026-09-01
1875,4154667,2025-07-03,26,1960,PRIVATE,3,Eglinton-Lawrence,2025,2025-07-03
1873,4154668,2026-08-18,20,1960,PRIVATE,3,Eglinton-Lawrence,2026,2026-08-18
1871,4154669,2025-06-27,46,1955,PRIVATE,3,Eglinton-Lawrence,2025,2025-06-27
1869,4154670,2026-09-05,125,1982,TCHC,3,Eglinton-Lawrence,2026,2026-09-05
5015,4154671,2025-07-04,152,1969,PRIVATE,3,Eglinton-Lawrence,2025,2025-07-04
6585,4154672,2026-08-06,44,1956,PRIVATE,3,Eglinton-Lawrence,2026,2026-08-06
6583,4154673,2025-07-03,56,1959,PRIVATE,3,Eglinton-Lawrence,2025,2025-07-03
3132,4154674,2025-12-01,111,1992,SOCIAL HOUSING,3,Eglinton-Lawrence,2025,2025-12-01
1879,4154675,2026-08-21,11,1957,PRIVATE,3,Eglinton-Lawrence,2026,2026-08-21
4146,4154676,2025-09-18,15,1940,PRIVATE,1,Eglinton-Lawrence,2025,2025-09-18
6675,4154677,2026-09-01,33,1955,PRIVATE,3,Eglinton-Lawrence,2026,2026-09-01
5007,4154679,2026-08-13,54,1953,PRIVATE,3,Eglinton-Lawrence,2026,2026-08-13
1865,4154680,2025-06-20,56,1956,PRIVATE,3,Eglinton-Lawrence,2025,2025-06-20
1761,4154681,2026-09-22,305,1964,PRIVATE,3,Eglinton-Lawrence,2026,2026-09-22
1867,4154682,2025-06-17,60,1950,PRIVATE,3,Eglinton-Lawrence,2025,2025-06-17
5009,4154683,2026-08-24,68,1950,PRIVATE,3,Eglinton-Lawrence,2026,2026-08-24
5011,4154684,2025-07-09,68,1950,PRIVATE,3,Eglinton-Lawrence,2025,2025-07-09
5013,4154685,2026-08-18,64,1950,PRIVATE,3,Eglinton-Lawrence,2026,2026-08-18
5790,4154686,2026-08-07,50,1960,PRIVATE,3,York Centre,2026,2026-08-07
5793,4154687,2025-07-25,10,1950,SOCIAL HOUSING,3,York Centre,2025,2025-07-25
5796,4154688,2025-07-24,11,1958,PRIVATE,3,York Centre,2025,2025-07-24
5797,4154689,2024-09-25,10,1953,PRIVATE,1,York Centre,2024,2024-09-25
5801,4154690,2026-09-08,10,1950,PRIVATE,3,York Centre,2026,2026-09-08
5805,4154691,2026-08-25,11,1955,PRIVATE,3,York Centre,2026,2026-08-25
5893,4154692,2026-08-27,30,1959,PRIVATE,3,York Centre,2026,2026-08-27
5909,4154693,2024-08-22,142,1960,PRIVATE,3,York Centre,2024,2024-08-22
1052,4154694,2025-06-25,144,1961,PRIVATE,3,York Centre,2025,2025-06-25
1050,4154695,2025-06-25,112,1966,PRIVATE,3,York Centre,2025,2025-06-25
1048,4154696,2024-08-28,83,1965,PRIVATE,3,York Centre,2024,2024-08-28
5910,4154697,2025-10-01,167,1962,PRIVATE,3,York Centre,2025,2025-10-01
6379,4154698,2026-07-16,117,1962,PRIVATE,3,York Centre,2026,2026-07-16
6382,4154699,2025-09-29,237,1959,PRIVATE,3,York Centre,2025,2025-09-29
5913,4154700,2026-08-25,301,1980,TCHC,3,York Centre,2026,2026-08-25
5706,4154701,2025-08-26,416,1967,PRIVATE,3,Willowdale,2025,2025-08-26
2329,4154702,2025-08-22,283,1974,TCHC,3,Willowdale,2025,2025-08-22
1215,4154703,2024-06-11,391,1966,PRIVATE,3,Willowdale,2024,2024-06-11
5068,4154704,2026-07-07,17,1958,PRIVATE,3,Willowdale,2026,2026-07-07
1763,4154705,2025-08-19,239,1986,TCHC,3,Willowdale,2025,2025-08-19
6205,4154708,2025-08-26,32,NA,PRIVATE,1,Willowdale,2025,2025-08-26
1425,4154709,2024-06-24,47,1961,PRIVATE,1,Willowdale,2024,2024-06-24
1426,4154710,2024-06-24,39,1959,PRIVATE,3,Willowdale,2024,2024-06-24
1427,4154711,2024-09-05,30,1962,PRIVATE,3,Willowdale,2024,2024-09-05
1428,4154712,2024-09-04,30,1962,PRIVATE,3,Willowdale,2024,2024-09-04
6006,4154713,2024-06-26,92,1959,PRIVATE,3,Willowdale,2024,2024-06-26
6008,4154714,2025-08-22,96,1959,PRIVATE,3,Willowdale,2025,2025-08-22
5113,4154715,2026-09-02,81,1996,SOCIAL HOUSING,3,Willowdale,2026,2026-09-02
1765,4154716,2025-08-19,233,1970,PRIVATE,3,Willowdale,2025,2025-08-19
1764,4154717,2024-06-26,118,1970,PRIVATE,1,Willowdale,2024,2024-06-26
1767,4154718,2025-08-19,265,1963,PRIVATE,3,Willowdale,2025,2025-08-19
6020,4154719,2024-07-02,90,1982,SOCIAL HOUSING,3,Willowdale,2024,2024-07-02
6021,4154720,2026-09-14,67,1971,PRIVATE,3,Willowdale,2026,2026-09-14
6024,4154721,2025-08-30,170,1960,PRIVATE,3,Willowdale,2025,2025-08-30
6025,4154722,2024-06-25,170,1960,PRIVATE,3,Willowdale,2024,2024-06-25
6029,4154723,2025-10-03,389,1972,TCHC,3,York Centre,2025,2025-10-03
1016,4154724,2026-09-09,167,1969,PRIVATE,3,Willowdale,2026,2026-09-09
1013,4154725,2025-11-18,194,1970,PRIVATE,3,Willowdale,2025,2025-11-18
253,4154726,2024-06-28,214,1968,PRIVATE,3,Willowdale,2024,2024-06-28
252,4154727,2024-06-28,214,1968,PRIVATE,3,Willowdale,2024,2024-06-28
1770,4154728,2025-08-19,83,1968,PRIVATE,3,Willowdale,2025,2025-08-19
1351,4154730,2026-08-04,136,1970,PRIVATE,3,Don Valley West,2026,2026-08-04
1781,4154731,2026-08-10,137,1970,PRIVATE,3,Don Valley West,2026,2026-08-10
1776,4154732,2025-10-17,137,1970,PRIVATE,3,Don Valley West,2025,2025-10-17
995,4154733,2025-10-29,84,1974,PRIVATE,3,Don Valley West,2025,2025-10-29
4791,4154734,2025-08-11,49,1963,PRIVATE,3,Don Valley West,2025,2025-08-11
161,4154735,2025-09-19,54,1959,PRIVATE,3,Don Valley West,2025,2025-09-19
164,4154736,2025-09-19,54,1959,PRIVATE,3,Don Valley West,2025,2025-09-19
163,4154737,2025-09-19,54,1965,PRIVATE,3,Don Valley West,2025,2025-09-19
166,4154738,2025-09-19,61,1965,PRIVATE,3,Don Valley West,2025,2025-09-19
331,4154739,2025-09-05,102,1963,PRIVATE,3,Don Valley West,2025,2025-09-05
2652,4154740,2026-08-21,119,1963,PRIVATE,3,Don Valley West,2026,2026-08-21
1779,4154742,2026-08-04,138,1972,PRIVATE,3,Don Valley West,2026,2026-08-04
1783,4154743,2026-08-21,138,1970,PRIVATE,3,Don Valley West,2026,2026-08-21
6233,4154744,2024-09-30,20,1968,PRIVATE,3,Willowdale,2024,2024-09-30
642,4154749,2025-08-20,366,1976,PRIVATE,3,Willowdale,2025,2025-08-20
1850,4154751,2024-06-11,16,1992,SOCIAL HOUSING,3,Willowdale,2024,2024-06-11
1849,4154752,2025-08-22,65,1958,PRIVATE,3,Willowdale,2025,2025-08-22
1419,4154753,2026-09-17,438,1985,PRIVATE,3,Willowdale,2026,2026-09-17
5949,4154755,2026-09-10,246,1970,TCHC,3,Willowdale,2026,2026-09-10
1705,4154756,2025-06-14,217,1976,PRIVATE,3,Don Valley East,2025,2025-06-14
1707,4154757,2024-09-25,346,1973,PRIVATE,3,Don Valley East,2024,2024-09-25
1708,4154758,2025-06-14,344,1969,PRIVATE,3,Don Valley East,2025,2025-06-14
1710,4154759,2024-08-29,327,1974,PRIVATE,3,Don Valley East,2024,2024-08-29
6403,4154761,2026-09-04,151,1960,PRIVATE,3,Don Valley East,2026,2026-09-04
602,4154762,2026-08-26,217,1966,PRIVATE,3,Don Valley East,2026,2026-08-26
5322,4154763,2024-08-29,218,1968,PRIVATE,3,Don Valley East,2024,2024-08-29
911,4154764,2025-07-09,278,1968,PRIVATE,3,Don Valley East,2025,2025-07-09
916,4154765,2025-07-09,297,1967,PRIVATE,3,Don Valley East,2025,2025-07-09
6407,4154766,2026-09-17,247,1981,TCHC,3,Don Valley East,2026,2026-09-17
600,4154768,2026-06-25,284,1969,PRIVATE,3,Don Valley East,2026,2026-06-25
726,4154769,2025-07-23,284,1966,PRIVATE,3,Don Valley East,2025,2025-07-23
3166,4154770,2026-08-05,64,1960,PRIVATE,3,Don Valley East,2026,2026-08-05
272,4154772,2025-06-14,70,1989,SOCIAL HOUSING,3,Don Valley East,2025,2025-06-14
303,4154773,2025-06-13,55,1961,PRIVATE,3,Don Valley East,2025,2025-06-13
6628,4154775,2026-08-28,40,1950,PRIVATE,3,Don Valley East,2026,2026-08-28
6630,4154778,2025-07-26,70,1966,PRIVATE,3,Don Valley East,2025,2025-07-26
6632,4154779,2024-09-25,40,1960,PRIVATE,3,Don Valley East,2024,2024-09-25
6633,4154780,2024-06-20,43,1960,PRIVATE,3,Don Valley East,2024,2024-06-20
6634,4154781,2025-06-16,61,1959,PRIVATE,3,Don Valley East,2025,2025-06-16
6636,4154782,2025-06-16,61,1959,PRIVATE,3,Don Valley East,2025,2025-06-16
3903,4154783,2025-10-27,69,1962,PRIVATE,3,Don Valley East,2025,2025-10-27
280,4154784,2025-06-18,76,1963,PRIVATE,3,Don Valley East,2025,2025-06-18
277,4154785,2026-07-08,61,1959,PRIVATE,3,Don Valley East,2026,2026-07-08
276,4154786,2025-06-13,40,1960,PRIVATE,3,Don Valley East,2025,2025-06-13
274,4154787,2025-06-13,40,1960,PRIVATE,3,Don Valley East,2025,2025-06-13
269,4154788,2026-09-10,40,1950,PRIVATE,3,Don Valley East,2026,2026-09-10
267,4154789,2025-06-14,40,1950,PRIVATE,3,Don Valley East,2025,2025-06-14
266,4154790,2026-06-16,40,1950,PRIVATE,3,Don Valley East,2026,2026-06-16
677,4154791,2024-07-19,22,1958,PRIVATE,3,Don Valley East,2024,2024-07-19
2974,4154792,2024-07-24,90,1990,TCHC,3,Don Valley East,2024,2024-07-24
282,4154793,2025-07-12,65,1962,PRIVATE,3,Don Valley East,2025,2025-07-12
2286,4154794,2025-06-18,48,1961,PRIVATE,3,Don Valley East,2025,2025-06-18
6641,4154795,2025-07-19,46,1950,PRIVATE,3,Don Valley East,2025,2025-07-19
6642,4154796,2024-09-20,49,1960,PRIVATE,3,Don Valley East,2024,2024-09-20
1620,4154797,2025-09-08,11,1965,PRIVATE,3,Don Valley East,2025,2025-09-08
3905,4154798,2026-06-22,77,1954,PRIVATE,3,Don Valley East,2026,2026-06-22
3906,4154799,2026-07-23,65,1958,PRIVATE,3,Don Valley East,2026,2026-07-23
3811,4154800,2025-10-27,12,1960,PRIVATE,1,Don Valley East,2025,2025-10-27
3808,4154801,2026-09-18,31,1954,PRIVATE,3,Don Valley East,2026,2026-09-18
529,4154802,2025-08-27,304,1970,PRIVATE,3,Don Valley East,2025,2025-08-27
1359,4154803,2026-09-18,218,1965,PRIVATE,3,Don Valley East,2026,2026-09-18
534,4154804,2026-09-03,298,1970,PRIVATE,3,Don Valley East,2026,2026-09-03
532,4154805,2025-08-27,286,1970,PRIVATE,3,Don Valley East,2025,2025-08-27
6644,4154806,2026-09-21,221,1993,SOCIAL HOUSING,3,Don Valley East,2026,2026-09-21
4873,4154808,2025-07-26,201,1974,PRIVATE,3,Don Valley North,2025,2025-07-26
4875,4154809,2025-07-26,198,1967,PRIVATE,3,Don Valley North,2025,2025-07-26
646,4154811,2026-09-22,128,1968,PRIVATE,3,Don Valley North,2026,2026-09-22
647,4154812,2024-06-14,218,1967,PRIVATE,3,Don Valley North,2024,2024-06-14
2364,4154813,2025-07-19,216,1967,PRIVATE,3,Don Valley North,2025,2025-07-19
2358,4154814,2024-08-27,300,1972,PRIVATE,3,Don Valley North,2024,2024-08-27
5195,4154815,2025-07-26,206,1970,PRIVATE,3,Don Valley North,2025,2025-07-26
5192,4154816,2025-07-26,206,1972,PRIVATE,3,Don Valley North,2025,2025-07-26
2431,4154817,2024-06-25,228,1972,PRIVATE,3,Don Valley North,2024,2024-06-25
6415,4154818,2026-09-21,137,1969,PRIVATE,3,Don Valley North,2026,2026-09-21
2660,4154819,2025-07-21,153,1968,PRIVATE,3,Don Valley North,2025,2025-07-21
2661,4154820,2025-07-21,125,1969,PRIVATE,3,Don Valley North,2025,2025-07-21
2658,4154821,2026-09-17,245,1966,PRIVATE,3,Don Valley North,2026,2026-09-17
4573,4154822,2024-09-30,147,1969,PRIVATE,3,Don Valley North,2024,2024-09-30
6645,4154823,2024-06-19,226,1971,PRIVATE,3,Don Valley North,2024,2024-06-19
1029,4154824,2025-07-29,149,1969,PRIVATE,3,Don Valley North,2025,2025-07-29
1311,4154825,2024-09-20,218,1965,PRIVATE,3,Don Valley North,2024,2024-09-20
4574,4154826,2025-07-29,231,1965,PRIVATE,3,Don Valley North,2025,2025-07-29
3019,4154827,2025-07-29,139,1968,PRIVATE,3,Don Valley North,2025,2025-07-29
3021,4154828,2025-07-29,180,1967,PRIVATE,3,Don Valley North,2025,2025-07-29
1310,4154829,2025-08-13,163,1966,PRIVATE,3,Don Valley North,2025,2025-08-13
1308,4154830,2025-08-13,134,1966,PRIVATE,3,Don Valley North,2025,2025-08-13
6647,4154831,2025-11-21,170,1968,PRIVATE,3,Don Valley North,2025,2025-11-21
473,4154832,2024-06-20,176,1965,PRIVATE,3,Don Valley North,2024,2024-06-20
472,4154833,2024-06-21,174,1970,PRIVATE,3,Don Valley North,2024,2024-06-21
471,4154834,2026-09-15,174,1968,PRIVATE,3,Don Valley North,2026,2026-09-15
469,4154835,2025-08-18,164,1965,PRIVATE,3,Don Valley North,2025,2025-08-18
6513,4154836,2026-09-09,77,1959,PRIVATE,3,Don Valley North,2026,2026-09-09
247,4154837,2024-09-18,29,1959,PRIVATE,3,Don Valley North,2024,2024-09-18
1027,4154838,2025-07-29,35,1958,PRIVATE,3,Don Valley North,2025,2025-07-29
3035,4154839,2025-07-29,128,1970,PRIVATE,3,Don Valley North,2025,2025-07-29
1213,4154840,2025-08-13,223,1970,PRIVATE,3,Don Valley North,2025,2025-08-13
2913,4154841,2026-08-20,155,1967,PRIVATE,3,Don Valley North,2026,2026-08-20
5951,4154842,2025-08-01,175,1967,PRIVATE,3,Don Valley North,2025,2025-08-01
2921,4154843,2025-07-29,107,1986,PRIVATE,3,Don Valley North,2025,2025-07-29
2919,4154844,2024-09-27,179,1966,PRIVATE,3,Don Valley North,2024,2024-09-27
2917,4154845,2025-07-29,189,1968,PRIVATE,3,Don Valley North,2025,2025-07-29
1422,4154847,2025-08-01,275,1979,TCHC,3,Don Valley North,2025,2025-08-01
6648,4154848,2024-06-19,397,1980,TCHC,1,Don Valley North,2024,2024-06-19
2769,4154850,2024-07-05,330,1977,TCHC,3,Don Valley East,2024,2024-07-05
1486,4154851,2026-08-21,92,1982,PRIVATE,3,Don Valley East,2026,2026-08-21
1488,4154852,2026-09-09,203,1982,PRIVATE,3,Don Valley East,2026,2026-09-09
1490,4154853,2025-07-16,117,1982,PRIVATE,3,Don Valley East,2025,2025-07-16
2770,4154854,2026-09-10,141,1982,PRIVATE,3,Don Valley East,2026,2026-09-10
2773,4154855,2026-08-21,132,1982,PRIVATE,3,Don Valley East,2026,2026-08-21
5139,4154856,2025-07-22,10,1950,PRIVATE,3,Don Valley East,2025,2025-07-22
5141,4154857,2025-07-15,10,1962,PRIVATE,1,Don Valley East,2025,2025-07-15
5142,4154858,2026-09-11,15,1962,PRIVATE,3,Don Valley East,2026,2026-09-11
220,4154859,2026-08-25,60,1964,PRIVATE,3,Don Valley East,2026,2026-08-25
218,4154860,2026-08-24,59,1960,PRIVATE,3,Don Valley East,2026,2026-08-24
216,4154861,2026-08-20,70,1955,PRIVATE,3,Don Valley East,2026,2026-08-20
2778,4154862,2026-08-25,27,1968,PRIVATE,3,Don Valley East,2026,2026-08-25
2776,4154863,2026-08-27,28,1956,PRIVATE,3,Don Valley East,2026,2026-08-27
6589,4154864,2026-08-19,77,1955,PRIVATE,3,Don Valley East,2026,2026-08-19
6679,4154865,2026-09-22,66,1951,PRIVATE,3,Don Valley East,2026,2026-09-22
6677,4154866,2025-07-23,65,1955,PRIVATE,3,Don Valley East,2025,2025-07-23
6591,4154867,2025-07-23,52,1955,PRIVATE,3,Don Valley East,2025,2025-07-23
6586,4154868,2025-07-23,48,1955,PRIVATE,3,Don Valley East,2025,2025-07-23
245,4154869,2025-07-09,61,1960,PRIVATE,3,Don Valley East,2025,2025-07-09
5551,4154870,2024-06-27,61,1958,PRIVATE,3,Don Valley East,2024,2024-06-27
5550,4154871,2025-08-12,64,1960,PRIVATE,3,Don Valley East,2025,2025-08-12
5548,4154872,2025-07-14,60,1960,PRIVATE,3,Don Valley East,2025,2025-07-14
5546,4154873,2025-07-07,78,1962,PRIVATE,3,Don Valley East,2025,2025-07-07
5544,4154874,2025-08-12,61,1960,PRIVATE,3,Don Valley East,2025,2025-08-12
5542,4154875,2026-08-12,62,1960,PRIVATE,3,Don Valley East,2026,2026-08-12
1157,4154876,2024-07-24,60,1960,PRIVATE,3,Don Valley East,2024,2024-07-24
1260,4154877,2025-07-19,20,1959,PRIVATE,3,Don Valley East,2025,2025-07-19
2798,4154878,2025-06-21,54,1958,PRIVATE,3,Don Valley East,2025,2025-06-21
2796,4154879,2025-06-21,52,1966,PRIVATE,3,Don Valley East,2025,2025-06-21
2792,4154880,2025-06-14,112,1987,SOCIAL HOUSING,3,Don Valley East,2025,2025-06-14
2802,4154881,2026-08-13,59,1968,PRIVATE,3,Don Valley East,2026,2026-08-13
2799,4154882,2025-06-21,93,1966,PRIVATE,3,Don Valley East,2025,2025-06-21
2406,4154883,2026-09-03,83,1979,PRIVATE,3,Don Valley East,2026,2026-09-03
3909,4154884,2025-09-18,251,1961,PRIVATE,3,Don Valley East,2025,2025-09-18
2413,4154885,2026-09-18,240,1964,PRIVATE,3,Don Valley East,2026,2026-09-18
2411,4154886,2025-06-21,204,1964,PRIVATE,1,Don Valley East,2025,2025-06-21
5553,4154887,2025-07-22,69,1960,PRIVATE,1,Don Valley East,2025,2025-07-22
5555,4154888,2025-07-07,60,1958,PRIVATE,3,Don Valley East,2025,2025-07-07
5557,4154889,2024-06-27,60,1958,PRIVATE,3,Don Valley East,2024,2024-06-27
5556,4154890,2024-08-16,60,1960,PRIVATE,3,Don Valley East,2024,2024-08-16
244,4154891,2026-08-18,61,1958,PRIVATE,3,Don Valley East,2026,2026-08-18
5953,4154892,2025-07-11,112,1966,PRIVATE,3,Don Valley East,2025,2025-07-11
6151,4154893,2026-08-12,44,2001,PRIVATE,3,Don Valley East,2026,2026-08-12
3158,4154894,2025-06-23,111,1962,PRIVATE,3,Don Valley East,2025,2025-06-23
3156,4154895,2025-06-23,113,1963,PRIVATE,3,Don Valley East,2025,2025-06-23
156,4154896,2025-06-14,57,1961,PRIVATE,3,Don Valley East,2025,2025-06-14
154,4154897,2024-08-02,64,1961,PRIVATE,3,Don Valley East,2024,2024-08-02
2573,4154898,2025-06-13,154,1960,PRIVATE,3,Don Valley East,2025,2025-06-13
2890,4154900,2025-10-07,243,1966,PRIVATE,1,Don Valley East,2025,2025-10-07
6154,4154901,2026-08-27,41,1967,PRIVATE,3,Don Valley East,2026,2026-08-27
2385,4154902,2025-06-18,65,1962,PRIVATE,3,Don Valley East,2025,2025-06-18
2380,4154903,2026-09-16,65,1963,PRIVATE,3,Don Valley East,2026,2026-09-16
2377,4154904,2026-06-24,65,1962,PRIVATE,3,Don Valley East,2026,2026-06-24
6601,4154905,2025-06-23,83,1969,PRIVATE,3,Don Valley East,2025,2025-06-23
6594,4154906,2025-06-23,234,1966,PRIVATE,1,Don Valley East,2025,2025-06-23
2417,4154907,2026-09-02,11,1961,PRIVATE,3,Don Valley East,2026,2026-09-02
2375,4154908,2024-07-16,87,1965,PRIVATE,3,Don Valley East,2024,2024-07-16
2378,4154909,2026-06-19,78,1962,PRIVATE,3,Don Valley East,2026,2026-06-19
5393,4154910,2026-09-02,66,1963,PRIVATE,3,Don Valley East,2026,2026-09-02
5309,4154911,2026-08-31,81,1963,PRIVATE,3,Don Valley East,2026,2026-08-31
2383,4154912,2025-06-18,81,1962,PRIVATE,3,Don Valley East,2025,2025-06-18
2386,4154914,2026-09-18,85,1962,PRIVATE,3,Don Valley East,2026,2026-09-18
1811,4154915,2026-09-15,64,1961,PRIVATE,3,Don Valley East,2026,2026-09-15
2912,4154916,2025-06-14,72,1962,PRIVATE,3,Don Valley East,2025,2025-06-14
1809,4154917,2025-10-27,112,1965,PRIVATE,3,Don Valley East,2025,2025-10-27
1807,4154918,2026-09-22,63,1959,PRIVATE,3,Don Valley East,2026,2026-09-22
1805,4154919,2026-09-08,73,1970,PRIVATE,3,Don Valley East,2026,2026-09-08
1802,4154920,2026-07-03,76,1963,PRIVATE,3,Don Valley East,2026,2026-07-03
5079,4154921,2025-07-29,64,1967,PRIVATE,3,Don Valley East,2025,2025-07-29
1801,4154922,2026-07-09,58,1961,PRIVATE,3,Don Valley East,2026,2026-07-09
1799,4154923,2026-07-09,58,1961,PRIVATE,3,Don Valley East,2026,2026-07-09
1796,4154924,2026-07-02,38,1963,PRIVATE,3,Don Valley East,2026,2026-07-02
1792,4154925,2026-07-14,25,1963,PRIVATE,3,Don Valley East,2026,2026-07-14
1790,4154926,2025-09-04,65,1964,PRIVATE,3,Don Valley East,2025,2025-09-04
1789,4154927,2025-09-04,91,1963,PRIVATE,3,Don Valley East,2025,2025-09-04
2468,4154929,2026-07-27,171,1960,PRIVATE,0,Toronto-St. Paul's,2026,2026-07-27
2466,4154930,2026-07-22,547,1964,PRIVATE,3,Toronto-St. Paul's,2026,2026-07-22
208,4154931,2025-10-23,117,1956,PRIVATE,3,Toronto-St. Paul's,2025,2025-10-23
4884,4154932,2024-09-10,81,1975,PRIVATE,3,Toronto-St. Paul's,2024,2024-09-10
205,4154933,2025-07-30,32,1938,PRIVATE,3,Toronto-St. Paul's,2025,2025-07-30
5344,4154934,2025-07-29,32,1943,PRIVATE,3,Toronto-St. Paul's,2025,2025-07-29
5345,4154935,2026-08-18,32,1943,PRIVATE,3,Toronto-St. Paul's,2026,2026-08-18
2218,4154936,2025-10-02,16,1930,PRIVATE,3,Toronto-St. Paul's,2025,2025-10-02
2220,4154937,2025-10-02,12,1930,PRIVATE,3,Toronto-St. Paul's,2025,2025-10-02
2222,4154938,2026-08-20,101,1967,PRIVATE,3,Toronto-St. Paul's,2026,2026-08-20
2231,4154939,2025-10-03,34,1965,PRIVATE,3,Toronto-St. Paul's,2025,2025-10-03
2233,4154940,2025-10-15,175,1967,PRIVATE,3,Toronto-St. Paul's,2025,2025-10-15
5078,4154941,2026-07-17,18,1937,PRIVATE,3,Toronto-St. Paul's,2026,2026-07-17
5076,4154942,2025-10-21,19,1955,PRIVATE,3,Toronto-St. Paul's,2025,2025-10-21
5363,4154944,2026-08-12,24,1940,PRIVATE,3,Toronto-St. Paul's,2026,2026-08-12
5361,4154945,2026-08-12,24,1940,PRIVATE,3,Toronto-St. Paul's,2026,2026-08-12
5359,4154946,2026-08-12,36,1926,PRIVATE,3,Toronto-St. Paul's,2026,2026-08-12
5356,4154947,2025-07-28,36,1926,PRIVATE,3,Toronto-St. Paul's,2025,2025-07-28
5355,4154948,2026-08-12,36,1926,PRIVATE,3,Toronto-St. Paul's,2026,2026-08-12
5353,4154949,2025-07-28,36,1926,PRIVATE,3,Toronto-St. Paul's,2025,2025-07-28
5351,4154950,2025-08-08,25,1940,PRIVATE,3,Toronto-St. Paul's,2025,2025-08-08
5342,4154951,2025-10-02,24,1932,PRIVATE,3,Toronto-St. Paul's,2025,2025-10-02
5340,4154952,2025-10-02,24,1932,PRIVATE,3,Toronto-St. Paul's,2025,2025-10-02
5253,4154953,2025-07-28,42,1959,PRIVATE,3,Toronto-St. Paul's,2025,2025-07-28
5252,4154954,2025-08-08,24,1933,PRIVATE,3,Toronto-St. Paul's,2025,2025-08-08
5250,4154955,2026-08-18,119,1965,PRIVATE,3,Toronto-St. Paul's,2026,2026-08-18
2681,4154956,2025-08-13,32,1920,PRIVATE,3,Toronto-St. Paul's,2025,2025-08-13
2685,4154957,2025-10-17,12,1947,PRIVATE,3,Toronto-St. Paul's,2025,2025-10-17
2690,4154958,2025-08-26,32,1950,PRIVATE,3,Toronto-St. Paul's,2025,2025-08-26
2696,4154959,2026-08-11,12,1955,PRIVATE,0,Toronto-St. Paul's,2026,2026-08-11
2229,4154960,2025-10-14,230,1967,PRIVATE,3,Toronto-St. Paul's,2025,2025-10-14
2227,4154961,2026-08-20,16,1960,PRIVATE,1,Toronto-St. Paul's,2026,2026-08-20
2226,4154962,2025-10-03,32,1928,PRIVATE,3,Toronto-St. Paul's,2025,2025-10-03
2224,4154963,2025-10-02,61,1960,PRIVATE,3,Toronto-St. Paul's,2025,2025-10-02
2686,4154964,2025-08-13,32,1929,PRIVATE,1,Toronto-St. Paul's,2025,2025-08-13
2678,4154965,2026-08-13,33,1940,PRIVATE,3,Toronto-St. Paul's,2026,2026-08-13
2674,4154966,2026-08-24,40,1963,PRIVATE,1,Toronto-St. Paul's,2026,2026-08-24
3889,4154967,2025-07-18,31,1950,PRIVATE,3,Toronto-St. Paul's,2025,2025-07-18
2699,4154968,2026-08-13,51,1983,TCHC,3,Toronto-St. Paul's,2026,2026-08-13
2695,4154969,2026-08-10,27,1960,PRIVATE,3,Toronto-St. Paul's,2026,2026-08-10
2693,4154970,2025-08-26,99,1977,TCHC,3,Toronto-St. Paul's,2025,2025-08-26
2688,4154971,2026-08-10,24,1929,PRIVATE,3,Toronto-St. Paul's,2026,2026-08-10
1700,4154972,2025-07-09,40,1930,PRIVATE,3,Toronto-St. Paul's,2025,2025-07-09
2046,4154973,2025-12-05,11,1925,PRIVATE,3,Toronto-St. Paul's,2025,2025-12-05
2702,4154974,2025-10-17,29,1929,SOCIAL HOUSING,3,Toronto-St. Paul's,2025,2025-10-17
2706,4154975,2024-07-11,16,1955,PRIVATE,3,Toronto-St. Paul's,2024,2024-07-11
2710,4154976,2025-07-03,32,1920,PRIVATE,3,Toronto-St. Paul's,2025,2025-07-03
2712,4154977,2025-07-17,42,1955,PRIVATE,3,Toronto-St. Paul's,2025,2025-07-17
2716,4154979,2025-08-13,46,1930,PRIVATE,3,Toronto-St. Paul's,2025,2025-08-13
2722,4154980,2026-08-23,24,1927,PRIVATE,3,Toronto-St. Paul's,2026,2026-08-23
2180,4154981,2026-08-11,175,1963,PRIVATE,3,Toronto-St. Paul's,2026,2026-08-11
2719,4154982,2025-08-25,31,1955,PRIVATE,1,Toronto-St. Paul's,2025,2025-08-25
2708,4154983,2026-07-08,22,1952,PRIVATE,3,Toronto-St. Paul's,2026,2026-07-08
2705,4154984,2025-10-17,22,1955,PRIVATE,3,Toronto-St. Paul's,2025,2025-10-17
2701,4154985,2025-07-04,24,1920,PRIVATE,3,Toronto-St. Paul's,2025,2025-07-04
2729,4154986,2026-08-17,79,1952,PRIVATE,3,Toronto-St. Paul's,2026,2026-08-17
2724,4154987,2026-08-23,24,1938,PRIVATE,1,Toronto-St. Paul's,2026,2026-08-23
2726,4154988,2025-08-25,52,1926,PRIVATE,3,Toronto-St. Paul's,2025,2025-08-25
2728,4154989,2026-08-18,24,1934,PRIVATE,3,Toronto-St. Paul's,2026,2026-08-18
5458,4154990,2026-08-21,32,1923,PRIVATE,3,Toronto-St. Paul's,2026,2026-08-21
5455,4154991,2025-10-21,34,1939,PRIVATE,1,Toronto-St. Paul's,2025,2025-10-21
5453,4154992,2025-10-20,62,1960,PRIVATE,3,Toronto-St. Paul's,2025,2025-10-20
5451,4154993,2025-10-20,22,1948,PRIVATE,3,Toronto-St. Paul's,2025,2025-10-20
5450,4154994,2026-08-13,35,1955,PRIVATE,3,Toronto-St. Paul's,2026,2026-08-13
2731,4154996,2024-06-21,33,1940,PRIVATE,3,Toronto-St. Paul's,2024,2024-06-21
5462,4154997,2026-08-21,25,1930,PRIVATE,3,Toronto-St. Paul's,2026,2026-08-21
5468,4154998,2025-10-22,52,1941,PRIVATE,3,Toronto-St. Paul's,2025,2025-10-22
5465,4154999,2025-10-22,72,1950,PRIVATE,3,Toronto-St. Paul's,2025,2025-10-22
5464,4155000,2026-08-17,39,1950,PRIVATE,3,Toronto-St. Paul's,2026,2026-08-17
5472,4155001,2024-08-21,75,1951,PRIVATE,3,Toronto-St. Paul's,2024,2024-08-21
5474,4155003,2026-07-13,39,1949,PRIVATE,3,Toronto-St. Paul's,2026,2026-07-13
1571,4155004,2025-09-25,146,1980,PRIVATE,3,Toronto-St. Paul's,2025,2025-09-25
1574,4155005,2025-10-27,33,1955,PRIVATE,3,Toronto-St. Paul's,2025,2025-10-27
1573,4155006,2026-08-17,34,1955,PRIVATE,3,Toronto-St. Paul's,2026,2026-08-17
3709,4155008,2026-09-09,151,1968,PRIVATE,3,Davenport,2026,2026-09-09
3165,4155009,2026-08-14,20,1950,PRIVATE,3,Davenport,2026,2026-08-14
1641,4155010,2025-10-30,55,1958,PRIVATE,3,Toronto-St. Paul's,2025,2025-10-30
1639,4155011,2025-10-30,124,1960,PRIVATE,3,Toronto-St. Paul's,2025,2025-10-30
1637,4155012,2025-10-30,130,1955,PRIVATE,3,Toronto-St. Paul's,2025,2025-10-30
4839,4155013,2026-08-13,46,1930,PRIVATE,1,Davenport,2026,2026-08-13
2581,4155014,2025-07-23,29,1952,PRIVATE,1,Davenport,2025,2025-07-23
2583,4155015,2026-09-10,29,1952,PRIVATE,3,Davenport,2026,2026-09-10
2584,4155016,2026-09-16,29,1952,PRIVATE,0,Davenport,2026,2026-09-16
2589,4155017,2026-09-16,30,1953,PRIVATE,3,Davenport,2026,2026-09-16
2587,4155019,2025-07-23,29,1950,PRIVATE,1,Davenport,2025,2025-07-23
1634,4155020,2026-08-24,39,1971,PRIVATE,3,Toronto-St. Paul's,2026,2026-08-24
1632,4155021,2025-11-03,35,1971,PRIVATE,3,Toronto-St. Paul's,2025,2025-11-03
2733,4155022,2025-08-25,97,1957,PRIVATE,3,Toronto-St. Paul's,2025,2025-08-25
5128,4155023,2026-08-17,19,1954,PRIVATE,3,Toronto-St. Paul's,2026,2026-08-17
2736,4155024,2026-08-26,23,1957,PRIVATE,1,Toronto-St. Paul's,2026,2026-08-26
5313,4155026,2024-09-11,144,1997,SOCIAL HOUSING,3,Toronto-St. Paul's,2024,2024-09-11
4924,4155028,2025-10-31,68,1968,PRIVATE,3,Toronto-St. Paul's,2025,2025-10-31
2739,4155029,2026-08-17,38,1977,PRIVATE,3,Toronto-St. Paul's,2026,2026-08-17
2741,4155030,2025-08-25,106,1966,PRIVATE,3,Toronto-St. Paul's,2025,2025-08-25
1591,4155031,2026-09-01,41,1960,PRIVATE,3,Toronto-St. Paul's,2026,2026-09-01
4929,4155033,2026-08-17,54,1960,PRIVATE,3,Toronto-St. Paul's,2026,2026-08-17
3804,4155034,2025-11-03,129,1965,PRIVATE,3,Toronto-St. Paul's,2025,2025-11-03
2735,4155035,2026-08-18,45,1955,PRIVATE,3,Toronto-St. Paul's,2026,2026-08-18
3713,4155036,2026-08-21,24,1960,PRIVATE,3,Toronto-St. Paul's,2026,2026-08-21
4926,4155038,2025-10-31,86,1968,PRIVATE,3,Toronto-St. Paul's,2025,2025-10-31
1584,4155039,2026-09-01,37,1960,PRIVATE,3,Toronto-St. Paul's,2026,2026-09-01
1577,4155040,2025-07-15,11,1958,PRIVATE,3,Eglinton-Lawrence,2025,2025-07-15
1579,4155041,2026-08-04,34,1955,PRIVATE,3,Eglinton-Lawrence,2026,2026-08-04
1581,4155042,2026-07-31,34,1954,PRIVATE,3,Eglinton-Lawrence,2026,2026-07-31
3822,4155044,2025-08-13,110,1960,PRIVATE,3,Eglinton-Lawrence,2025,2025-08-13
3407,4155045,2025-06-27,67,1959,PRIVATE,3,Eglinton-Lawrence,2025,2025-06-27
2840,4155046,2025-09-09,36,1955,PRIVATE,3,Eglinton-Lawrence,2025,2025-09-09
2839,4155047,2025-09-09,39,1959,PRIVATE,3,Eglinton-Lawrence,2025,2025-09-09
2834,4155048,2025-09-02,39,1960,PRIVATE,3,Eglinton-Lawrence,2025,2025-09-02
2833,4155049,2026-07-23,56,1960,PRIVATE,3,Eglinton-Lawrence,2026,2026-07-23
2836,4155050,2025-09-02,26,1965,PRIVATE,1,Eglinton-Lawrence,2025,2025-09-02
4810,4155051,2026-07-23,26,1958,PRIVATE,3,Eglinton-Lawrence,2026,2026-07-23
3824,4155052,2025-10-24,315,1967,PRIVATE,3,Eglinton-Lawrence,2025,2025-10-24
3127,4155053,2025-07-04,231,1967,PRIVATE,3,Eglinton-Lawrence,2025,2025-07-04
6607,4155054,2025-06-19,56,1956,PRIVATE,3,Eglinton-Lawrence,2025,2025-06-19
6610,4155055,2025-06-19,44,1959,PRIVATE,3,Eglinton-Lawrence,2025,2025-06-19
6612,4155056,2025-06-20,64,1959,PRIVATE,3,Eglinton-Lawrence,2025,2025-06-20
2845,4155058,2025-09-30,62,1960,PRIVATE,3,Eglinton-Lawrence,2025,2025-09-30
5315,4155059,2026-07-31,15,1960,PRIVATE,3,Eglinton-Lawrence,2026,2026-07-31
4680,4155060,2026-07-16,24,1960,PRIVATE,3,Eglinton-Lawrence,2026,2026-07-16
5814,4155061,2025-11-26,10,1960,PRIVATE,1,Eglinton-Lawrence,2025,2025-11-26
3124,4155062,2025-12-01,214,1965,PRIVATE,3,Eglinton-Lawrence,2025,2025-12-01
5224,4155063,2025-07-24,12,1950,PRIVATE,3,Davenport,2025,2025-07-24
199,4155064,2025-06-18,17,1960,PRIVATE,3,Davenport,2025,2025-06-18
1594,4155065,2025-07-11,78,1959,PRIVATE,3,Davenport,2025,2025-07-11
1592,4155066,2024-09-09,36,1963,PRIVATE,3,Davenport,2024,2024-09-09
5762,4155067,2024-08-20,90,1967,PRIVATE,3,Davenport,2024,2024-08-20
5312,4155068,2025-07-18,18,1959,PRIVATE,3,Davenport,2025,2025-07-18
5310,4155069,2026-07-15,28,1959,PRIVATE,3,Davenport,2026,2026-07-15
388,4155070,2025-07-15,23,1960,PRIVATE,3,Davenport,2025,2025-07-15
386,4155071,2024-07-23,29,1960,PRIVATE,3,Davenport,2024,2024-07-23
6281,4155072,2026-08-20,28,1960,PRIVATE,3,Davenport,2026,2026-08-20
6279,4155073,2025-07-08,20,1970,PRIVATE,3,Davenport,2025,2025-07-08
6283,4155074,2026-07-31,24,1968,PRIVATE,1,Davenport,2026,2026-07-31
4868,4155075,2025-07-10,15,1958,PRIVATE,3,Davenport,2025,2025-07-10
4784,4155076,2026-08-26,29,1960,PRIVATE,3,Davenport,2026,2026-08-26
4782,4155077,2025-07-10,29,1960,PRIVATE,3,Davenport,2025,2025-07-10
1596,4155078,2026-07-31,37,1950,PRIVATE,3,Eglinton-Lawrence,2026,2026-07-31
1192,4155079,2026-07-27,28,1950,PRIVATE,3,York South-Weston,2026,2026-07-27
1602,4155080,2025-11-20,25,1975,PRIVATE,3,York South-Weston,2025,2025-11-20
4634,4155081,2025-11-27,132,1996,SOCIAL HOUSING,3,York South-Weston,2025,2025-11-27
4592,4155083,2026-06-24,23,1965,PRIVATE,1,York South-Weston,2026,2026-06-24
4507,4155084,2026-06-24,21,1957,PRIVATE,3,York South-Weston,2026,2026-06-24
4635,4155085,2026-08-10,22,1958,PRIVATE,1,York South-Weston,2026,2026-08-10
4637,4155086,2025-11-27,47,1955,PRIVATE,1,York South-Weston,2025,2025-11-27
1599,4155088,2026-07-22,97,1993,SOCIAL HOUSING,3,York South-Weston,2026,2026-07-22
449,4155089,2025-11-25,11,1950,PRIVATE,3,York South-Weston,2025,2025-11-25
447,4155090,2026-09-09,24,1950,PRIVATE,3,York South-Weston,2026,2026-09-09
1195,4155091,2026-07-27,29,1953,PRIVATE,3,York South-Weston,2026,2026-07-27
1198,4155092,2026-07-22,32,2009,SOCIAL HOUSING,3,York South-Weston,2026,2026-07-22
5083,4155093,2026-06-17,43,1955,PRIVATE,3,York South-Weston,2026,2026-06-17
589,4155094,2025-11-11,29,1950,PRIVATE,3,York South-Weston,2025,2025-11-11
592,4155095,2026-09-09,43,1955,PRIVATE,3,York South-Weston,2026,2026-09-09
5082,4155096,2025-09-18,25,1960,PRIVATE,3,York South-Weston,2025,2025-09-18
5085,4155097,2026-06-17,37,1951,PRIVATE,3,York South-Weston,2026,2026-06-17
5088,4155098,2026-06-17,37,1951,PRIVATE,3,York South-Weston,2026,2026-06-17
5171,4155099,2025-09-25,37,1951,PRIVATE,2,York South-Weston,2025,2025-09-25
5172,4155100,2026-06-22,47,1951,PRIVATE,3,York South-Weston,2026,2026-06-22
5177,4155101,2025-09-25,36,1951,PRIVATE,2,York South-Weston,2025,2025-09-25
99,4155102,2025-09-26,11,1950,PRIVATE,1,York South-Weston,2025,2025-09-26
98,4155103,2025-09-26,10,1950,PRIVATE,1,York South-Weston,2025,2025-09-26
95,4155104,2025-09-26,12,1956,PRIVATE,1,York South-Weston,2025,2025-09-26
550,4155105,2025-10-24,12,1970,PRIVATE,3,York South-Weston,2025,2025-10-24
4641,4155107,2025-11-28,45,1960,PRIVATE,3,York South-Weston,2025,2025-11-28
4640,4155108,2025-11-28,28,1957,PRIVATE,3,York South-Weston,2025,2025-11-28
102,4155110,2026-06-22,30,1957,PRIVATE,3,York South-Weston,2026,2026-06-22
5183,4155111,2025-09-18,35,1958,PRIVATE,3,York South-Weston,2025,2025-09-18
5180,4155112,2026-06-22,40,1915,PRIVATE,3,York South-Weston,2026,2026-06-22
5179,4155113,2025-09-25,40,1950,PRIVATE,3,York South-Weston,2025,2025-09-25
5175,4155114,2025-09-25,54,1950,PRIVATE,3,York South-Weston,2025,2025-09-25
599,4155115,2025-09-18,28,1956,PRIVATE,3,York South-Weston,2025,2025-09-18
597,4155116,2025-09-18,28,1953,PRIVATE,2,York South-Weston,2025,2025-09-18
595,4155117,2025-11-17,17,1970,PRIVATE,3,York South-Weston,2025,2025-11-17
591,4155118,2026-08-13,45,1960,PRIVATE,3,York South-Weston,2026,2026-08-13
94,4155119,2025-11-17,45,1960,PRIVATE,3,York South-Weston,2025,2025-11-17
2627,4155120,2025-10-23,15,1958,PRIVATE,1,York South-Weston,2025,2025-10-23
2288,4155121,2025-11-25,174,1982,SOCIAL HOUSING,3,York South-Weston,2025,2025-11-25
6422,4155122,2025-11-27,255,1983,TCHC,3,York South-Weston,2025,2025-11-27
2629,4155123,2025-11-21,22,1954,PRIVATE,2,York South-Weston,2025,2025-11-21
2631,4155124,2025-11-21,24,1995,SOCIAL HOUSING,3,York South-Weston,2025,2025-11-21
2634,4155125,2025-11-21,10,1960,PRIVATE,3,York South-Weston,2025,2025-11-21
2632,4155126,2026-08-17,11,1957,PRIVATE,2,York South-Weston,2026,2026-08-17
4990,4155127,2026-08-19,125,1992,SOCIAL HOUSING,3,York South-Weston,2026,2026-08-19
6277,4155128,2025-11-21,40,1977,PRIVATE,3,York South-Weston,2025,2025-11-21
2042,4155130,2026-07-17,29,1969,PRIVATE,1,York South-Weston,2026,2026-07-17
1262,4155131,2025-11-27,267,1968,PRIVATE,3,York South-Weston,2025,2025-11-27
1263,4155132,2025-11-27,419,1971,PRIVATE,3,York South-Weston,2025,2025-11-27
5282,4155133,2026-08-14,17,1968,PRIVATE,3,York South-Weston,2026,2026-08-14
6509,4155134,2025-11-25,26,1960,PRIVATE,3,York South-Weston,2025,2025-11-25
6510,4155135,2026-08-21,17,1958,PRIVATE,1,York South-Weston,2026,2026-08-21
4198,4155140,2025-11-18,21,1960,PRIVATE,3,York South-Weston,2025,2025-11-18
4203,4155141,2026-09-01,40,1954,PRIVATE,2,York South-Weston,2026,2026-09-01
1675,4155142,2025-11-26,10,1954,PRIVATE,3,York South-Weston,2025,2025-11-26
1677,4155143,2026-07-27,11,1954,PRIVATE,1,York South-Weston,2026,2026-07-27
1679,4155144,2025-11-26,10,1955,PRIVATE,3,York South-Weston,2025,2025-11-26
1682,4155145,2026-06-25,11,1954,PRIVATE,3,York South-Weston,2026,2026-06-25
1684,4155146,2026-07-27,10,1945,PRIVATE,3,York South-Weston,2026,2026-07-27
1686,4155147,2025-11-26,11,1954,PRIVATE,1,York South-Weston,2025,2025-11-26
1688,4155148,2026-07-27,10,1954,PRIVATE,3,York South-Weston,2026,2026-07-27
1690,4155149,2025-11-17,11,1953,PRIVATE,3,York South-Weston,2025,2025-11-17
2177,4155150,2026-08-26,11,1950,PRIVATE,3,York South-Weston,2026,2026-08-26
4625,4155151,2025-11-14,14,1940,PRIVATE,3,York South-Weston,2025,2025-11-14
2846,4155152,2026-08-28,31,1974,PRIVATE,3,York South-Weston,2026,2026-08-28
2602,4155154,2026-09-01,34,1957,PRIVATE,3,York South-Weston,2026,2026-09-01
2605,4155155,2026-09-01,61,1960,PRIVATE,3,York South-Weston,2026,2026-09-01
4974,4155156,2025-11-19,41,1965,PRIVATE,3,York South-Weston,2025,2025-11-19
4971,4155157,2026-09-21,63,1963,PRIVATE,3,York South-Weston,2026,2026-09-21
3896,4155158,2025-11-27,119,1994,SOCIAL HOUSING,3,York South-Weston,2025,2025-11-27
2641,4155160,2025-11-06,391,1973,TCHC,3,York South-Weston,2025,2025-11-06
2642,4155161,2025-12-09,112,1970,PRIVATE,3,York South-Weston,2025,2025-12-09
2615,4155162,2026-09-03,52,1968,PRIVATE,3,York South-Weston,2026,2026-09-03
2612,4155163,2026-09-16,69,1963,PRIVATE,3,York South-Weston,2026,2026-09-16
2610,4155164,2026-09-16,97,1962,PRIVATE,3,York South-Weston,2026,2026-09-16
2609,4155165,2025-12-09,65,1960,PRIVATE,3,York South-Weston,2025,2025-12-09
2607,4155166,2026-09-01,33,1961,PRIVATE,3,York South-Weston,2026,2026-09-01
2600,4155167,2026-09-03,116,1962,PRIVATE,3,York South-Weston,2026,2026-09-03
2596,4155168,2026-09-22,150,1967,PRIVATE,3,York South-Weston,2026,2026-09-22
2651,4155169,2026-09-17,65,1961,PRIVATE,3,York South-Weston,2026,2026-09-17
2648,4155170,2026-09-17,93,1961,PRIVATE,3,York South-Weston,2026,2026-09-17
2647,4155171,2025-12-09,97,1959,PRIVATE,3,York South-Weston,2025,2025-12-09
2644,4155173,2024-08-19,62,1962,PRIVATE,3,York South-Weston,2024,2024-08-19
6613,4155174,2026-08-11,17,1965,PRIVATE,3,York South-Weston,2026,2026-08-11
1693,4155176,2024-06-19,304,1968,PRIVATE,3,York South-Weston,2024,2024-06-19
1695,4155177,2025-11-13,188,1968,PRIVATE,3,York South-Weston,2025,2025-11-13
1696,4155178,2024-09-13,130,1960,PRIVATE,3,York South-Weston,2024,2024-09-13
1698,4155179,2025-11-13,130,1960,PRIVATE,3,York South-Weston,2025,2025-11-13
4179,4155180,2024-08-13,106,1964,PRIVATE,3,York South-Weston,2024,2024-08-13
4180,4155181,2024-07-26,107,1964,PRIVATE,3,York South-Weston,2024,2024-07-26
4181,4155182,2026-07-29,93,1970,PRIVATE,3,York South-Weston,2026,2026-07-29
2595,4155184,2026-07-07,14,1972,PRIVATE,3,York South-Weston,2026,2026-07-07
2625,4155185,2026-07-09,11,1952,PRIVATE,3,York South-Weston,2026,2026-07-09
3693,4155186,2025-11-12,26,1958,PRIVATE,3,York South-Weston,2025,2025-11-12
3695,4155187,2025-11-12,26,1958,PRIVATE,3,York South-Weston,2025,2025-11-12
4535,4155188,2025-11-12,22,1954,PRIVATE,3,York South-Weston,2025,2025-11-12
4620,4155189,2025-11-12,10,1954,PRIVATE,3,York South-Weston,2025,2025-11-12
2593,4155190,2025-11-20,12,1956,PRIVATE,3,York South-Weston,2025,2025-11-20
4894,4155191,2026-08-07,18,1957,PRIVATE,3,York South-Weston,2026,2026-08-07
3171,4155192,2025-11-12,39,1960,PRIVATE,3,York South-Weston,2025,2025-11-12
609,4155193,2026-09-09,53,1958,PRIVATE,3,York South-Weston,2026,2026-09-09
1201,4155194,2026-08-18,140,1986,SOCIAL HOUSING,3,York South-Weston,2026,2026-08-18
526,4155195,2026-08-28,17,1958,PRIVATE,3,York South-Weston,2026,2026-08-28
2282,4155196,2026-08-11,275,1979,TCHC,3,York South-Weston,2026,2026-08-11
4183,4155197,2024-08-09,146,1973,PRIVATE,3,York South-Weston,2024,2024-08-09
4184,4155198,2025-08-08,63,1960,PRIVATE,3,York South-Weston,2025,2025-08-08
4187,4155199,2025-08-08,40,1968,PRIVATE,3,York South-Weston,2025,2025-08-08
3138,4155200,2025-07-25,25,1950,SOCIAL HOUSING,3,Parkdale-High Park,2025,2025-07-25
3721,4155201,2026-09-14,75,1965,PRIVATE,3,Parkdale-High Park,2026,2026-09-14
5978,4155202,2025-08-08,208,1990,SOCIAL HOUSING,3,Parkdale-High Park,2025,2025-08-08
3718,4155203,2025-11-07,48,1958,PRIVATE,3,Parkdale-High Park,2025,2025-11-07
3716,4155204,2026-09-14,47,1960,PRIVATE,0,Parkdale-High Park,2026,2026-09-14
3714,4155205,2025-11-07,29,1959,PRIVATE,3,Parkdale-High Park,2025,2025-11-07
4177,4155206,2025-07-30,17,1958,PRIVATE,1,Parkdale-High Park,2025,2025-07-30
4176,4155207,2026-08-04,25,1955,PRIVATE,3,Parkdale-High Park,2026,2026-08-04
5601,4155208,2026-07-14,21,1949,PRIVATE,3,Etobicoke-Lakeshore,2026,2026-07-14
5604,4155209,2026-07-14,21,1949,PRIVATE,3,Etobicoke-Lakeshore,2026,2026-07-14
5605,4155210,2026-07-14,21,1949,PRIVATE,3,Etobicoke-Lakeshore,2026,2026-07-14
5608,4155211,2025-10-15,18,1949,PRIVATE,3,Etobicoke-Lakeshore,2025,2025-10-15
5610,4155212,2026-07-21,40,1949,PRIVATE,3,Etobicoke-Lakeshore,2026,2026-07-21
5611,4155213,2025-11-25,15,1957,PRIVATE,1,Etobicoke-Lakeshore,2025,2025-11-25
6259,4155215,2026-07-22,22,1954,PRIVATE,3,Etobicoke-Lakeshore,2026,2026-07-22
6260,4155216,2026-07-23,24,1962,PRIVATE,1,Etobicoke-Lakeshore,2026,2026-07-23
3033,4155217,2025-07-11,74,1960,PRIVATE,3,Etobicoke-Lakeshore,2025,2025-07-11
3030,4155218,2026-07-28,76,1982,SOCIAL HOUSING,3,Etobicoke-Lakeshore,2026,2026-07-28
1331,4155219,2026-07-29,85,1967,PRIVATE,3,Etobicoke-Lakeshore,2026,2026-07-29
1328,4155220,2025-11-07,25,1967,PRIVATE,3,Etobicoke-Lakeshore,2025,2025-11-07
1329,4155221,2026-07-30,25,1970,PRIVATE,1,Etobicoke-Lakeshore,2026,2026-07-30
333,4155222,2025-11-24,63,1993,SOCIAL HOUSING,3,Etobicoke-Lakeshore,2025,2025-11-24
2900,4155223,2025-11-24,60,1960,PRIVATE,3,Etobicoke-Lakeshore,2025,2025-11-24
2897,4155224,2026-08-04,60,1965,PRIVATE,3,Etobicoke-Lakeshore,2026,2026-08-04
4685,4155225,2026-08-05,183,1973,PRIVATE,3,Etobicoke-Lakeshore,2026,2026-08-05
2332,4155226,2025-08-21,29,1947,PRIVATE,3,Etobicoke-Lakeshore,2025,2025-08-21
2334,4155227,2025-08-21,39,1957,PRIVATE,3,Etobicoke-Lakeshore,2025,2025-08-21
4549,4155228,2025-08-21,23,1962,PRIVATE,3,Etobicoke-Lakeshore,2025,2025-08-21
4546,4155229,2025-08-21,22,1956,PRIVATE,1,Etobicoke-Lakeshore,2025,2025-08-21
5284,4155230,2026-08-14,24,1959,PRIVATE,1,Etobicoke-Lakeshore,2026,2026-08-14
4888,4155231,2025-09-09,35,1950,PRIVATE,3,Etobicoke-Lakeshore,2025,2025-09-09
4886,4155232,2025-09-09,35,1950,PRIVATE,3,Etobicoke-Lakeshore,2025,2025-09-09
4819,4155233,2026-07-08,27,1955,PRIVATE,3,Etobicoke-Lakeshore,2026,2026-07-08
4817,4155234,2025-08-22,25,1947,PRIVATE,3,Etobicoke-Lakeshore,2025,2025-08-22
6459,4155235,2026-08-11,25,1958,PRIVATE,3,Etobicoke-Lakeshore,2026,2026-08-11
4814,4155236,2025-09-17,51,1956,PRIVATE,3,Etobicoke-Lakeshore,2025,2025-09-17
4821,4155237,2025-08-22,26,1958,PRIVATE,3,Etobicoke-Lakeshore,2025,2025-08-22
4545,4155238,2026-08-12,42,1953,PRIVATE,3,Etobicoke-Lakeshore,2026,2026-08-12
2336,4155239,2025-08-21,32,1953,PRIVATE,3,Etobicoke-Lakeshore,2025,2025-08-21
6473,4155240,2025-11-25,30,1954,PRIVATE,3,Etobicoke-Lakeshore,2025,2025-11-25
6471,4155241,2026-08-13,50,1954,PRIVATE,3,Etobicoke-Lakeshore,2026,2026-08-13
4551,4155242,2025-12-02,23,1959,PRIVATE,3,Etobicoke-Lakeshore,2025,2025-12-02
4553,4155243,2025-08-21,16,1954,PRIVATE,3,Etobicoke-Lakeshore,2025,2025-08-21
6468,4155244,2026-08-18,23,1953,PRIVATE,1,Etobicoke-Lakeshore,2026,2026-08-18
6466,4155245,2025-09-17,23,1965,PRIVATE,3,Etobicoke-Lakeshore,2025,2025-09-17
4543,4155246,2026-08-19,45,1956,PRIVATE,3,Etobicoke-Lakeshore,2026,2026-08-19
6367,4155248,2026-08-20,14,1940,PRIVATE,3,Etobicoke-Lakeshore,2026,2026-08-20
970,4155249,2026-09-11,26,1959,PRIVATE,3,Etobicoke-Lakeshore,2026,2026-09-11
972,4155250,2025-09-10,31,1955,PRIVATE,3,Etobicoke-Lakeshore,2025,2025-09-10
974,4155251,2025-09-12,24,1960,PRIVATE,3,Etobicoke-Lakeshore,2025,2025-09-12
976,4155252,2025-12-02,44,1954,PRIVATE,3,Etobicoke-Lakeshore,2025,2025-12-02
983,4155253,2025-09-15,10,1960,PRIVATE,3,Etobicoke-Lakeshore,2025,2025-09-15
5232,4155254,2025-11-25,24,1956,PRIVATE,3,Etobicoke-Lakeshore,2025,2025-11-25
3260,4155255,2025-10-16,30,1954,PRIVATE,3,Etobicoke-Lakeshore,2025,2025-10-16
3292,4155256,2025-11-25,38,1962,PRIVATE,3,Etobicoke-Lakeshore,2025,2025-11-25
3295,4155257,2026-08-26,36,1968,PRIVATE,3,Etobicoke-Lakeshore,2026,2026-08-26
5844,4155258,2025-09-10,33,1952,PRIVATE,3,Etobicoke-Lakeshore,2025,2025-09-10
5846,4155259,2026-08-27,62,1960,PRIVATE,1,Etobicoke-Lakeshore,2026,2026-08-27
5847,4155260,2024-08-07,32,1956,PRIVATE,3,Etobicoke-Lakeshore,2024,2024-08-07
5849,4155261,2026-08-26,37,1954,PRIVATE,3,Etobicoke-Lakeshore,2026,2026-08-26
5850,4155262,2026-09-15,37,1954,PRIVATE,3,Etobicoke-Lakeshore,2026,2026-09-15
5853,4155263,2025-11-24,35,1958,PRIVATE,3,Etobicoke-Lakeshore,2025,2025-11-24
5855,4155264,2026-09-16,35,1962,PRIVATE,3,Etobicoke-Lakeshore,2026,2026-09-16
5856,4155265,2024-08-20,60,1955,PRIVATE,3,Etobicoke-Lakeshore,2024,2024-08-20
3300,4155267,2025-12-02,34,1954,PRIVATE,3,Etobicoke-Lakeshore,2025,2025-12-02
3299,4155268,2025-11-25,27,1957,PRIVATE,3,Etobicoke-Lakeshore,2025,2025-11-25
3297,4155269,2026-09-22,30,1964,PRIVATE,3,Etobicoke-Lakeshore,2026,2026-09-22
3293,4155270,2024-09-27,33,1960,PRIVATE,1,Etobicoke-Lakeshore,2024,2024-09-27
3262,4155271,2025-09-10,30,1955,PRIVATE,3,Etobicoke-Lakeshore,2025,2025-09-10
3151,4155272,2024-08-08,35,1955,PRIVATE,3,Etobicoke-Lakeshore,2024,2024-08-08
3148,4155273,2024-07-03,58,1961,PRIVATE,1,Etobicoke-Lakeshore,2024,2024-07-03
3145,4155274,2024-08-13,44,1958,PRIVATE,3,Etobicoke-Lakeshore,2024,2024-08-13
3144,4155275,2025-12-03,45,1960,PRIVATE,3,Etobicoke-Lakeshore,2025,2025-12-03
3142,4155276,2025-12-08,52,1957,PRIVATE,3,Etobicoke-Lakeshore,2025,2025-12-08
2337,4155277,2025-08-21,48,1955,PRIVATE,3,Etobicoke-Lakeshore,2025,2025-08-21
6453,4155278,2024-08-30,30,1950,PRIVATE,3,Etobicoke-Lakeshore,2024,2024-08-30
6455,4155279,2025-10-09,39,1952,PRIVATE,3,Etobicoke-Lakeshore,2025,2025-10-09
6457,4155280,2025-10-09,27,1952,PRIVATE,3,Etobicoke-Lakeshore,2025,2025-10-09
6458,4155281,2024-07-22,22,1956,PRIVATE,3,Etobicoke-Lakeshore,2024,2024-07-22
6464,4155282,2025-09-15,32,1954,PRIVATE,3,Etobicoke-Lakeshore,2025,2025-09-15
4103,4155283,2024-07-19,19,1958,PRIVATE,3,Etobicoke-Lakeshore,2024,2024-07-19
4101,4155284,2026-06-23,16,1953,PRIVATE,3,Etobicoke-Lakeshore,2026,2026-06-23
4100,4155285,2026-06-23,16,1950,PRIVATE,3,Etobicoke-Lakeshore,2026,2026-06-23
4098,4155286,2025-11-18,16,1954,PRIVATE,3,Etobicoke-Lakeshore,2025,2025-11-18
4095,4155287,2026-06-22,16,1954,PRIVATE,3,Etobicoke-Lakeshore,2026,2026-06-22
981,4155288,2025-12-03,48,1960,PRIVATE,3,Etobicoke-Lakeshore,2025,2025-12-03
3147,4155289,2025-09-17,50,1958,PRIVATE,3,Etobicoke-Lakeshore,2025,2025-09-17
3150,4155290,2025-09-17,50,1958,PRIVATE,3,Etobicoke-Lakeshore,2025,2025-09-17
3153,4155291,2025-12-03,23,1957,PRIVATE,3,Etobicoke-Lakeshore,2025,2025-12-03
3155,4155292,2025-12-03,21,1957,PRIVATE,3,Etobicoke-Lakeshore,2025,2025-12-03
2237,4155293,2025-10-15,26,1955,PRIVATE,3,Etobicoke-Lakeshore,2025,2025-10-15
5598,4155294,2025-10-30,45,1940,PRIVATE,3,Etobicoke-Lakeshore,2025,2025-10-30
5596,4155295,2024-07-26,34,1927,PRIVATE,3,Etobicoke-Lakeshore,2024,2024-07-26
5595,4155296,2025-10-30,48,1952,PRIVATE,3,Etobicoke-Lakeshore,2025,2025-10-30
5593,4155297,2024-08-19,42,1960,PRIVATE,1,Etobicoke-Lakeshore,2024,2024-08-19
5401,4155298,2025-11-24,184,1977,PRIVATE,3,Etobicoke-Lakeshore,2025,2025-11-24
5985,4155299,2025-11-28,56,1968,PRIVATE,3,Etobicoke-Lakeshore,2025,2025-11-28
3746,4155301,2025-11-24,202,1957,PRIVATE,3,Etobicoke-Lakeshore,2025,2025-11-24
4905,4155302,2025-10-30,310,1974,PRIVATE,3,Etobicoke-Lakeshore,2025,2025-10-30
4897,4155303,2025-10-08,540,1973,PRIVATE,3,Etobicoke-Lakeshore,2025,2025-10-08
4902,4155304,2026-06-24,128,1979,TCHC,3,Etobicoke-Lakeshore,2026,2026-06-24
4901,4155305,2025-10-08,350,1979,TCHC,3,Etobicoke-Lakeshore,2025,2025-10-08
5398,4155306,2026-09-04,285,1973,PRIVATE,3,Etobicoke-Lakeshore,2026,2026-09-04
4899,4155307,2025-10-15,416,1974,PRIVATE,3,Etobicoke-Lakeshore,2025,2025-10-15
6275,4155308,2025-11-20,42,1959,PRIVATE,3,Etobicoke-Lakeshore,2025,2025-11-20
6273,4155309,2026-06-23,42,1959,PRIVATE,3,Etobicoke-Lakeshore,2026,2026-06-23
313,4155310,2025-09-17,26,1962,PRIVATE,3,Etobicoke Centre,2025,2025-09-17
317,4155311,2025-09-17,34,1955,PRIVATE,3,Etobicoke Centre,2025,2025-09-17
321,4155312,2026-08-14,18,1970,PRIVATE,3,Etobicoke Centre,2026,2026-08-14
323,4155313,2026-07-14,15,1952,PRIVATE,1,Etobicoke Centre,2026,2026-07-14
6216,4155315,2025-09-17,23,1960,PRIVATE,3,Etobicoke Centre,2025,2025-09-17
6220,4155316,2025-08-31,38,1953,PRIVATE,3,Etobicoke Centre,2025,2025-08-31
6222,4155317,2026-08-27,24,1958,PRIVATE,3,Etobicoke Centre,2026,2026-08-27
6226,4155318,2025-08-31,25,1943,PRIVATE,3,Etobicoke Centre,2025,2025-08-31
6312,4155319,2026-09-09,25,1953,PRIVATE,0,Etobicoke Centre,2026,2026-09-09
325,4155320,2025-08-31,17,1970,PRIVATE,3,Etobicoke Centre,2025,2025-08-31
315,4155322,2025-08-31,34,1952,PRIVATE,3,Etobicoke Centre,2025,2025-08-31
6475,4155324,2026-09-01,14,1959,PRIVATE,3,Etobicoke Centre,2026,2026-09-01
6477,4155325,2025-08-21,14,1959,PRIVATE,3,Etobicoke Centre,2025,2025-08-21
305,4155327,2025-11-07,73,1966,PRIVATE,3,Etobicoke Centre,2025,2025-11-07
6223,4155333,2026-08-31,41,1955,PRIVATE,3,Etobicoke Centre,2026,2026-08-31
6217,4155334,2026-08-27,39,1954,PRIVATE,3,Etobicoke Centre,2026,2026-08-27
6214,4155335,2026-08-25,19,1954,PRIVATE,3,Etobicoke Centre,2026,2026-08-25
6210,4155336,2026-08-25,22,1954,PRIVATE,3,Etobicoke Centre,2026,2026-08-25
2902,4155337,2025-11-24,122,1963,PRIVATE,3,Etobicoke Centre,2025,2025-11-24
638,4155338,2025-12-01,96,1966,PRIVATE,3,Etobicoke Centre,2025,2025-12-01
636,4155339,2026-08-25,63,1970,PRIVATE,3,Etobicoke Centre,2026,2026-08-25
6202,4155340,2025-12-01,108,1966,PRIVATE,3,Etobicoke Centre,2025,2025-12-01
3121,4155341,2026-08-20,234,1972,PRIVATE,3,Etobicoke Centre,2026,2026-08-20
3118,4155342,2025-12-01,141,1973,PRIVATE,3,Etobicoke Centre,2025,2025-12-01
3117,4155343,2026-08-25,365,1969,PRIVATE,3,Etobicoke Centre,2026,2026-08-25
2908,4155344,2025-12-01,162,1964,PRIVATE,3,Etobicoke Centre,2025,2025-12-01
4662,4155345,2025-12-01,211,1979,PRIVATE,3,Etobicoke Centre,2025,2025-12-01
4660,4155346,2025-12-01,259,1982,SOCIAL HOUSING,3,Etobicoke Centre,2025,2025-12-01
4658,4155347,2026-08-26,180,1971,PRIVATE,3,Etobicoke Centre,2026,2026-08-26
4656,4155348,2026-08-17,156,1973,PRIVATE,3,Etobicoke Centre,2026,2026-08-17
2999,4155349,2025-11-27,129,1969,PRIVATE,3,Etobicoke Centre,2025,2025-11-27
3001,4155350,2026-08-18,106,1970,PRIVATE,3,Etobicoke Centre,2026,2026-08-18
2910,4155351,2026-08-28,108,1995,SOCIAL HOUSING,3,Etobicoke Centre,2026,2026-08-28
3140,4155352,2025-12-02,14,1953,PRIVATE,3,Etobicoke North,2025,2025-12-02
3003,4155353,2026-08-26,128,1994,TCHC,3,Etobicoke Centre,2026,2026-08-26
6517,4155355,2026-09-01,63,1962,PRIVATE,3,Etobicoke Centre,2026,2026-09-01
6519,4155356,2025-11-05,60,1970,PRIVATE,3,Etobicoke Centre,2025,2025-11-05
6520,4155357,2026-08-19,111,1963,PRIVATE,3,Etobicoke Centre,2026,2026-08-19
3756,4155358,2026-09-03,266,1970,PRIVATE,3,Etobicoke North,2026,2026-09-03
6525,4155359,2026-09-03,123,1963,PRIVATE,3,Etobicoke North,2026,2026-09-03
6523,4155360,2026-08-20,55,1964,PRIVATE,3,Etobicoke Centre,2026,2026-08-20
2529,4155361,2026-08-27,29,1962,PRIVATE,3,Etobicoke Centre,2026,2026-08-27
1837,4155362,2025-11-26,121,1968,PRIVATE,3,Etobicoke Centre,2025,2025-11-26
1835,4155363,2026-09-02,122,1968,PRIVATE,3,Etobicoke Centre,2026,2026-09-02
6625,4155364,2026-09-02,95,1969,PRIVATE,3,Etobicoke Centre,2026,2026-09-02
6623,4155365,2026-09-09,55,1961,PRIVATE,3,Etobicoke Centre,2026,2026-09-09
6535,4155366,2026-08-25,178,1968,PRIVATE,3,Etobicoke Centre,2026,2026-08-25
6533,4155367,2025-11-28,225,1964,PRIVATE,3,Etobicoke Centre,2025,2025-11-28
6529,4155368,2025-11-30,181,1967,PRIVATE,3,Etobicoke Centre,2025,2025-11-30
6527,4155369,2025-11-30,171,1964,PRIVATE,3,Etobicoke Centre,2025,2025-11-30
6531,4155370,2025-11-05,49,1968,PRIVATE,3,Etobicoke North,2025,2025-11-05
5991,4155371,2025-06-27,45,1960,PRIVATE,3,Etobicoke-Lakeshore,2025,2025-06-27
285,4155372,2026-08-25,77,1966,PRIVATE,3,Etobicoke Centre,2026,2026-08-25
284,4155373,2025-06-26,82,1966,PRIVATE,3,Etobicoke Centre,2025,2025-06-26
3399,4155374,2026-09-02,113,1959,PRIVATE,3,Etobicoke Centre,2026,2026-09-02
3816,4155375,2025-07-02,118,1965,PRIVATE,3,Etobicoke Centre,2025,2025-07-02
3814,4155376,2026-09-11,149,1965,PRIVATE,3,Etobicoke Centre,2026,2026-09-11
3397,4155377,2025-07-02,152,1965,PRIVATE,3,Etobicoke Centre,2025,2025-07-02
5700,4155378,2026-08-27,88,1968,PRIVATE,3,Etobicoke Centre,2026,2026-08-27
342,4155379,2025-11-24,32,1968,PRIVATE,1,Etobicoke Centre,2025,2025-11-24
341,4155380,2025-11-02,17,1970,PRIVATE,3,Etobicoke Centre,2025,2025-11-02
337,4155381,2026-09-02,48,1969,PRIVATE,3,Etobicoke Centre,2026,2026-09-02
338,4155382,2026-09-09,109,1962,PRIVATE,3,Etobicoke Centre,2026,2026-09-09
345,4155383,2025-06-27,45,1970,PRIVATE,3,Etobicoke Centre,2025,2025-06-27
349,4155384,2025-06-27,51,1950,PRIVATE,3,Etobicoke Centre,2025,2025-06-27
353,4155385,2025-11-10,49,1960,PRIVATE,3,Etobicoke Centre,2025,2025-11-10
1326,4155386,2026-08-21,48,1960,PRIVATE,3,Etobicoke Centre,2026,2026-08-21
1320,4155387,2024-08-19,195,1974,PRIVATE,3,Etobicoke Centre,2024,2024-08-19
1321,4155388,2025-06-22,152,1974,PRIVATE,3,Etobicoke Centre,2025,2025-06-22
355,4155389,2025-06-22,141,1970,PRIVATE,3,Etobicoke Centre,2025,2025-06-22
351,4155390,2025-08-21,55,1962,PRIVATE,3,Etobicoke Centre,2025,2025-08-21
347,4155391,2026-09-14,10,1965,PRIVATE,3,Etobicoke Centre,2026,2026-09-14
109,4155392,2026-09-04,137,1964,PRIVATE,3,Etobicoke Centre,2026,2026-09-04
1,4155393,2025-06-27,119,1970,PRIVATE,3,Etobicoke Centre,2025,2025-06-27
361,4155394,2026-08-10,312,1969,PRIVATE,3,Etobicoke Centre,2026,2026-08-10
357,4155395,2026-09-03,24,1969,PRIVATE,3,Etobicoke Centre,2026,2026-09-03
6515,4155396,2024-07-04,141,1963,PRIVATE,3,Etobicoke Centre,2024,2024-07-04
3070,4155397,2024-08-19,80,1952,PRIVATE,3,Etobicoke Centre,2024,2024-08-19
4165,4155398,2025-11-05,225,1974,PRIVATE,3,Etobicoke Centre,2025,2025-11-05
288,4155399,2026-08-28,110,1960,PRIVATE,3,Etobicoke Centre,2026,2026-08-28
291,4155400,2024-08-20,122,1972,PRIVATE,3,Etobicoke Centre,2024,2024-08-20
290,4155401,2026-08-28,90,1969,PRIVATE,3,Etobicoke Centre,2026,2026-08-28
2216,4155402,2024-07-30,33,1970,PRIVATE,2,Etobicoke Centre,2024,2024-07-30
4557,4155405,2026-09-14,128,1992,SOCIAL HOUSING,3,Etobicoke Centre,2026,2026-09-14
3836,4155406,2024-09-11,126,1972,PRIVATE,3,Etobicoke Centre,2024,2024-09-11
3837,4155407,2024-08-12,142,1968,PRIVATE,3,Etobicoke Centre,2024,2024-08-12
3075,4155409,2025-07-11,178,1968,PRIVATE,3,Etobicoke North,2025,2025-07-11
3,4155410,2025-07-17,103,1962,PRIVATE,3,Etobicoke Centre,2025,2025-07-17
5268,4155411,2026-07-16,39,1968,PRIVATE,3,Etobicoke North,2026,2026-07-16
5265,4155412,2025-07-17,47,1962,PRIVATE,3,Etobicoke North,2025,2025-07-17
4540,4155413,2026-09-22,81,1965,PRIVATE,3,Etobicoke North,2026,2026-09-22
5820,4155414,2025-07-17,61,1965,PRIVATE,3,Etobicoke North,2025,2025-07-17
5818,4155415,2026-09-19,62,1965,PRIVATE,3,Etobicoke North,2026,2026-09-19
5816,4155416,2026-09-17,62,1965,PRIVATE,3,Etobicoke North,2026,2026-09-17
5261,4155417,2025-07-17,61,1965,PRIVATE,3,Etobicoke North,2025,2025-07-17
5262,4155418,2026-09-17,32,1965,PRIVATE,3,Etobicoke North,2026,2026-09-17
6433,4155419,2026-09-03,82,1964,PRIVATE,3,Etobicoke North,2026,2026-09-03
3844,4155420,2025-09-10,80,1964,PRIVATE,3,Etobicoke North,2025,2025-09-10
3853,4155421,2024-06-14,52,1955,PRIVATE,1,Etobicoke North,2024,2024-06-14
3634,4155422,2024-09-12,53,1955,PRIVATE,3,Etobicoke North,2024,2024-09-12
3857,4155424,2025-11-12,237,1984,TCHC,3,Etobicoke North,2025,2025-11-12
4418,4155425,2026-09-01,45,1967,PRIVATE,1,Etobicoke North,2026,2026-09-01
4421,4155426,2025-09-15,45,1967,PRIVATE,3,Etobicoke North,2025,2025-09-15
4423,4155427,2026-09-22,45,1963,PRIVATE,3,Etobicoke North,2026,2026-09-22
4508,4155428,2025-09-15,45,1963,PRIVATE,3,Etobicoke North,2025,2025-09-15
4559,4155429,2026-09-21,40,1968,PRIVATE,3,Etobicoke North,2026,2026-09-21
3852,4155430,2025-09-10,18,1960,PRIVATE,3,Etobicoke North,2025,2025-09-10
68,4155431,2025-09-10,17,1962,PRIVATE,3,Etobicoke North,2025,2025-09-10
66,4155432,2024-09-04,16,1960,PRIVATE,1,Etobicoke North,2024,2024-09-04
64,4155433,2026-09-15,17,1959,PRIVATE,3,Etobicoke North,2026,2026-09-15
60,4155434,2025-11-12,16,1950,PRIVATE,3,Etobicoke North,2025,2025-11-12
58,4155435,2024-08-07,18,1964,PRIVATE,2,Etobicoke North,2024,2024-08-07
62,4155436,2025-11-20,19,1960,PRIVATE,3,Etobicoke North,2025,2025-11-20
65,4155437,2024-08-26,15,1960,PRIVATE,1,Etobicoke North,2024,2024-08-26
3850,4155438,2025-09-10,16,1950,PRIVATE,3,Etobicoke North,2025,2025-09-10
3848,4155439,2024-09-12,13,1972,PRIVATE,1,Etobicoke North,2024,2024-09-12
3847,4155440,2024-09-12,18,1958,PRIVATE,3,Etobicoke North,2024,2024-09-12
4567,4155441,2026-08-12,13,1962,PRIVATE,3,Etobicoke North,2026,2026-08-12
3846,4155442,2024-08-16,68,1962,PRIVATE,3,Etobicoke North,2024,2024-08-16
3103,4155444,2025-10-30,100,1969,PRIVATE,3,Etobicoke North,2025,2025-10-30
3845,4155446,2024-08-02,194,1977,SOCIAL HOUSING,2,Etobicoke North,2024,2024-08-02
4561,4155447,2025-10-31,153,1965,PRIVATE,3,Etobicoke North,2025,2025-10-31
2972,4155448,2024-06-18,86,1965,PRIVATE,3,Etobicoke North,2024,2024-06-18
2310,4155449,2025-11-20,204,1974,PRIVATE,3,Etobicoke North,2025,2025-11-20
2314,4155450,2025-11-26,223,1976,PRIVATE,3,Etobicoke North,2025,2025-11-26
4647,4155451,2024-08-15,228,1978,PRIVATE,3,Etobicoke North,2024,2024-08-15
4649,4155452,2025-11-24,227,1978,PRIVATE,3,Etobicoke North,2025,2025-11-24
4650,4155453,2024-06-13,416,1976,PRIVATE,3,Etobicoke North,2024,2024-06-13
4652,4155454,2025-11-24,343,1976,PRIVATE,3,Etobicoke North,2025,2025-11-24
4654,4155455,2026-08-31,325,1978,PRIVATE,3,Etobicoke North,2026,2026-08-31
3927,4155456,2024-06-21,136,1972,PRIVATE,3,Etobicoke North,2024,2024-06-21
720,4155457,2026-09-21,153,1969,PRIVATE,3,Etobicoke North,2026,2026-09-21
3926,4155458,2024-06-21,136,1970,PRIVATE,3,Etobicoke North,2024,2024-06-21
4563,4155459,2025-10-15,154,1968,PRIVATE,3,Etobicoke North,2025,2025-10-15
984,4155460,2026-09-04,176,1970,PRIVATE,3,Etobicoke North,2026,2026-09-04
3839,4155461,2025-11-11,92,1960,PRIVATE,3,Etobicoke North,2025,2025-11-11
722,4155462,2025-11-02,96,1970,PRIVATE,3,Etobicoke North,2025,2025-11-02
3522,4155464,2025-11-07,119,1989,SOCIAL HOUSING,3,Etobicoke North,2025,2025-11-07
3524,4155465,2025-11-11,179,1984,TCHC,3,Etobicoke North,2025,2025-11-11
2207,4155468,2025-11-11,204,1994,TCHC,3,Etobicoke North,2025,2025-11-11
2896,4155469,2024-08-21,307,1972,TCHC,3,Etobicoke-Lakeshore,2024,2024-08-21
6620,4155470,2026-09-03,300,1977,TCHC,3,Etobicoke-Lakeshore,2026,2026-09-03
6618,4155471,2025-08-01,100,1992,TCHC,3,Etobicoke-Lakeshore,2025,2025-08-01
1012,4155472,2025-08-01,16,1959,PRIVATE,3,Etobicoke-Lakeshore,2025,2025-08-01
1009,4155473,2024-08-21,16,1959,SOCIAL HOUSING,0,Etobicoke-Lakeshore,2024,2024-08-21
3370,4155474,2025-11-06,23,1970,PRIVATE,1,Etobicoke-Lakeshore,2025,2025-11-06
3367,4155475,2026-07-21,87,1959,PRIVATE,3,Etobicoke-Lakeshore,2026,2026-07-21
3366,4155476,2025-11-06,47,1960,PRIVATE,3,Etobicoke-Lakeshore,2025,2025-11-06
3364,4155477,2026-07-24,86,1958,PRIVATE,3,Etobicoke-Lakeshore,2026,2026-07-24
3361,4155478,2026-08-31,132,1967,PRIVATE,3,Etobicoke-Lakeshore,2026,2026-08-31
3355,4155479,2026-07-24,36,1961,PRIVATE,3,Etobicoke-Lakeshore,2026,2026-07-24
3354,4155480,2025-08-08,28,1954,PRIVATE,3,Etobicoke-Lakeshore,2025,2025-08-08
3348,4155481,2025-08-19,38,1957,PRIVATE,3,Etobicoke-Lakeshore,2025,2025-08-19
1008,4155482,2024-07-19,12,1951,PRIVATE,0,Etobicoke-Lakeshore,2024,2024-07-19
6108,4155483,2025-11-06,23,1950,PRIVATE,3,Etobicoke-Lakeshore,2025,2025-11-06
6105,4155484,2026-09-14,18,1950,PRIVATE,3,Etobicoke-Lakeshore,2026,2026-09-14
6104,4155485,2024-08-16,12,1957,PRIVATE,3,Etobicoke-Lakeshore,2024,2024-08-16
242,4155486,2024-09-05,55,1965,PRIVATE,3,Etobicoke-Lakeshore,2024,2024-09-05
239,4155487,2025-12-02,47,1965,PRIVATE,3,Etobicoke-Lakeshore,2025,2025-12-02
3482,4155488,2025-09-17,46,1955,PRIVATE,3,Etobicoke-Lakeshore,2025,2025-09-17
3582,4155489,2026-08-31,14,1952,PRIVATE,3,Etobicoke-Lakeshore,2026,2026-08-31
3581,4155490,2025-08-05,26,1952,PRIVATE,3,Etobicoke-Lakeshore,2025,2025-08-05
3578,4155491,2026-08-31,26,1952,PRIVATE,3,Etobicoke-Lakeshore,2026,2026-08-31
3577,4155492,2025-08-06,26,1952,PRIVATE,3,Etobicoke-Lakeshore,2025,2025-08-06
3575,4155493,2025-08-06,26,1952,PRIVATE,3,Etobicoke-Lakeshore,2025,2025-08-06
3572,4155494,2026-08-27,26,1952,PRIVATE,3,Etobicoke-Lakeshore,2026,2026-08-27
3571,4155495,2025-08-05,26,1952,PRIVATE,3,Etobicoke-Lakeshore,2025,2025-08-05
3568,4155496,2026-08-20,55,1952,PRIVATE,3,Etobicoke-Lakeshore,2026,2026-08-20
3566,4155497,2026-08-24,75,1952,PRIVATE,3,Etobicoke-Lakeshore,2026,2026-08-24
3479,4155498,2026-08-21,110,1952,PRIVATE,3,Etobicoke-Lakeshore,2026,2026-08-21
3477,4155499,2026-08-21,61,1952,PRIVATE,3,Etobicoke-Lakeshore,2026,2026-08-21
3472,4155500,2025-09-17,37,1952,PRIVATE,3,Etobicoke-Lakeshore,2025,2025-09-17
3470,4155501,2025-09-17,44,1970,PRIVATE,3,Etobicoke-Lakeshore,2025,2025-09-17
3468,4155502,2025-09-17,42,1955,PRIVATE,3,Etobicoke-Lakeshore,2025,2025-09-17
3466,4155503,2025-09-17,30,1950,PRIVATE,3,Etobicoke-Lakeshore,2025,2025-09-17
3462,4155504,2026-08-10,21,1955,PRIVATE,2,Etobicoke-Lakeshore,2026,2026-08-10
3584,4155506,2025-07-18,15,1960,PRIVATE,3,Etobicoke-Lakeshore,2025,2025-07-18
3588,4155507,2026-08-11,16,1955,PRIVATE,1,Etobicoke-Lakeshore,2026,2026-08-11
3676,4155508,2026-07-28,27,1955,PRIVATE,2,Etobicoke-Lakeshore,2026,2026-07-28
3679,4155509,2026-07-17,30,1960,PRIVATE,3,Etobicoke-Lakeshore,2026,2026-07-17
3591,4155510,2025-07-18,17,1955,PRIVATE,3,Etobicoke-Lakeshore,2025,2025-07-18
3586,4155511,2026-08-11,111,1953,PRIVATE,3,Etobicoke-Lakeshore,2026,2026-08-11
2894,4155512,2025-07-18,72,1951,PRIVATE,3,Etobicoke-Lakeshore,2025,2025-07-18
2893,4155513,2025-07-18,60,1957,PRIVATE,3,Etobicoke-Lakeshore,2025,2025-07-18
3683,4155514,2025-07-24,11,1960,PRIVATE,3,Etobicoke-Lakeshore,2025,2025-07-24
3040,4155515,2025-11-28,23,1955,PRIVATE,1,Etobicoke-Lakeshore,2025,2025-11-28
3681,4155517,2025-08-01,148,1980,TCHC,3,Etobicoke-Lakeshore,2025,2025-08-01
3685,4155518,2025-10-24,18,1958,PRIVATE,3,Etobicoke-Lakeshore,2025,2025-10-24
673,4155519,2026-09-04,11,1958,PRIVATE,1,Etobicoke-Lakeshore,2026,2026-09-04
1417,4155520,2026-09-14,12,1958,PRIVATE,3,Etobicoke-Lakeshore,2026,2026-09-14
1203,4155521,2024-09-20,10,1960,PRIVATE,3,Etobicoke-Lakeshore,2024,2024-09-20
3686,4155522,2026-07-13,35,1959,PRIVATE,3,Etobicoke-Lakeshore,2026,2026-07-13
3688,4155523,2026-07-23,52,1966,PRIVATE,3,Etobicoke-Lakeshore,2026,2026-07-23
1153,4155524,2025-07-18,12,1952,PRIVATE,3,Etobicoke-Lakeshore,2025,2025-07-18
1416,4155525,2025-07-17,25,1955,PRIVATE,3,Etobicoke-Lakeshore,2025,2025-07-17
1413,4155526,2026-09-11,23,1957,PRIVATE,3,Etobicoke-Lakeshore,2026,2026-09-11
1384,4155527,2025-07-17,23,1957,PRIVATE,3,Etobicoke-Lakeshore,2025,2025-07-17
672,4155528,2025-07-17,12,1957,PRIVATE,3,Etobicoke-Lakeshore,2025,2025-07-17
136,4155531,2026-08-11,178,1993,TCHC,3,Etobicoke-Lakeshore,2026,2026-08-11
169,4155537,2026-07-29,46,1957,PRIVATE,2,Etobicoke-Lakeshore,2026,2026-07-29
174,4155538,2025-07-17,29,1970,PRIVATE,3,Etobicoke-Lakeshore,2025,2025-07-17
137,4155539,2026-07-30,18,1970,PRIVATE,3,Etobicoke-Lakeshore,2026,2026-07-30
171,4155540,2026-07-17,18,1970,PRIVATE,3,Etobicoke-Lakeshore,2026,2026-07-17
6333,4155542,2024-09-03,13,1957,PRIVATE,3,Etobicoke-Lakeshore,2024,2024-09-03
6697,4155543,2026-09-14,14,1950,PRIVATE,3,Etobicoke-Lakeshore,2026,2026-09-14
6695,4155544,2026-09-14,14,1950,PRIVATE,3,Etobicoke-Lakeshore,2026,2026-09-14
6680,4155545,2025-07-11,10,1955,PRIVATE,3,Etobicoke-Lakeshore,2025,2025-07-11
2327,4155547,2026-09-02,97,1963,PRIVATE,3,Etobicoke-Lakeshore,2026,2026-09-02
2326,4155548,2026-09-10,97,1963,PRIVATE,3,Etobicoke-Lakeshore,2026,2026-09-10
4666,4155549,2025-07-09,118,1963,PRIVATE,3,Etobicoke-Lakeshore,2025,2025-07-09
4667,4155550,2026-09-10,118,1964,PRIVATE,3,Etobicoke-Lakeshore,2026,2026-09-10
4670,4155551,2025-07-09,118,1963,PRIVATE,3,Etobicoke-Lakeshore,2025,2025-07-09
4686,4155552,2026-09-09,11,1957,PRIVATE,1,Etobicoke-Lakeshore,2026,2026-09-09
4671,4155553,2026-09-02,14,1950,PRIVATE,3,Etobicoke-Lakeshore,2026,2026-09-02
657,4155554,2026-08-14,53,1963,PRIVATE,3,Etobicoke-Lakeshore,2026,2026-08-14
659,4155555,2025-07-07,26,1950,PRIVATE,3,Etobicoke-Lakeshore,2025,2025-07-07
2434,4155556,2024-07-24,34,1960,PRIVATE,3,Etobicoke-Lakeshore,2024,2024-07-24
661,4155557,2025-07-07,28,1960,PRIVATE,3,Etobicoke-Lakeshore,2025,2025-07-07
663,4155558,2025-07-07,41,1959,PRIVATE,3,Etobicoke-Lakeshore,2025,2025-07-07
175,4155560,2025-07-14,81,1968,PRIVATE,3,Etobicoke-Lakeshore,2025,2025-07-14
1401,4155561,2025-06-20,115,1962,TCHC,3,Scarborough Southwest,2025,2025-06-20
260,4155562,2024-09-17,278,1971,TCHC,3,Scarborough Southwest,2024,2024-09-17
258,4155563,2026-09-22,278,1971,TCHC,3,Scarborough Southwest,2026,2026-09-22
848,4155564,2025-07-02,94,1970,TCHC,3,Scarborough Southwest,2025,2025-07-02
850,4155565,2025-07-02,97,1968,TCHC,3,Scarborough Southwest,2025,2025-07-02
3768,4155566,2025-06-24,192,1969,TCHC,3,Scarborough Southwest,2025,2025-06-24
5056,4155567,2025-09-06,236,1972,TCHC,3,Scarborough Centre,2025,2025-09-06
409,4155568,2024-09-30,196,1971,TCHC,3,Scarborough Centre,2024,2024-09-30
408,4155569,2024-08-08,184,1971,TCHC,3,Scarborough Centre,2024,2024-08-08
541,4155570,2025-09-17,128,1970,TCHC,3,Scarborough-Guildwood,2025,2025-09-17
544,4155571,2025-09-17,128,1970,TCHC,3,Scarborough-Guildwood,2025,2025-09-17
496,4155573,2026-07-16,421,1972,TCHC,3,Scarborough Southwest,2026,2026-07-16
391,4155574,2024-08-23,190,1970,TCHC,3,Scarborough Centre,2024,2024-08-23
4041,4155575,2026-09-05,198,1968,TCHC,3,Scarborough Centre,2026,2026-09-05
4034,4155577,2025-11-24,213,1969,TCHC,3,Scarborough-Guildwood,2025,2025-11-24
1226,4155578,2026-06-24,180,1969,TCHC,3,Scarborough-Guildwood,2026,2026-06-24
1224,4155579,2026-06-25,180,1969,TCHC,3,Scarborough-Guildwood,2026,2026-06-25
4372,4155580,2026-07-21,145,1971,TCHC,3,Scarborough-Guildwood,2026,2026-07-21
4370,4155581,2025-11-04,198,1971,TCHC,3,Scarborough-Guildwood,2025,2025-11-04
4381,4155582,2025-11-24,99,1972,TCHC,3,Scarborough-Rouge Park,2025,2025-11-24
4138,4155583,2025-11-03,185,1972,TCHC,3,Scarborough-Guildwood,2025,2025-11-03
6117,4155584,2026-07-28,186,1970,TCHC,3,Scarborough-Agincourt,2026,2026-07-28
5170,4155585,2026-07-23,237,1969,TCHC,3,Scarborough-Agincourt,2026,2026-07-23
3256,4155587,2025-11-28,449,1969,TCHC,3,Parkdale-High Park,2025,2025-11-28
795,4155588,2026-09-16,57,1974,TCHC,3,Parkdale-High Park,2026,2026-09-16
5426,4155589,2024-09-10,384,1971,TCHC,3,Parkdale-High Park,2024,2024-09-10
5652,4155590,2025-07-21,106,1959,TCHC,3,Davenport,2025,2025-07-21
1994,4155591,2025-06-18,352,1968,TCHC,3,Davenport,2025,2025-06-18
2017,4155593,2025-08-18,54,1964,TCHC,3,University-Rosedale,2025,2025-08-18
6181,4155594,2026-09-17,460,1968,TCHC,3,University-Rosedale,2026,2026-09-17
4970,4155595,2026-09-15,115,1996,TCHC,3,Spadina-Fort York,2026,2026-09-15
3241,4155598,2026-08-18,105,1978,TCHC,3,University-Rosedale,2026,2026-08-18
1065,4155600,2026-07-08,301,1973,TCHC,3,Toronto Centre,2026,2026-07-08
1132,4155601,2025-11-05,299,1964,TCHC,3,Toronto Centre,2025,2025-11-05
3605,4155602,2026-07-08,469,1972,TCHC,3,Toronto Centre,2026,2026-07-08
3010,4155604,2025-10-20,25,1961,TCHC,3,Toronto Centre,2025,2025-10-20
2558,4155605,2025-11-13,719,1970,TCHC,3,Toronto Centre,2025,2025-11-13
5645,4155607,2026-08-19,81,1960,TCHC,3,Toronto-Danforth,2026,2026-08-19
2036,4155609,2026-08-19,34,1970,TCHC,3,Toronto-Danforth,2026,2026-08-19
5535,4155610,2025-07-08,41,1965,TCHC,3,Beaches-East York,2025,2025-07-08
5866,4155611,2026-07-23,53,1956,TCHC,3,Beaches-East York,2026,2026-07-23
5868,4155612,2026-07-23,43,1956,TCHC,3,Beaches-East York,2026,2026-07-23
5972,4155614,2025-11-28,126,1991,SOCIAL HOUSING,3,Beaches-East York,2025,2025-11-28
5420,4155615,2026-08-21,156,1977,TCHC,3,Toronto-St. Paul's,2026,2026-08-21
4409,4155617,2025-10-21,188,1971,TCHC,3,Humber River-Black Creek,2025,2025-10-21
222,4155618,2025-11-12,374,1972,TCHC,3,Humber River-Black Creek,2025,2025-11-12
4410,4155620,2024-09-03,164,1970,TCHC,3,Humber River-Black Creek,2024,2024-09-03
4189,4155621,2025-11-21,76,1967,TCHC,3,York South-Weston,2025,2025-11-21
4355,4155623,2025-11-04,13,1955,TCHC,3,York South-Weston,2025,2025-11-04
4357,4155624,2025-11-04,20,1955,TCHC,3,York South-Weston,2025,2025-11-04
1341,4155625,2026-08-12,224,1970,TCHC,3,York South-Weston,2026,2026-08-12
3728,4155629,2026-08-10,30,1957,TCHC,3,Eglinton-Lawrence,2026,2026-08-10
3098,4155630,2025-12-08,30,1957,TCHC,3,Eglinton-Lawrence,2025,2025-12-08
3096,4155631,2026-07-30,30,2019,SOCIAL HOUSING,3,Eglinton-Lawrence,2026,2026-07-30
623,4155632,2026-08-04,30,1957,TCHC,3,Eglinton-Lawrence,2026,2026-08-04
3100,4155633,2026-07-21,30,1957,TCHC,3,Eglinton-Lawrence,2026,2026-07-21
3727,4155634,2026-08-10,30,1957,TCHC,3,Eglinton-Lawrence,2026,2026-08-10
3094,4155635,2026-07-30,31,1957,TCHC,3,Eglinton-Lawrence,2026,2026-07-30
621,4155636,2025-11-15,31,1957,TCHC,1,Eglinton-Lawrence,2025,2025-11-15
619,4155637,2025-11-15,31,1957,TCHC,1,Eglinton-Lawrence,2025,2025-11-15
617,4155638,2025-11-15,31,1957,TCHC,1,Eglinton-Lawrence,2025,2025-11-15
2669,4155639,2025-09-17,31,1957,TCHC,3,Eglinton-Lawrence,2025,2025-09-17
2667,4155640,2026-07-10,31,1957,TCHC,3,Eglinton-Lawrence,2026,2026-07-10
5704,4155641,2026-08-25,30,1957,TCHC,3,Eglinton-Lawrence,2026,2026-08-25
626,4155642,2025-11-15,31,1957,TCHC,1,Eglinton-Lawrence,2025,2025-11-15
625,4155643,2025-11-15,30,1957,TCHC,1,Eglinton-Lawrence,2025,2025-11-15
6204,4155644,2026-08-25,30,1957,TCHC,3,Eglinton-Lawrence,2026,2026-08-25
2374,4155650,2026-06-29,81,1962,TCHC,3,Don Valley East,2026,2026-06-29
3073,4155651,2024-07-10,63,1962,TCHC,3,Don Valley East,2024,2024-07-10
2843,4155652,2025-10-28,253,1974,TCHC,3,Eglinton-Lawrence,2025,2025-10-28
1692,4155653,2025-11-05,304,1968,TCHC,3,York South-Weston,2025,2025-11-05
5988,4155654,2025-10-30,255,1962,TCHC,3,Etobicoke-Lakeshore,2025,2025-10-30
6387,4155657,2026-08-07,275,1973,TCHC,3,Etobicoke Centre,2026,2026-08-07
1855,4155658,2024-08-06,238,1972,TCHC,3,Etobicoke North,2024,2024-08-06
251,4155659,2026-09-04,221,1967,TCHC,3,Etobicoke North,2026,2026-09-04
5196,4155662,2024-08-20,293,1971,PRIVATE,3,Parkdale-High Park,2024,2024-08-20
3607,4155664,2024-06-21,327,1972,PRIVATE,3,Toronto Centre,2024,2024-06-21
6138,4155665,2025-09-16,14,2006,PRIVATE,3,Don Valley West,2025,2025-09-16
2312,4155666,2026-09-18,222,1974,PRIVATE,3,Etobicoke North,2026,2026-09-18
3007,4155667,2025-11-02,14,1971,TCHC,3,Etobicoke Centre,2025,2025-11-02
6507,4155669,2026-09-10,104,1964,PRIVATE,3,Don Valley West,2026,2026-09-10
6504,4155670,2026-09-10,103,1964,PRIVATE,3,Don Valley West,2026,2026-09-10
6502,4155671,2025-10-30,101,1962,PRIVATE,3,Don Valley West,2025,2025-10-30
6497,4155672,2025-11-11,154,1962,PRIVATE,3,Don Valley West,2025,2025-11-11
6406,4155673,2025-07-16,62,2013,PRIVATE,3,Don Valley East,2025,2025-07-16
6236,4155674,2025-08-01,172,1971,PRIVATE,3,Don Valley North,2025,2025-08-01
6237,4155675,2024-06-24,235,1971,PRIVATE,3,Don Valley North,2024,2024-06-24
6164,4155677,2026-09-04,57,1965,PRIVATE,3,York Centre,2026,2026-09-04
6042,4155680,2024-09-11,36,1930,PRIVATE,3,Toronto-St. Paul's,2024,2024-09-11
2160,4155681,2026-09-11,22,1996,SOCIAL HOUSING,2,Spadina-Fort York,2026,2026-09-11
1349,4155682,2025-11-19,175,1996,SOCIAL HOUSING,3,York South-Weston,2025,2025-11-19
1821,4155683,2026-09-19,97,1960,PRIVATE,3,Humber River-Black Creek,2026,2026-09-19
6160,4155684,2025-07-21,44,1964,PRIVATE,3,York Centre,2025,2025-07-21
1587,4155685,2025-11-24,300,1981,TCHC,3,Toronto-St. Paul's,2025,2025-11-24
4236,4155686,2025-09-03,24,2003,SOCIAL HOUSING,3,Eglinton-Lawrence,2025,2025-09-03
6249,4155687,2025-08-22,306,2003,PRIVATE,3,Willowdale,2025,2025-08-22
584,4155690,2025-07-15,113,1970,PRIVATE,3,Beaches-East York,2025,2025-07-15
2235,4155691,2025-11-24,148,1966,PRIVATE,3,Etobicoke-Lakeshore,2025,2025-11-24
3841,4155692,2025-11-11,88,1971,PRIVATE,3,Etobicoke North,2025,2025-11-11
2349,4155703,2025-08-18,92,1976,PRIVATE,3,Scarborough Southwest,2025,2025-08-18
4317,4155704,2024-08-23,106,1994,SOCIAL HOUSING,3,Beaches-East York,2024,2024-08-23
3752,4155705,2026-09-08,162,1973,TCHC,3,Etobicoke North,2026,2026-09-08
3107,4155706,2026-09-16,129,1969,PRIVATE,3,Etobicoke North,2026,2026-09-16
3005,4155707,2026-07-07,14,1970,TCHC,3,Etobicoke Centre,2026,2026-07-07
4590,4155710,2026-08-25,116,2005,PRIVATE,3,Davenport,2026,2026-08-25
2656,4155712,2025-06-14,263,1965,PRIVATE,3,Don Valley East,2025,2025-06-14
1424,4155717,2025-10-03,297,1975,SOCIAL HOUSING,3,Scarborough-Agincourt,2025,2025-10-03
5290,4155726,2025-06-30,128,1989,TCHC,3,Beaches-East York,2025,2025-06-30
5189,4155728,2025-10-03,12,1970,PRIVATE,3,University-Rosedale,2025,2025-10-03
4588,4155730,2026-08-25,291,2010,PRIVATE,3,Davenport,2026,2026-08-25
1184,4155731,2024-08-14,141,1967,PRIVATE,3,Toronto-St. Paul's,2024,2024-08-14
3786,4155734,2025-07-23,138,1992,PRIVATE,3,Davenport,2025,2025-07-23
6014,4155736,2025-09-24,149,1967,PRIVATE,3,York Centre,2025,2025-09-24
6016,4155737,2026-08-13,247,1967,PRIVATE,3,York Centre,2026,2026-08-13
800,4155739,2025-06-30,122,1965,PRIVATE,3,Parkdale-High Park,2025,2025-06-30
5899,4155740,2026-08-20,77,1967,PRIVATE,3,York Centre,2026,2026-08-20
4928,4155741,2026-09-21,54,2003,TCHC,3,Toronto-St. Paul's,2026,2026-09-21
1137,4155742,2024-08-28,264,2008,PRIVATE,3,York South-Weston,2024,2024-08-28
2145,4155743,2025-07-10,16,1954,PRIVATE,3,Scarborough Southwest,2025,2025-07-10
3201,4155744,2026-09-04,200,1977,SOCIAL HOUSING,2,Parkdale-High Park,2026,2026-09-04
6616,4155746,2025-10-14,218,1968,PRIVATE,3,Humber River-Black Creek,2025,2025-10-14
640,4155748,2026-09-14,96,1966,PRIVATE,3,Etobicoke Centre,2026,2026-09-14
241,4155749,2025-08-06,62,1950,PRIVATE,3,Etobicoke-Lakeshore,2025,2025-08-06
5624,4155750,2025-07-31,32,2004,SOCIAL HOUSING,3,Toronto-Danforth,2025,2025-07-31
4258,4155751,2025-11-25,161,1969,PRIVATE,3,York South-Weston,2025,2025-11-25
237,4155752,2025-08-06,23,1950,PRIVATE,3,Etobicoke-Lakeshore,2025,2025-08-06
5191,4155753,2025-10-03,17,1992,PRIVATE,3,University-Rosedale,2025,2025-10-03
3346,4155754,2025-08-08,88,1959,PRIVATE,3,Etobicoke-Lakeshore,2025,2025-08-08
2044,4155756,2025-12-05,11,1927,PRIVATE,3,Toronto-St. Paul's,2025,2025-12-05
3458,4155757,2025-11-06,151,1961,PRIVATE,3,Etobicoke-Lakeshore,2025,2025-11-06
2854,4155758,2025-09-10,89,2005,PRIVATE,3,Eglinton-Lawrence,2025,2025-09-10
2973,4155763,2024-08-23,24,1966,PRIVATE,3,Etobicoke-Lakeshore,2024,2024-08-23
6683,4155764,2025-07-10,21,1955,PRIVATE,3,Etobicoke-Lakeshore,2025,2025-07-10
6094,4155766,2025-07-30,84,2005,SOCIAL HOUSING,3,Spadina-Fort York,2025,2025-07-30
1231,4155767,2026-07-20,12,1960,PRIVATE,3,York Centre,2026,2026-07-20
2365,4155768,2025-07-19,232,2006,PRIVATE,3,Don Valley North,2025,2025-07-19
3360,4155769,2025-08-06,133,1960,PRIVATE,3,Etobicoke-Lakeshore,2025,2025-08-06
3358,4155770,2026-08-27,133,1960,PRIVATE,3,Etobicoke-Lakeshore,2026,2026-08-27
3460,4155771,2025-11-06,45,1958,PRIVATE,3,Etobicoke-Lakeshore,2025,2025-11-06
3372,4155772,2026-09-02,22,1951,PRIVATE,3,Etobicoke-Lakeshore,2026,2026-09-02
2888,4155773,2026-06-15,248,1966,PRIVATE,3,Don Valley East,2026,2026-06-15
6710,4155776,2026-07-15,207,1967,PRIVATE,3,York Centre,2026,2026-07-15
1017,4155778,2024-06-26,194,1966,PRIVATE,3,Willowdale,2024,2024-06-26
5323,4155779,2026-09-09,278,2007,PRIVATE,3,Etobicoke-Lakeshore,2026,2026-09-09
3671,4155781,2026-09-09,58,1965,TCHC,3,Etobicoke North,2026,2026-09-09
3669,4155782,2024-07-11,221,1965,TCHC,3,Etobicoke North,2024,2024-07-11
3820,4155783,2025-08-13,58,1955,PRIVATE,1,Eglinton-Lawrence,2025,2025-08-13
5710,4155787,2026-07-31,167,2001,TCHC,3,Toronto-Danforth,2026,2026-07-31
6639,4155789,2025-07-29,66,1958,PRIVATE,3,Don Valley East,2025,2025-07-29
1843,4155793,2024-08-14,233,1973,PRIVATE,3,Etobicoke Centre,2024,2024-08-14
6127,4155794,2026-07-06,38,1940,PRIVATE,2,Don Valley West,2026,2026-07-06
5707,4155796,2024-09-05,263,1976,PRIVATE,3,Scarborough-Agincourt,2024,2024-09-05
298,4155800,2025-11-13,102,1993,TCHC,3,Toronto Centre,2025,2025-11-13
1266,4155802,2026-07-27,11,1956,PRIVATE,3,Scarborough Southwest,2026,2026-07-27
5965,4155803,2026-08-17,298,2012,TCHC,3,Spadina-Fort York,2026,2026-08-17
1067,4155809,2026-08-25,371,1975,PRIVATE,3,Toronto Centre,2026,2026-08-25
1338,4155812,2026-08-31,154,1970,PRIVATE,3,York Centre,2026,2026-08-31
3754,4155813,2025-12-02,162,1973,TCHC,3,Etobicoke North,2025,2025-12-02
3064,4155816,2025-11-07,92,2005,SOCIAL HOUSING,3,Scarborough-Rouge Park,2025,2025-11-07
5280,4155820,2024-06-24,479,1979,PRIVATE,3,University-Rosedale,2024,2024-06-24
2960,4155823,2024-06-20,61,2009,TCHC,3,Toronto Centre,2024,2024-06-20
1324,4155825,2025-06-22,140,1971,PRIVATE,3,Etobicoke Centre,2025,2025-06-22
5590,4155827,2026-08-25,27,1944,PRIVATE,3,Parkdale-High Park,2026,2026-08-25
5592,4155828,2026-08-25,34,1944,PRIVATE,3,Parkdale-High Park,2026,2026-08-25
1725,4155829,2025-06-16,31,1940,PRIVATE,3,Eglinton-Lawrence,2025,2025-06-16
6503,4155830,2024-07-26,157,1964,PRIVATE,3,Don Valley West,2024,2024-07-26
5274,4155834,2025-06-30,301,1969,TCHC,3,Toronto Centre,2025,2025-06-30
4979,4155838,2024-09-30,171,1960,PRIVATE,3,Don Valley North,2024,2024-09-30
4980,4155839,2024-09-17,168,1970,PRIVATE,3,Don Valley North,2024,2024-09-17
3025,4155840,2026-07-28,32,1966,SOCIAL HOUSING,3,University-Rosedale,2026,2026-07-28
840,4155843,2025-09-05,16,1952,PRIVATE,3,Scarborough Southwest,2025,2025-09-05
1409,4155845,2026-07-28,11,1953,PRIVATE,3,York South-Weston,2026,2026-07-28
3247,4155848,2025-08-01,201,1969,PRIVATE,3,Parkdale-High Park,2025,2025-08-01
5690,4155850,2025-07-23,84,2005,PRIVATE,3,York Centre,2025,2025-07-23
4121,4155854,2025-10-31,31,1970,TCHC,3,Scarborough-Guildwood,2025,2025-10-31
234,4155855,2025-10-07,283,2012,PRIVATE,3,Etobicoke-Lakeshore,2025,2025-10-07
1172,4155858,2025-08-18,24,1905,PRIVATE,3,University-Rosedale,2025,2025-08-18
4524,4155859,2025-06-23,143,1960,PRIVATE,3,Toronto Centre,2025,2025-06-23
431,4155862,2026-06-30,16,1952,PRIVATE,1,Scarborough Southwest,2026,2026-06-30
433,4155865,2026-06-30,16,1952,PRIVATE,1,Scarborough Southwest,2026,2026-06-30
3932,4155866,2025-11-18,56,2008,TCHC,3,Toronto-Danforth,2025,2025-11-18
5063,4155872,2025-11-19,12,1910,PRIVATE,3,Toronto Centre,2025,2025-11-19
6344,4155873,2025-11-27,326,1971,TCHC,3,York South-Weston,2025,2025-11-27
6687,4155874,2025-07-14,13,1955,PRIVATE,3,Etobicoke-Lakeshore,2025,2025-07-14
6385,4155875,2026-08-07,329,1967,PRIVATE,3,Etobicoke Centre,2026,2026-08-07
2517,4155878,2025-10-31,11,1960,PRIVATE,3,Eglinton-Lawrence,2025,2025-10-31
6027,4155879,2026-08-13,181,1969,PRIVATE,3,York Centre,2026,2026-08-13
1840,4155880,2024-08-07,233,1974,PRIVATE,3,Etobicoke Centre,2024,2024-08-07
3308,4155881,2026-09-22,71,1954,PRIVATE,3,Toronto-Danforth,2026,2026-09-22
1606,4155882,2025-07-24,92,1962,PRIVATE,3,Parkdale-High Park,2025,2025-07-24
2296,4155883,2025-08-26,230,1965,PRIVATE,3,Parkdale-High Park,2025,2025-08-26
4879,4155887,2026-09-02,35,1959,PRIVATE,3,Toronto-St. Paul's,2026,2026-09-02
1841,4155889,2025-11-26,228,1974,PRIVATE,3,Etobicoke Centre,2025,2025-11-26
4062,4155890,2025-09-03,87,1959,PRIVATE,3,Scarborough Southwest,2025,2025-09-03
4243,4155891,2026-08-25,10,1958,PRIVATE,3,Eglinton-Lawrence,2026,2026-08-25
2389,4155895,2025-06-23,68,1994,SOCIAL HOUSING,3,Don Valley East,2025,2025-06-23
2292,4155900,2026-07-15,11,1895,PRIVATE,0,University-Rosedale,2026,2026-07-15
1181,4155901,2026-08-11,91,2009,PRIVATE,3,University-Rosedale,2026,2026-08-11
3254,4155905,2025-08-26,217,1969,PRIVATE,3,Parkdale-High Park,2025,2025-08-26
906,4155906,2026-08-12,11,1940,PRIVATE,0,Davenport,2026,2026-08-12
3817,4155907,2025-08-13,59,1960,PRIVATE,3,Eglinton-Lawrence,2025,2025-08-13
1852,4155911,2026-09-04,132,1971,PRIVATE,3,Etobicoke North,2026,2026-09-04
1342,4155913,2026-08-12,224,1970,TCHC,3,York South-Weston,2026,2026-08-12
5577,4155914,2026-07-22,160,1992,TCHC,3,Eglinton-Lawrence,2026,2026-07-22
3921,4155915,2026-09-03,158,1994,SOCIAL HOUSING,3,Scarborough Centre,2026,2026-09-03
10,4155916,2025-07-10,36,1970,PRIVATE,3,Etobicoke-Lakeshore,2025,2025-07-10
3842,4155918,2026-09-15,271,1970,PRIVATE,3,Etobicoke North,2026,2026-09-15
4881,4155919,2026-09-12,35,1959,PRIVATE,3,Toronto-St. Paul's,2026,2026-09-12
2639,4155920,2025-11-27,245,1967,PRIVATE,3,York South-Weston,2025,2025-11-27
5668,4155922,2026-08-26,153,1972,TCHC,3,Parkdale-High Park,2026,2026-08-26
6577,4155923,2026-07-14,15,1952,PRIVATE,3,Etobicoke Centre,2026,2026-07-14
6579,4155924,2025-08-21,14,1952,PRIVATE,3,Etobicoke Centre,2025,2025-08-21
1854,4155927,2026-09-04,328,1971,PRIVATE,3,Etobicoke North,2026,2026-09-04
2484,4155928,2025-10-20,105,1971,PRIVATE,3,Etobicoke Centre,2025,2025-10-20
3862,4155930,2026-08-14,34,1960,PRIVATE,3,Etobicoke-Lakeshore,2026,2026-08-14
1102,4155931,2024-08-26,112,2008,SOCIAL HOUSING,3,Toronto Centre,2024,2024-08-26
113,4155935,2025-10-28,84,1964,PRIVATE,3,Scarborough Centre,2025,2025-10-28
111,4155938,2024-08-13,84,1964,PRIVATE,3,Scarborough Centre,2024,2024-08-13
2428,4155942,2025-09-08,201,1971,TCHC,3,Scarborough-Agincourt,2025,2025-09-08
1530,4155943,2026-07-09,161,1965,TCHC,3,Scarborough Southwest,2026,2026-07-09
1003,4155950,2026-08-17,15,1953,PRIVATE,3,Beaches-East York,2026,2026-08-17
2567,4155952,2025-11-18,571,1969,PRIVATE,3,Toronto Centre,2025,2025-11-18
4015,4155956,2025-09-18,96,1957,PRIVATE,3,Scarborough Centre,2025,2025-09-18
492,4155957,2025-06-26,231,1972,TCHC,3,Scarborough Southwest,2025,2025-06-26
1236,4155959,2025-10-06,59,1957,PRIVATE,3,University-Rosedale,2025,2025-10-06
1019,4155962,2026-07-16,100,1969,PRIVATE,2,York Centre,2026,2026-07-16
5444,4155977,2025-10-21,28,1992,SOCIAL HOUSING,3,Scarborough-Rouge Park,2025,2025-10-21
728,4155978,2026-07-21,180,1975,PRIVATE,3,Scarborough-Rouge Park,2026,2026-07-21
392,4155979,2024-10-01,66,1970,TCHC,3,Scarborough Centre,2024,2024-10-01
6337,4155991,2026-09-19,171,1972,TCHC,3,Humber River-Black Creek,2026,2026-09-19
2617,4155992,2026-07-15,214,1972,PRIVATE,3,York South-Weston,2026,2026-07-15
2619,4155993,2026-07-15,214,1973,PRIVATE,3,York South-Weston,2026,2026-07-15
6353,4155995,2025-07-22,130,1960,PRIVATE,3,Etobicoke North,2025,2025-07-22
1344,4155999,2025-11-07,221,1970,TCHC,3,York South-Weston,2025,2025-11-07
1589,4156002,2024-09-03,34,1937,PRIVATE,3,Eglinton-Lawrence,2024,2024-09-03
3232,4156003,2026-08-27,216,1969,PRIVATE,3,Toronto-St. Paul's,2026,2026-08-27
3224,4156004,2025-06-17,26,1945,PRIVATE,3,Davenport,2025,2025-06-17
453,4156013,2024-08-06,336,1986,PRIVATE,3,Parkdale-High Park,2024,2024-08-06
546,4156014,2025-11-28,24,1950,PRIVATE,3,York South-Weston,2025,2025-11-28
5976,4156016,2026-09-16,132,1972,TCHC,3,Parkdale-High Park,2026,2026-09-16
3169,4156020,2026-09-22,64,1960,PRIVATE,3,Don Valley East,2026,2026-09-22
3474,4156027,2026-08-13,10,1910,PRIVATE,3,Etobicoke-Lakeshore,2026,2026-08-13
4374,4156028,2025-10-15,107,1961,PRIVATE,3,Scarborough-Rouge Park,2025,2025-10-15
5132,4156031,2026-08-13,265,1965,PRIVATE,3,Beaches-East York,2026,2026-08-13
4512,4156034,2025-11-10,55,1994,TCHC,3,Toronto Centre,2025,2025-11-10
4426,4156035,2025-08-07,14,1940,PRIVATE,3,Scarborough Southwest,2025,2025-08-07
3093,4156036,2025-10-06,80,1996,SOCIAL HOUSING,3,Toronto-Danforth,2025,2025-10-06
5153,4156037,2026-07-23,37,1960,PRIVATE,3,Scarborough Centre,2026,2026-07-23
5277,4156038,2024-09-10,327,1969,TCHC,3,Toronto Centre,2024,2024-09-10
6596,4156043,2026-06-17,164,1965,PRIVATE,3,Don Valley East,2026,2026-06-17
1999,4156048,2026-09-10,11,1960,PRIVATE,3,Scarborough Southwest,2026,2026-09-10
1223,4156049,2024-09-11,145,1994,SOCIAL HOUSING,3,Scarborough-Guildwood,2024,2024-09-11
1216,4156069,2025-10-08,107,1966,PRIVATE,3,Willowdale,2025,2025-10-08
3855,4156070,2025-11-27,80,1992,SOCIAL HOUSING,3,Etobicoke North,2025,2025-11-27
6019,4156071,2025-09-24,202,1970,PRIVATE,3,York Centre,2025,2025-09-24
5446,4156073,2025-09-22,14,1992,SOCIAL HOUSING,3,Scarborough-Rouge Park,2025,2025-09-22
743,4156074,2025-10-17,12,1975,PRIVATE,3,Scarborough-Rouge Park,2025,2025-10-17
745,4156075,2025-10-17,12,1975,PRIVATE,3,Scarborough-Rouge Park,2025,2025-10-17
2976,4156076,2025-09-29,238,1979,PRIVATE,3,Scarborough North,2025,2025-09-29
3705,4156086,2025-08-15,223,1965,PRIVATE,3,Parkdale-High Park,2025,2025-08-15
307,4156089,2025-11-12,22,1977,PRIVATE,3,Etobicoke Centre,2025,2025-11-12
1291,4156090,2025-10-02,227,1972,PRIVATE,3,Don Valley West,2025,2025-10-02
6575,4156098,2025-08-21,13,1952,PRIVATE,3,Etobicoke Centre,2025,2025-08-21
6581,4156099,2026-07-15,14,1952,PRIVATE,3,Etobicoke Centre,2026,2026-07-15
6338,4156101,2026-08-05,28,1930,PRIVATE,3,Toronto-St. Paul's,2026,2026-08-05
2480,4156102,2025-10-20,108,1968,PRIVATE,3,Etobicoke Centre,2025,2025-10-20
1607,4156104,2026-09-03,52,1962,PRIVATE,3,Parkdale-High Park,2026,2026-09-03
1072,4156107,2026-07-31,225,1975,PRIVATE,3,Toronto Centre,2026,2026-07-31
3475,4156108,2026-08-13,34,1952,PRIVATE,3,Etobicoke-Lakeshore,2026,2026-08-13
4428,4156114,2026-08-13,15,1940,PRIVATE,3,Scarborough Southwest,2026,2026-08-13
5857,4156115,2024-08-20,26,1953,PRIVATE,3,Etobicoke-Lakeshore,2024,2024-08-20
5275,4156118,2025-11-10,327,1969,TCHC,3,Toronto Centre,2025,2025-11-10
248,4156122,2025-08-13,66,1970,PRIVATE,3,Don Valley North,2025,2025-08-13
4572,4156131,2024-09-18,224,1966,PRIVATE,3,Don Valley North,2024,2024-09-18
4044,4156136,2025-10-01,130,1993,SOCIAL HOUSING,3,Scarborough North,2025,2025-10-01
5753,4156137,2026-08-17,28,1992,SOCIAL HOUSING,3,Scarborough-Rouge Park,2026,2026-08-17
5754,4156138,2025-09-22,21,1992,SOCIAL HOUSING,3,Scarborough-Rouge Park,2025,2025-09-22
5756,4156139,2025-10-21,14,1992,SOCIAL HOUSING,3,Scarborough-Rouge Park,2025,2025-10-21
5862,4156140,2025-11-18,53,1996,SOCIAL HOUSING,3,Willowdale,2025,2025-11-18
3109,4156153,2025-11-26,129,1969,PRIVATE,3,Etobicoke North,2025,2025-11-26
4955,4156154,2026-09-18,144,1987,TCHC,3,Spadina-Fort York,2026,2026-09-18
5883,4156156,2025-11-05,207,1969,PRIVATE,3,Don Valley West,2025,2025-11-05
3317,4156163,2025-11-19,145,1967,PRIVATE,3,Toronto-St. Paul's,2025,2025-11-19
6479,4156164,2026-07-14,13,1952,PRIVATE,3,Etobicoke Centre,2026,2026-07-14
3864,4156167,2025-07-07,34,1960,PRIVATE,3,Etobicoke-Lakeshore,2025,2025-07-07
264,4156172,2026-08-18,104,1960,PRIVATE,3,Scarborough Centre,2026,2026-08-18
1005,4156176,2025-08-27,37,1953,PRIVATE,3,Beaches-East York,2025,2025-08-27
1135,4156181,2025-11-06,300,1964,TCHC,3,Toronto Centre,2025,2025-11-06
5269,4156182,2026-09-10,190,1969,TCHC,3,Toronto-Danforth,2026,2026-09-10
5206,4156195,2026-09-21,135,1967,TCHC,3,Humber River-Black Creek,2026,2026-09-21
1434,4156200,2025-10-06,123,1987,SOCIAL HOUSING,3,York Centre,2025,2025-10-06
5712,4156206,2025-08-16,164,1971,TCHC,3,Don Valley North,2025,2025-08-16
3672,4156208,2024-09-13,194,1965,TCHC,3,Etobicoke North,2024,2024-09-13
5980,4156225,2025-10-16,14,1950,PRIVATE,3,Etobicoke Centre,2025,2025-10-16
3305,4156229,2025-10-08,196,1965,PRIVATE,3,University-Rosedale,2025,2025-10-08
3518,4156232,2026-08-11,246,1969,TCHC,3,York South-Weston,2026,2026-08-11
3160,4156233,2025-06-23,101,1962,PRIVATE,3,Don Valley East,2025,2025-06-23
4430,4156236,2025-08-07,14,1940,PRIVATE,3,Scarborough Southwest,2025,2025-08-07
4431,4156237,2026-08-13,15,1940,PRIVATE,3,Scarborough Southwest,2026,2026-08-13
1276,4156240,2026-07-14,45,1969,TCHC,3,Scarborough Southwest,2026,2026-07-14
4536,4156242,2025-09-27,41,1985,SOCIAL HOUSING,3,Scarborough-Guildwood,2025,2025-09-27
1141,4156247,2026-08-24,16,1920,PRIVATE,3,Beaches-East York,2026,2026-08-24
1998,4156249,2026-09-10,10,1960,PRIVATE,3,Scarborough Southwest,2026,2026-09-10
1136,4156250,2024-06-18,300,1964,TCHC,3,Toronto Centre,2024,2024-06-18
4377,4156252,2025-10-15,107,1961,PRIVATE,3,Scarborough-Rouge Park,2025,2025-10-15
4339,4156254,2026-08-13,14,1940,PRIVATE,3,Scarborough Southwest,2026,2026-08-13
643,4156258,2025-08-20,277,1975,PRIVATE,3,Willowdale,2025,2025-08-20
5758,4156266,2025-10-21,21,1992,SOCIAL HOUSING,3,Scarborough-Rouge Park,2025,2025-10-21
394,4156268,2025-09-02,66,1970,TCHC,3,Scarborough Centre,2025,2025-09-02
327,4156285,2026-06-26,21,1956,PRIVATE,3,Etobicoke Centre,2026,2026-06-26
5395,4156287,2024-09-26,15,1930,PRIVATE,3,Toronto-St. Paul's,2024,2024-09-26
12,4156288,2025-07-10,23,1970,PRIVATE,3,Etobicoke-Lakeshore,2025,2025-07-10
5982,4156289,2025-10-16,14,1950,PRIVATE,3,Etobicoke Centre,2025,2025-10-16
2939,4156290,2026-07-24,267,1969,PRIVATE,3,Davenport,2026,2026-07-24
3122,4156293,2026-08-12,139,1967,PRIVATE,3,Eglinton-Lawrence,2026,2026-08-12
4882,4156294,2025-11-14,37,1959,PRIVATE,3,Toronto-St. Paul's,2025,2025-11-14
2637,4156295,2025-11-27,246,1967,PRIVATE,3,York South-Weston,2025,2025-11-27
3315,4156296,2025-07-17,162,1963,PRIVATE,3,Toronto-St. Paul's,2025,2025-07-17
2482,4156297,2025-10-20,126,1968,PRIVATE,3,Etobicoke Centre,2025,2025-10-20
2665,4156298,2026-08-28,40,1969,TCHC,3,Spadina-Fort York,2026,2026-08-28
489,4156303,2025-08-13,120,1961,PRIVATE,3,Beaches-East York,2025,2025-08-13
842,4156305,2026-09-15,16,1952,PRIVATE,3,Scarborough Southwest,2026,2026-09-15
844,4156306,2025-09-05,16,1952,PRIVATE,3,Scarborough Southwest,2025,2025-09-05
1532,4156313,2026-07-09,103,1965,TCHC,3,Scarborough Southwest,2026,2026-07-09
5842,4156314,2025-08-05,159,1971,PRIVATE,3,Beaches-East York,2025,2025-08-05
4806,4156316,2025-06-27,183,1969,TCHC,3,Beaches-East York,2025,2025-06-27
5723,4156319,2025-10-25,208,1979,PRIVATE,3,Scarborough-Rouge Park,2025,2025-10-25
6238,4156323,2024-09-19,234,1971,PRIVATE,3,Don Valley North,2024,2024-09-19
1062,4156324,2024-09-26,266,1972,PRIVATE,3,Humber River-Black Creek,2024,2024-09-26
1823,4156325,2025-08-07,93,1960,PRIVATE,3,Humber River-Black Creek,2025,2025-08-07
1334,4156337,2025-10-02,154,1970,PRIVATE,3,York Centre,2025,2025-10-02
5760,4156339,2025-09-22,14,1992,SOCIAL HOUSING,3,Scarborough-Rouge Park,2025,2025-09-22
2978,4156342,2025-09-29,238,1979,PRIVATE,3,Scarborough North,2025,2025-09-29
3703,4156354,2024-08-06,221,1965,PRIVATE,3,Parkdale-High Park,2024,2024-08-06
6347,4156355,2024-09-09,73,1960,PRIVATE,3,Etobicoke North,2024,2024-09-09
318,4156357,2024-09-04,22,1954,PRIVATE,3,Etobicoke Centre,2024,2024-09-04
4453,4156358,2026-09-11,121,1960,PRIVATE,3,York South-Weston,2026,2026-09-11
4455,4156359,2025-11-27,121,1960,PRIVATE,3,York South-Weston,2025,2025-11-27
3198,4156361,2026-08-05,207,1990,TCHC,3,York South-Weston,2026,2026-08-05
5448,4156362,2026-08-18,33,1950,PRIVATE,3,Toronto-St. Paul's,2026,2026-08-18
4811,4156365,2025-10-15,142,1967,PRIVATE,3,Eglinton-Lawrence,2025,2025-10-15
1232,4156366,2025-11-27,18,1982,SOCIAL HOUSING,3,Toronto-St. Paul's,2025,2025-11-27
548,4156367,2025-11-25,23,1954,PRIVATE,3,York South-Weston,2025,2025-11-25
6565,4156370,2025-08-21,13,1952,PRIVATE,3,Etobicoke Centre,2025,2025-08-21
3377,4156371,2026-09-17,150,1992,SOCIAL HOUSING,3,York South-Weston,2026,2026-09-17
2531,4156373,2025-11-02,47,1963,TCHC,3,Etobicoke Centre,2025,2025-11-02
1079,4156374,2024-07-25,102,1975,TCHC,3,Toronto Centre,2024,2024-07-25
4340,4156379,2026-08-25,14,1940,PRIVATE,3,Scarborough Southwest,2026,2026-08-25
5618,4156380,2024-07-06,95,1965,PRIVATE,3,Toronto-Danforth,2024,2024-07-06
490,4156383,2025-08-13,129,1961,PRIVATE,3,Beaches-East York,2025,2025-08-13
4433,4156385,2026-08-25,15,1940,PRIVATE,3,Scarborough Southwest,2026,2026-08-25
6148,4156386,2025-07-22,148,1967,PRIVATE,3,Don Valley East,2025,2025-07-22
121,4156387,2025-10-29,66,1963,PRIVATE,3,Scarborough Centre,2025,2025-10-29
118,4156388,2026-07-16,84,1963,PRIVATE,3,Scarborough Centre,2026,2026-07-16
2430,4156390,2025-09-08,203,1971,TCHC,3,Scarborough-Agincourt,2025,2025-09-08
6077,4156391,2025-10-22,179,1978,SOCIAL HOUSING,3,Scarborough Centre,2025,2025-10-22
6150,4156399,2025-07-22,124,1968,PRIVATE,3,Don Valley East,2025,2025-07-22
5859,4156401,2025-12-08,26,1953,PRIVATE,3,Etobicoke-Lakeshore,2025,2025-12-08
1436,4156414,2025-10-06,141,1983,SOCIAL HOUSING,3,York Centre,2025,2025-10-06
729,4156415,2025-09-19,12,1975,PRIVATE,3,Scarborough-Rouge Park,2025,2025-09-19
747,4156416,2026-07-21,12,1975,PRIVATE,3,Scarborough-Rouge Park,2026,2026-07-21
731,4156417,2025-09-19,12,1975,PRIVATE,3,Scarborough-Rouge Park,2025,2025-09-19
501,4156419,2025-10-22,154,1974,PRIVATE,3,Humber River-Black Creek,2025,2025-10-22
514,4156420,2024-09-24,118,1971,PRIVATE,3,Humber River-Black Creek,2024,2024-09-24
5715,4156429,2025-08-16,178,1971,TCHC,3,Don Valley North,2025,2025-08-16
6335,4156430,2025-09-05,201,1972,TCHC,3,Humber River-Black Creek,2025,2025-09-05
2297,4156433,2026-07-20,243,1968,PRIVATE,3,Parkdale-High Park,2026,2026-07-20
686,4156439,2025-11-25,248,1993,SOCIAL HOUSING,3,York South-Weston,2025,2025-11-25
2714,4156441,2025-08-13,30,2009,SOCIAL HOUSING,3,Toronto-St. Paul's,2025,2025-08-13
1294,4156446,2024-07-11,501,1972,PRIVATE,3,Don Valley West,2024,2024-07-11
309,4156447,2026-09-03,22,1977,PRIVATE,3,Etobicoke Centre,2026,2026-09-03
319,4156448,2024-08-16,22,1954,PRIVATE,3,Etobicoke Centre,2024,2024-08-16
3510,4156449,2025-10-06,25,1920,PRIVATE,3,University-Rosedale,2025,2025-10-06
6350,4156450,2025-07-22,130,1960,PRIVATE,3,Etobicoke North,2025,2025-07-22
6348,4156451,2025-07-22,73,1960,PRIVATE,3,Etobicoke North,2025,2025-07-22
1274,4156455,2025-06-24,36,1969,TCHC,3,Scarborough Southwest,2025,2025-06-24
2351,4156459,2024-06-20,134,1976,PRIVATE,3,Scarborough Southwest,2024,2024-06-20
6599,4156461,2026-06-17,164,1965,PRIVATE,3,Don Valley East,2026,2026-06-17
495,4156468,2025-06-26,217,1972,TCHC,3,Scarborough Southwest,2025,2025-06-26
4026,4156469,2024-07-29,48,1992,SOCIAL HOUSING,3,Scarborough-Guildwood,2024,2024-07-29
5156,4156471,2026-07-14,37,1960,PRIVATE,3,Scarborough Centre,2026,2026-07-14
2400,4156480,2025-07-07,92,1966,TCHC,3,Beaches-East York,2025,2025-07-07
2442,4156483,2025-06-25,198,1967,TCHC,3,Beaches-East York,2025,2025-06-25
6166,4156484,2025-07-21,76,1965,PRIVATE,3,York Centre,2025,2025-07-21
733,4156491,2025-10-31,12,1975,PRIVATE,3,Scarborough-Rouge Park,2025,2025-10-31
503,4156492,2025-10-22,131,1974,PRIVATE,3,Humber River-Black Creek,2025,2025-10-22
513,4156493,2024-09-03,118,1971,PRIVATE,3,Humber River-Black Creek,2024,2024-09-03
4413,4156494,2025-10-21,131,1974,PRIVATE,3,Humber River-Black Creek,2025,2025-10-21
6500,4156495,2025-10-30,101,1962,PRIVATE,3,Don Valley West,2025,2025-10-30
6170,4156504,2025-07-21,38,1966,PRIVATE,3,York Centre,2025,2025-07-21
105,4156510,2026-08-04,204,1974,TCHC,3,York South-Weston,2026,2026-08-04
6162,4156512,2025-07-21,38,1964,PRIVATE,3,York Centre,2025,2025-07-21
3595,4156514,2024-06-10,16,1970,PRIVATE,3,Parkdale-High Park,2024,2024-06-10
1146,4156516,2026-09-14,133,1978,PRIVATE,3,Scarborough-Agincourt,2026,2026-09-14
1142,4156521,2026-09-14,88,1978,PRIVATE,3,Scarborough-Agincourt,2026,2026-09-14
5984,4156523,2025-10-16,14,1950,PRIVATE,3,Etobicoke Centre,2025,2025-10-16
1916,4156530,2026-07-28,36,1960,PRIVATE,3,York Centre,2026,2026-07-28
3162,4156531,2026-09-21,113,1963,PRIVATE,3,Don Valley East,2026,2026-09-21
1838,4156532,2024-08-02,139,1975,PRIVATE,3,Etobicoke Centre,2024,2024-08-02
1145,4156533,2025-10-25,153,1978,PRIVATE,3,Scarborough-Agincourt,2025,2025-10-25
6488,4156547,2025-11-14,110,2010,TCHC,3,Toronto Centre,2025,2025-11-14
4583,4156548,2025-11-12,141,2010,PRIVATE,3,Toronto-St. Paul's,2025,2025-11-12
3077,4156549,2026-09-14,186,1965,PRIVATE,3,Toronto-St. Paul's,2026,2026-09-14
4129,4156554,2026-07-16,238,1970,TCHC,3,Scarborough-Guildwood,2026,2026-07-16
4126,4156555,2025-09-15,20,1970,TCHC,3,Scarborough-Guildwood,2025,2025-09-15
4125,4156556,2025-10-31,15,1970,TCHC,3,Scarborough-Guildwood,2025,2025-10-31
4122,4156557,2026-07-15,33,1970,TCHC,3,Scarborough-Guildwood,2026,2026-07-15
4132,4156558,2024-07-31,102,1970,PRIVATE,3,Scarborough-Guildwood,2024,2024-07-31
1985,4156561,2025-08-22,240,2012,PRIVATE,3,Willowdale,2025,2025-08-22
2915,4156564,2026-08-17,155,1968,PRIVATE,3,Don Valley North,2026,2026-08-17
4765,4156565,2025-11-25,335,1968,PRIVATE,3,York South-Weston,2025,2025-11-25
6124,4156567,2026-06-24,265,1979,PRIVATE,3,Toronto Centre,2026,2026-06-24
6172,4156573,2026-08-17,185,1964,PRIVATE,3,Toronto-St. Paul's,2026,2026-08-17
1785,4156579,2025-09-05,219,1967,PRIVATE,3,Don Valley East,2025,2025-09-05
1787,4156580,2025-09-05,222,1967,PRIVATE,3,Don Valley East,2025,2025-09-05
1769,4156581,2024-06-26,304,1968,PRIVATE,3,Willowdale,2024,2024-06-26
6368,4156583,2024-08-12,141,1968,PRIVATE,3,Etobicoke Centre,2024,2024-08-12
4259,4156586,2025-08-11,22,1960,PRIVATE,3,Don Valley West,2025,2025-08-11
4109,4156593,2026-08-31,16,1970,PRIVATE,3,Beaches-East York,2026,2026-08-31
4117,4156594,2025-07-21,16,1970,PRIVATE,3,Beaches-East York,2025,2025-07-21
4111,4156597,2026-08-18,16,1970,PRIVATE,3,Beaches-East York,2026,2026-08-18
996,4156598,2024-09-05,190,2011,SOCIAL HOUSING,3,Davenport,2024,2024-09-05
3598,4156601,2026-07-13,84,2010,TCHC,3,Toronto Centre,2026,2026-07-13
6437,4156607,2025-09-09,167,1974,PRIVATE,3,Scarborough-Agincourt,2025,2025-09-09
918,4156610,2025-06-23,56,1964,PRIVATE,3,Don Valley West,2025,2025-06-23
5697,4156611,2024-07-04,16,1955,PRIVATE,3,Etobicoke-Lakeshore,2024,2024-07-04
1618,4156612,2025-11-20,22,1956,PRIVATE,3,Don Valley East,2025,2025-11-20
1624,4156613,2025-09-08,11,1965,PRIVATE,3,Don Valley East,2025,2025-09-08
4772,4156614,2026-09-16,332,2010,PRIVATE,3,Willowdale,2026,2026-09-16
1612,4156619,2025-09-08,11,1965,PRIVATE,3,Don Valley East,2025,2025-09-08
1610,4156620,2025-09-08,11,1950,PRIVATE,3,Don Valley East,2025,2025-09-08
6003,4156621,2026-08-20,60,1962,PRIVATE,3,York Centre,2026,2026-08-20
6426,4156623,2026-07-29,32,1930,PRIVATE,3,Toronto-St. Paul's,2026,2026-07-29
6440,4156624,2025-09-09,175,1974,PRIVATE,3,Scarborough-Agincourt,2025,2025-09-09
919,4156627,2026-06-23,56,1964,PRIVATE,3,Don Valley West,2026,2026-06-23
235,4156628,2024-07-30,218,2011,PRIVATE,3,Etobicoke-Lakeshore,2024,2024-07-30
4758,4156631,2025-07-15,139,1970,PRIVATE,3,Beaches-East York,2025,2025-07-15
1626,4156634,2025-09-15,11,1965,PRIVATE,3,Don Valley East,2025,2025-09-15
1034,4156639,2026-06-24,74,2010,PRIVATE,3,Don Valley North,2026,2026-06-24
922,4156640,2025-06-23,56,1964,PRIVATE,3,Don Valley West,2025,2025-06-23
1032,4156642,2025-07-21,74,2010,PRIVATE,3,Don Valley North,2025,2025-07-21
5699,4156649,2025-12-02,16,1955,PRIVATE,3,Etobicoke-Lakeshore,2025,2025-12-02
6361,4156650,2026-09-15,22,1954,PRIVATE,3,Etobicoke-Lakeshore,2026,2026-09-15
6363,4156652,2026-09-15,22,1954,PRIVATE,3,Etobicoke-Lakeshore,2026,2026-09-15
6365,4156653,2025-11-25,22,1954,PRIVATE,3,Etobicoke-Lakeshore,2025,2025-11-25
4539,4156664,2026-07-14,419,1972,TCHC,3,Scarborough-Guildwood,2026,2026-07-14
1397,4156704,2025-09-26,112,1962,PRIVATE,3,Humber River-Black Creek,2025,2025-09-26
2959,4156706,2026-06-23,155,2013,TCHC,3,Toronto Centre,2026,2026-06-23
4801,4156711,2026-09-11,179,2013,PRIVATE,3,Spadina-Fort York,2026,2026-09-11
4803,4156712,2026-06-18,59,2014,TCHC,3,Toronto Centre,2026,2026-06-18
6183,4156719,2026-07-30,17,1900,PRIVATE,3,University-Rosedale,2026,2026-07-30
6621,4156720,2026-09-21,55,1962,PRIVATE,3,Etobicoke Centre,2026,2026-09-21
1194,4156721,2025-11-25,34,1950,PRIVATE,2,York South-Weston,2025,2025-11-25
528,4156722,2025-07-21,305,1968,PRIVATE,3,Don Valley East,2025,2025-07-21
4764,4156723,2026-08-28,184,2008,PRIVATE,3,York South-Weston,2026,2026-08-28
4510,4156725,2026-07-29,98,2009,SOCIAL HOUSING,3,Toronto Centre,2026,2026-07-29
3601,4156726,2025-10-27,87,2012,SOCIAL HOUSING,3,Toronto Centre,2025,2025-10-27
2359,4156727,2026-08-12,216,1967,PRIVATE,3,Don Valley North,2026,2026-08-12
4718,4156733,2026-08-07,48,1974,TCHC,3,Eglinton-Lawrence,2026,2026-08-07
4720,4156734,2026-08-07,48,1974,TCHC,3,Eglinton-Lawrence,2026,2026-08-07
4722,4156735,2025-09-15,48,1974,TCHC,3,Eglinton-Lawrence,2025,2025-09-15
1204,4156736,2024-07-17,47,1951,PRIVATE,3,Etobicoke-Lakeshore,2024,2024-07-17
3742,4156737,2025-07-24,38,1951,PRIVATE,3,Etobicoke-Lakeshore,2025,2025-07-24
3744,4156738,2024-07-17,47,1951,PRIVATE,3,Etobicoke-Lakeshore,2024,2024-07-17
914,4156740,2025-07-09,325,1967,PRIVATE,3,Don Valley East,2025,2025-07-09
3226,4156744,2026-08-19,26,1945,PRIVATE,3,Davenport,2026,2026-08-19
6093,4156748,2025-11-17,180,2009,TCHC,3,Toronto Centre,2025,2025-11-17
1598,4156756,2026-08-19,210,1989,TCHC,3,York South-Weston,2026,2026-08-19
2956,4156772,2026-06-11,83,2015,TCHC,3,Toronto Centre,2026,2026-06-11
3813,4156791,2025-10-27,12,1960,PRIVATE,3,Don Valley East,2025,2025-10-27
3898,4156792,2026-07-15,11,1960,PRIVATE,1,Don Valley East,2026,2026-07-15
4956,4166721,2025-11-14,210,2012,PRIVATE,3,Scarborough-Agincourt,2025,2025-11-14
649,4166732,2025-08-13,287,1965,PRIVATE,3,Don Valley North,2025,2025-08-13
2676,4166819,2026-07-23,106,1991,SOCIAL HOUSING,0,Toronto-St. Paul's,2026,2026-07-23
3252,4166848,2025-08-01,321,1969,PRIVATE,3,Parkdale-High Park,2025,2025-08-01
2210,4166900,2026-09-22,289,1987,PRIVATE,3,Spadina-Fort York,2026,2026-09-22
6373,4166942,2024-09-26,275,1967,PRIVATE,3,Toronto-Danforth,2024,2024-09-26
6374,4166944,2025-07-04,275,1967,PRIVATE,3,Toronto-Danforth,2025,2025-07-04
3750,4166992,2025-11-24,77,1971,PRIVATE,3,Etobicoke-Lakeshore,2025,2025-11-24
3230,4166996,2025-08-12,99,1955,PRIVATE,3,University-Rosedale,2025,2025-08-12
2215,4167451,2026-08-17,73,1990,TCHC,3,Spadina-Fort York,2026,2026-08-17
655,4167455,2026-09-10,25,2000,TCHC,3,Spadina-Fort York,2026,2026-09-10
301,4167459,2025-11-13,220,2006,TCHC,3,Toronto Centre,2025,2025-11-13
1182,4167462,2025-08-19,216,1969,PRIVATE,3,University-Rosedale,2025,2025-08-19
3134,4167463,2026-07-16,54,2006,TCHC,3,Toronto Centre,2026,2026-07-16
3087,4167679,2025-10-29,72,2008,PRIVATE,3,Don Valley West,2025,2025-10-29
226,4167680,2026-07-16,47,2006,TCHC,3,Toronto Centre,2026,2026-07-16
1513,4167686,2025-11-19,72,1960,PRIVATE,3,Scarborough Centre,2025,2025-11-19
426,4167688,2025-08-14,11,1971,PRIVATE,3,Scarborough Southwest,2025,2025-08-14
3548,4167691,2025-10-27,11,1960,PRIVATE,3,York Centre,2025,2025-10-27
6452,4167693,2025-11-27,18,1925,PRIVATE,3,Toronto-St. Paul's,2025,2025-11-27
4737,4167696,2026-07-13,11,1955,PRIVATE,1,York South-Weston,2026,2026-07-13
6109,4167698,2025-11-07,244,1963,PRIVATE,3,Toronto Centre,2025,2025-11-07
6111,4167699,2025-11-07,217,1963,PRIVATE,3,Toronto Centre,2025,2025-11-07
6113,4167700,2026-08-11,244,1963,PRIVATE,3,Toronto Centre,2026,2026-08-11
4597,4167763,2025-11-12,152,1980,TCHC,3,Humber River-Black Creek,2025,2025-11-12
5035,4167764,2025-09-11,131,1969,PRIVATE,3,Scarborough Southwest,2025,2025-09-11
5037,4167765,2026-09-03,153,2011,PRIVATE,3,Scarborough Southwest,2026,2026-09-03
103,4167767,2025-11-03,369,1974,TCHC,3,York South-Weston,2025,2025-11-03
3239,4167772,2025-07-29,15,1980,TCHC,3,Spadina-Fort York,2025,2025-07-29
422,4167788,2025-08-14,11,1971,PRIVATE,3,Scarborough Southwest,2025,2025-08-14
3339,4168552,2024-08-30,10,1968,PRIVATE,3,York South-Weston,2024,2024-08-30
2591,4168721,2025-11-20,11,1956,PRIVATE,3,York South-Weston,2025,2025-11-20
6381,4168793,2026-08-25,117,1962,PRIVATE,3,York Centre,2026,2026-08-25
332,4168796,2024-07-24,95,1963,PRIVATE,3,Don Valley West,2024,2024-07-24
6461,4168798,2025-10-09,22,1956,PRIVATE,3,Etobicoke-Lakeshore,2025,2025-10-09
4084,4168808,2025-07-31,18,1955,PRIVATE,1,Parkdale-High Park,2025,2025-07-31
5215,4168942,2025-07-29,200,1984,SOCIAL HOUSING,3,Spadina-Fort York,2025,2025-07-29
3527,4168986,2024-09-12,176,1984,SOCIAL HOUSING,3,Etobicoke North,2024,2024-09-12
3526,4168988,2025-11-11,104,1986,SOCIAL HOUSING,3,Etobicoke North,2025,2025-11-11
4257,4169109,2025-11-21,214,1967,PRIVATE,3,York South-Weston,2025,2025-11-21
1582,4169166,2024-09-20,40,1960,SOCIAL HOUSING,3,Eglinton-Lawrence,2024,2024-09-20
1586,4169173,2025-10-24,38,1960,PRIVATE,3,Toronto-St. Paul's,2025,2025-10-24
1200,4169221,2025-11-24,49,1953,PRIVATE,3,York South-Weston,2025,2025-11-24
862,4169264,2025-09-10,25,1926,PRIVATE,3,Toronto-St. Paul's,2025,2025-09-10
6538,4170952,2026-07-27,19,1925,PRIVATE,3,Toronto-St. Paul's,2026,2026-07-27
1759,4171348,2026-06-25,22,1937,PRIVATE,3,Eglinton-Lawrence,2026,2026-06-25
6120,4171374,2026-08-28,463,2013,PRIVATE,3,Spadina-Fort York,2026,2026-08-28
381,4171378,2026-09-10,225,1973,PRIVATE,3,University-Rosedale,2026,2026-09-10
6196,4171428,2025-08-08,483,1970,PRIVATE,1,Toronto-St. Paul's,2025,2025-08-08
1289,4171461,2025-10-02,491,1970,PRIVATE,3,Don Valley West,2025,2025-10-02
805,4218633,2025-11-26,185,1967,PRIVATE,3,Toronto-St. Paul's,2025,2025-11-26
3835,4219140,2024-08-27,236,2011,PRIVATE,3,Etobicoke Centre,2024,2024-08-27
2443,4221280,2025-08-18,131,1965,PRIVATE,3,University-Rosedale,2025,2025-08-18
6294,4221285,2025-07-29,246,1970,PRIVATE,3,Beaches-East York,2025,2025-07-29
5307,4221299,2025-07-11,19,1950,PRIVATE,3,Davenport,2025,2025-07-11
5372,4221312,2025-09-25,170,1970,PRIVATE,3,University-Rosedale,2025,2025-09-25
604,4221322,2025-07-15,109,1968,PRIVATE,3,Don Valley East,2025,2025-07-15
818,4225861,2025-11-05,12,1960,PRIVATE,3,Beaches-East York,2025,2025-11-05
820,4225867,2026-09-16,12,1960,PRIVATE,3,Beaches-East York,2026,2026-09-16
1382,4226533,2025-07-17,11,1958,PRIVATE,3,Etobicoke-Lakeshore,2025,2025-07-17
335,4226941,2024-06-27,66,1993,SOCIAL HOUSING,3,Etobicoke-Lakeshore,2024,2024-06-27
5799,4227299,2026-07-23,37,1962,PRIVATE,3,York Centre,2026,2026-07-23
2099,4228766,2025-11-04,16,1905,PRIVATE,3,Beaches-East York,2025,2025-11-04
6234,4228864,2024-09-24,304,1964,PRIVATE,3,Don Valley North,2024,2024-09-24
3130,4228923,2024-08-12,90,1957,PRIVATE,3,Eglinton-Lawrence,2024,2024-08-12
2932,4229124,2025-06-16,29,1955,PRIVATE,3,Davenport,2025,2025-06-16
6377,4231973,2025-09-29,202,1960,PRIVATE,3,York Centre,2025,2025-09-29
740,4232579,2026-07-22,12,1975,PRIVATE,3,Scarborough-Rouge Park,2026,2026-07-22
737,4232583,2025-10-17,12,1975,PRIVATE,3,Scarborough-Rouge Park,2025,2025-10-17
735,4232587,2025-10-31,12,1975,PRIVATE,3,Scarborough-Rouge Park,2025,2025-10-31
2486,4232592,2025-10-20,128,1971,PRIVATE,3,Etobicoke Centre,2025,2025-10-20
2904,4232595,2025-11-24,90,1963,PRIVATE,3,Etobicoke Centre,2025,2025-11-24
2906,4232598,2026-09-18,91,1963,PRIVATE,3,Etobicoke Centre,2026,2026-09-18
2362,4232788,2025-07-19,95,2015,PRIVATE,3,Don Valley North,2025,2025-07-19
2370,4232789,2026-06-24,287,1970,PRIVATE,3,Don Valley North,2026,2026-06-24
6324,4232801,2024-10-01,65,1989,PRIVATE,3,Scarborough Centre,2024,2024-10-01
2803,4233146,2026-08-06,43,1958,PRIVATE,2,Scarborough Centre,2026,2026-08-06
3833,4233149,2026-09-22,318,1980,PRIVATE,3,York South-Weston,2026,2026-09-22
2433,4233261,2026-07-28,337,2017,PRIVATE,3,Toronto Centre,2026,2026-07-28
758,4233264,2025-12-04,188,2007,PRIVATE,3,Toronto Centre,2025,2025-12-04
6657,4233268,2026-08-20,10,1951,PRIVATE,3,Toronto-St. Paul's,2026,2026-08-20
202,4233286,2026-09-16,247,1982,SOCIAL HOUSING,3,Scarborough North,2026,2026-09-16
1161,4233290,2025-12-12,128,1984,SOCIAL HOUSING,3,York South-Weston,2025,2025-12-12
5726,4233294,2025-06-18,127,1983,SOCIAL HOUSING,3,Parkdale-High Park,2025,2025-06-18
214,4233307,2024-08-19,174,1986,SOCIAL HOUSING,3,Toronto-St. Paul's,2024,2024-08-19
1000,4233328,2026-08-11,16,1926,PRIVATE,3,University-Rosedale,2026,2026-08-11
3313,4233372,2024-08-13,66,1975,PRIVATE,3,Toronto-St. Paul's,2024,2024-08-13
310,4234487,2026-07-22,12,1970,PRIVATE,3,Etobicoke Centre,2026,2026-07-22
1718,4235524,2025-11-26,102,1996,PRIVATE,3,Toronto-St. Paul's,2025,2025-11-26
3659,4236708,2025-10-28,79,2016,PRIVATE,3,Don Valley West,2025,2025-10-28
197,4237447,2024-08-26,496,1971,PRIVATE,3,Don Valley West,2024,2024-08-26
2248,4240547,2026-07-20,327,1976,PRIVATE,3,Eglinton-Lawrence,2026,2026-07-20
2645,4240549,2024-08-16,76,1962,PRIVATE,1,York South-Weston,2024,2024-08-16
2563,4240826,2026-07-29,554,1968,PRIVATE,3,Toronto Centre,2026,2026-07-29
2564,4240827,2025-11-18,565,1968,PRIVATE,3,Toronto Centre,2025,2025-11-18
1126,4241532,2025-10-15,17,1940,PRIVATE,3,Don Valley West,2025,2025-10-15
5367,4242011,2026-09-02,157,1963,PRIVATE,3,University-Rosedale,2026,2026-09-02
5655,4242360,2025-07-21,95,2016,PRIVATE,3,Davenport,2025,2025-07-21
4399,4243431,2024-09-26,234,1968,PRIVATE,3,Humber River-Black Creek,2024,2024-09-26
3947,4243767,2025-06-17,20,1900,PRIVATE,3,Parkdale-High Park,2025,2025-06-17
5134,4243768,2025-08-21,12,1960,PRIVATE,3,Beaches-East York,2025,2025-08-21
3266,4244521,2025-07-28,128,1969,PRIVATE,3,Beaches-East York,2025,2025-07-28
3268,4244523,2026-08-21,293,1970,PRIVATE,3,Beaches-East York,2026,2026-08-21
3270,4244526,2025-07-28,324,1971,PRIVATE,3,Beaches-East York,2025,2025-07-28
923,4244530,2026-06-25,331,1962,PRIVATE,3,Don Valley East,2026,2026-06-25
6198,4244917,2025-07-23,179,2017,PRIVATE,3,Toronto-St. Paul's,2025,2025-07-23
5022,4244920,2025-07-23,342,2017,PRIVATE,3,Toronto-St. Paul's,2025,2025-07-23
1313,4244923,2025-09-10,97,1963,PRIVATE,3,Etobicoke North,2025,2025-09-10
1315,4244929,2025-09-10,97,1963,PRIVATE,3,Etobicoke North,2025,2025-09-10
131,4244932,2024-06-19,251,2015,PRIVATE,3,Toronto-St. Paul's,2024,2024-06-19
132,4244947,2024-09-16,336,2014,PRIVATE,3,Toronto-St. Paul's,2024,2024-09-16
6122,4244973,2026-07-13,293,2005,PRIVATE,3,Toronto Centre,2026,2026-07-13
6722,4245676,2026-08-19,74,1967,PRIVATE,3,Toronto-St. Paul's,2026,2026-08-19
5119,4245700,2026-07-30,28,1930,PRIVATE,3,Toronto-St. Paul's,2026,2026-07-30
5120,4245702,2025-11-17,27,1930,PRIVATE,3,Toronto-St. Paul's,2025,2025-11-17
4555,4245705,2025-11-10,12,1967,PRIVATE,3,Etobicoke-Lakeshore,2025,2025-11-10
5882,4246916,2026-09-22,96,1967,PRIVATE,3,Don Valley West,2026,2026-09-22
1604,4250094,2026-07-07,16,1922,PRIVATE,3,Parkdale-High Park,2026,2026-07-07
3988,4250261,2025-07-08,39,1987,SOCIAL HOUSING,3,Parkdale-High Park,2025,2025-07-08
5379,4250262,2025-09-25,24,1989,SOCIAL HOUSING,3,University-Rosedale,2025,2025-09-25
5709,4250265,2025-09-26,45,1987,SOCIAL HOUSING,3,University-Rosedale,2025,2025-09-26
5337,4250271,2025-10-03,37,1991,SOCIAL HOUSING,3,Toronto Centre,2025,2025-10-03
2392,4250288,2026-08-10,10,1989,SOCIAL HOUSING,3,Toronto Centre,2026,2026-08-10
4959,4250524,2026-08-17,220,1971,PRIVATE,3,Scarborough-Agincourt,2026,2026-08-17
2599,4250529,2026-09-03,101,1965,PRIVATE,3,York South-Weston,2026,2026-09-03
4520,4250538,2025-06-27,35,1960,PRIVATE,3,Toronto Centre,2025,2025-06-27
3900,4250549,2026-07-07,64,1958,PRIVATE,3,Don Valley East,2026,2026-07-07
3621,4250554,2025-09-22,42,1898,PRIVATE,1,University-Rosedale,2025,2025-09-22
207,4250596,2026-09-10,32,1938,PRIVATE,3,Toronto-St. Paul's,2026,2026-09-10
211,4250600,2025-07-30,32,1938,PRIVATE,3,Toronto-St. Paul's,2025,2025-07-30
213,4250602,2026-09-10,32,1938,PRIVATE,3,Toronto-St. Paul's,2026,2026-09-10
5348,4250612,2026-09-10,32,1943,PRIVATE,3,Toronto-St. Paul's,2026,2026-09-10
6049,4250615,2025-11-10,357,1965,PRIVATE,3,Don Valley West,2025,2025-11-10
2752,4250622,2026-07-22,22,1913,PRIVATE,3,University-Rosedale,2026,2026-07-22
715,4250630,2025-07-31,24,1950,PRIVATE,3,Toronto-Danforth,2025,2025-07-31
2111,4250634,2025-11-04,24,1925,PRIVATE,3,Beaches-East York,2025,2025-11-04
4471,4250636,2026-09-12,152,1957,PRIVATE,3,Toronto-St. Paul's,2026,2026-09-12
4987,4250641,2024-08-15,36,1949,PRIVATE,3,Toronto-Danforth,2024,2024-08-15
13,4252919,2026-09-14,34,1970,PRIVATE,3,Etobicoke-Lakeshore,2026,2026-09-14
140,4252925,2026-09-14,41,1970,PRIVATE,3,Etobicoke-Lakeshore,2026,2026-09-14
6417,4253010,2025-07-14,14,2007,SOCIAL HOUSING,3,Davenport,2025,2025-07-14
3228,4253806,2025-08-12,25,1956,PRIVATE,3,University-Rosedale,2025,2025-08-12
4174,4253819,2024-08-14,17,1960,PRIVATE,3,Don Valley West,2024,2024-08-14
5074,4253833,2025-07-17,30,1960,PRIVATE,3,Parkdale-High Park,2025,2025-07-17
5402,4253901,2025-09-03,30,1963,PRIVATE,3,Toronto-Danforth,2025,2025-09-03
1205,4254270,2024-08-08,47,1960,PRIVATE,3,Etobicoke-Lakeshore,2024,2024-08-08
1206,4254274,2024-08-21,47,1960,PRIVATE,3,Etobicoke-Lakeshore,2024,2024-08-21
1207,4254276,2025-07-24,52,1960,PRIVATE,3,Etobicoke-Lakeshore,2025,2025-07-24
4017,4254280,2025-09-18,111,1957,PRIVATE,3,Scarborough Centre,2025,2025-09-18
4813,4255506,2025-11-11,27,1957,PRIVATE,3,Etobicoke-Lakeshore,2025,2025-11-11
4569,4255508,2026-08-11,12,1955,PRIVATE,3,Beaches-East York,2026,2026-08-11
6685,4255528,2026-08-26,10,1950,PRIVATE,3,Etobicoke-Lakeshore,2026,2026-08-26
4837,4255529,2025-07-09,10,1910,PRIVATE,3,Davenport,2025,2025-07-09
5439,4255532,2025-07-22,171,2006,PRIVATE,3,Davenport,2025,2025-07-22
5441,4255546,2026-07-17,74,2008,PRIVATE,3,Davenport,2026,2026-07-17
1174,4255628,2025-08-19,55,2007,PRIVATE,3,University-Rosedale,2025,2025-08-19
5784,4255639,2026-07-23,29,1958,PRIVATE,3,York Centre,2026,2026-07-23
5785,4255640,2025-07-24,29,1958,PRIVATE,3,York Centre,2025,2025-07-24
6484,4257261,2026-08-27,216,1979,PRIVATE,3,Toronto Centre,2026,2026-08-27
6179,4257265,2025-09-22,26,1969,PRIVATE,3,University-Rosedale,2025,2025-09-22
3079,4257267,2026-08-18,93,1969,PRIVATE,3,Toronto-St. Paul's,2026,2026-08-18
1151,4261157,2026-09-02,10,1957,PRIVATE,3,Etobicoke-Lakeshore,2026,2026-09-02
5934,4261240,2026-09-08,24,1950,PRIVATE,3,Toronto-Danforth,2026,2026-09-08
3196,4261706,2025-11-05,221,2015,PRIVATE,3,Don Valley West,2025,2025-11-05
3609,4261712,2025-08-20,11,1945,PRIVATE,3,Willowdale,2025,2025-08-20
3610,4261713,2024-06-14,11,1945,PRIVATE,3,Willowdale,2024,2024-06-14
3611,4261715,2024-06-14,11,1945,PRIVATE,3,Willowdale,2024,2024-06-14
3613,4261716,2025-08-20,11,1945,PRIVATE,3,Willowdale,2025,2025-08-20
3615,4261717,2026-08-20,11,1945,PRIVATE,3,Willowdale,2026,2026-08-20
3617,4261719,2026-08-20,11,1945,PRIVATE,3,Willowdale,2026,2026-08-20
3036,4263113,2026-07-30,126,1970,PRIVATE,3,Don Valley North,2026,2026-07-30
1026,4263115,2026-07-06,128,1970,PRIVATE,3,Don Valley North,2026,2026-07-06
4113,4264076,2026-08-12,16,1970,PRIVATE,3,Beaches-East York,2026,2026-08-12
4115,4264078,2026-08-12,16,1970,PRIVATE,3,Beaches-East York,2026,2026-08-12
1645,4264085,2025-10-14,284,1979,PRIVATE,3,Toronto Centre,2025,2025-10-14
6357,4264094,2025-11-18,177,2013,PRIVATE,3,Toronto Centre,2025,2025-11-18
4533,4264285,2025-06-20,30,1900,PRIVATE,3,Toronto Centre,2025,2025-06-20
4834,4264301,2025-12-04,71,1961,PRIVATE,3,Don Valley East,2025,2025-12-04
3748,4264913,2026-09-22,77,1971,PRIVATE,3,Etobicoke-Lakeshore,2026,2026-09-22
6445,4264915,2025-09-30,124,1959,PRIVATE,3,University-Rosedale,2025,2025-09-30
6062,4265057,2026-08-21,335,1970,PRIVATE,3,Beaches-East York,2026,2026-08-21
5336,4265577,2025-12-04,32,2012,SOCIAL HOUSING,3,Toronto Centre,2025,2025-12-04
4932,4265578,2025-10-27,12,1940,SOCIAL HOUSING,3,Beaches-East York,2025,2025-10-27
3674,4266442,2025-07-24,20,1927,PRIVATE,3,Beaches-East York,2025,2025-07-24
3897,4268538,2025-11-10,420,1974,PRIVATE,3,York South-Weston,2025,2025-11-10
395,4268876,2024-09-06,22,1980,TCHC,3,Scarborough Centre,2024,2024-09-06
397,4268877,2025-09-02,24,NA,TCHC,3,Scarborough Centre,2025,2025-09-02
399,4268878,2025-09-02,22,1980,TCHC,3,Scarborough Centre,2025,2025-09-02
6070,4269230,2025-09-19,24,1959,PRIVATE,3,Scarborough Southwest,2025,2025-09-19
6355,4269261,2026-09-17,68,2007,SOCIAL HOUSING,3,Etobicoke North,2026,2026-09-17
6072,4269313,2025-09-16,20,1958,PRIVATE,3,Scarborough Southwest,2025,2025-09-16
6074,4269318,2026-08-27,21,1958,PRIVATE,3,Scarborough Southwest,2026,2026-08-27
826,4269412,2026-07-28,12,1960,PRIVATE,3,Beaches-East York,2026,2026-07-28
766,4269424,2025-11-04,28,1950,SOCIAL HOUSING,1,Toronto-Danforth,2025,2025-11-04
5633,4269869,2025-07-16,22,1959,PRIVATE,3,Don Valley East,2025,2025-07-16
5279,4270170,2026-09-22,336,1972,PRIVATE,3,University-Rosedale,2026,2026-09-22
5185,4270534,2025-11-26,195,1981,PRIVATE,3,Etobicoke Centre,2025,2025-11-26
2577,4270720,2025-06-20,371,1965,PRIVATE,3,Parkdale-High Park,2025,2025-06-20
2578,4270721,2026-09-04,371,1965,PRIVATE,3,Parkdale-High Park,2026,2026-09-04
230,4272882,2025-09-22,17,1952,PRIVATE,3,University-Rosedale,2025,2025-09-22
713,4273164,2026-08-13,27,1960,PRIVATE,1,Toronto-Danforth,2026,2026-08-13
464,4273205,2026-08-25,15,1911,PRIVATE,3,Toronto Centre,2026,2026-08-25
2322,4273905,2026-09-16,17,1930,PRIVATE,3,Toronto-Danforth,2026,2026-09-16
2663,4274213,2024-09-05,135,1986,TCHC,3,Spadina-Fort York,2024,2024-09-05
4907,4274218,2026-09-22,255,1962,TCHC,3,Etobicoke-Lakeshore,2026,2026-09-22
366,4274443,2026-09-22,20,1950,SOCIAL HOUSING,3,Beaches-East York,2026,2026-09-22
1702,4275806,2025-06-20,40,1960,PRIVATE,3,York Centre,2025,2025-06-20
1704,4275811,2025-06-20,40,1960,PRIVATE,3,York Centre,2025,2025-06-20
4966,4279693,2025-08-20,12,1952,PRIVATE,3,Beaches-East York,2025,2025-08-20
1057,4281257,2025-06-26,40,1960,PRIVATE,3,York Centre,2025,2025-06-26
2122,4281384,2026-07-31,20,1937,PRIVATE,3,Scarborough Southwest,2026,2026-07-31
6567,4281915,2025-08-21,13,1952,PRIVATE,3,Etobicoke Centre,2025,2025-08-21
6569,4281929,2026-07-15,13,1952,PRIVATE,3,Etobicoke Centre,2026,2026-07-15
6571,4281930,2026-07-16,13,1952,PRIVATE,3,Etobicoke Centre,2026,2026-07-16
6573,4281935,2026-07-15,13,1952,PRIVATE,3,Etobicoke Centre,2026,2026-07-15
2300,4283407,2025-12-04,108,NA,SOCIAL HOUSING,3,Toronto Centre,2025,2025-12-04
6212,4283460,2026-08-10,20,1950,PRIVATE,3,Etobicoke Centre,2026,2026-08-10
5840,4284986,2026-08-24,587,1971,PRIVATE,3,Beaches-East York,2026,2026-08-24
2051,4284996,2026-09-17,163,1969,PRIVATE,3,Toronto-St. Paul's,2026,2026-09-17
1613,4285160,2026-06-19,11,1950,PRIVATE,3,Don Valley East,2026,2026-06-19
634,4285401,2024-09-30,13,1952,PRIVATE,3,Scarborough Southwest,2024,2024-09-30
3519,4285956,2026-08-07,215,1968,TCHC,3,York South-Weston,2026,2026-08-07
4140,4285972,2025-10-14,185,1972,TCHC,3,Scarborough-Guildwood,2025,2025-10-14
2194,4285976,2025-06-20,176,1992,TCHC,3,Davenport,2025,2025-06-20
2962,4285984,2025-11-18,159,2009,TCHC,3,Toronto Centre,2025,2025-11-18
6043,4286235,2024-07-15,83,1993,TCHC,3,Don Valley West,2024,2024-07-15
6044,4286239,2024-07-15,57,1993,TCHC,3,Don Valley West,2024,2024-07-15
964,4286252,2026-06-17,50,1980,TCHC,3,Toronto Centre,2026,2026-06-17
3984,4286254,2025-11-10,128,2014,TCHC,3,Toronto Centre,2025,2025-11-10
3401,4286257,2026-09-01,14,1969,TCHC,3,Toronto-St. Paul's,2026,2026-09-01
969,4286259,2026-09-14,54,1980,TCHC,3,Spadina-Fort York,2026,2026-09-14
1733,4286261,2026-09-22,41,1990,TCHC,3,Don Valley West,2026,2026-09-22
400,4286276,2025-09-02,22,1980,TCHC,3,Scarborough Centre,2025,2025-09-02
4155,4286300,2025-09-29,30,2005,SOCIAL HOUSING,3,Toronto Centre,2025,2025-09-29
5110,4287030,2026-08-28,16,1917,PRIVATE,2,Parkdale-High Park,2026,2026-08-28
232,4287729,2026-08-06,17,1952,PRIVATE,3,University-Rosedale,2026,2026-08-06
5665,4288175,2025-08-26,16,1960,PRIVATE,3,Parkdale-High Park,2025,2025-08-26
2744,4288282,2025-10-20,272,2017,PRIVATE,3,Humber River-Black Creek,2025,2025-10-20
2746,4288285,2025-10-20,186,2016,PRIVATE,3,Humber River-Black Creek,2025,2025-10-20
2748,4288287,2026-07-13,176,2016,PRIVATE,3,Humber River-Black Creek,2026,2026-07-13
5396,4288472,2025-11-20,145,2016,SOCIAL HOUSING,3,Toronto Centre,2025,2025-11-20
2007,4288743,2025-11-04,15,1930,PRIVATE,3,Toronto Centre,2025,2025-11-04
5243,4288751,2025-07-25,30,1918,PRIVATE,3,Toronto-St. Paul's,2025,2025-07-25
4683,4288768,2024-06-10,159,1967,SOCIAL HOUSING,3,Toronto-Danforth,2024,2024-06-10
2318,4288772,2026-09-16,60,1996,SOCIAL HOUSING,3,Toronto-Danforth,2026,2026-09-16
2125,4288787,2026-08-04,23,1920,PRIVATE,3,Beaches-East York,2026,2026-08-04
2119,4288792,2025-10-15,21,1920,PRIVATE,3,Beaches-East York,2025,2025-10-15
2107,4288796,2026-08-04,27,1920,PRIVATE,3,Beaches-East York,2026,2026-08-04
2115,4288799,2025-10-15,24,1920,PRIVATE,3,Beaches-East York,2025,2025-10-15
1845,4288800,2026-08-04,18,1920,PRIVATE,3,Beaches-East York,2026,2026-08-04
1847,4288801,2025-08-29,18,1920,PRIVATE,3,Beaches-East York,2025,2025-08-29
4939,4288857,2025-11-18,12,1950,PRIVATE,3,Beaches-East York,2025,2025-11-18
5647,4288860,2025-11-18,12,1958,PRIVATE,3,Beaches-East York,2025,2025-11-18
1393,4288923,2025-09-26,115,1959,PRIVATE,3,Humber River-Black Creek,2025,2025-09-26
4741,4289106,2026-07-13,15,2002,PRIVATE,3,York South-Weston,2026,2026-07-13
1211,4289265,2025-12-11,250,2011,SOCIAL HOUSING,3,University-Rosedale,2025,2025-12-11
2855,4290884,2024-08-21,11,1960,PRIVATE,3,York Centre,2024,2024-08-21
1209,4290959,2025-08-01,29,1962,PRIVATE,1,Etobicoke-Lakeshore,2025,2025-08-01
3350,4290978,2026-09-11,38,1957,PRIVATE,3,Etobicoke-Lakeshore,2026,2026-09-11
3352,4290981,2025-08-19,38,1959,PRIVATE,3,Etobicoke-Lakeshore,2025,2025-08-19
1839,4293577,2024-08-15,139,1975,PRIVATE,3,Etobicoke Centre,2024,2024-08-15
1739,4295059,2025-10-17,67,1930,PRIVATE,3,Don Valley West,2025,2025-10-17
1555,4296586,2025-07-30,27,1950,PRIVATE,3,Toronto-St. Paul's,2025,2025-07-30
1557,4296588,2026-08-26,32,1950,PRIVATE,3,Toronto-St. Paul's,2026,2026-08-26
6370,4303769,2026-07-17,112,1968,PRIVATE,3,Etobicoke Centre,2026,2026-07-17
4942,4316599,2025-11-18,12,1951,PRIVATE,3,Beaches-East York,2025,2025-11-18
4945,4316602,2025-11-18,12,1951,PRIVATE,3,Beaches-East York,2025,2025-11-18
2147,4317586,2025-07-09,15,1954,PRIVATE,3,Scarborough Southwest,2025,2025-07-09
2150,4317588,2026-07-22,15,1954,PRIVATE,3,Scarborough Southwest,2026,2026-07-22
2152,4317589,2026-07-21,15,1954,PRIVATE,3,Scarborough Southwest,2026,2026-07-21
2153,4317590,2026-07-14,15,1954,PRIVATE,3,Scarborough Southwest,2026,2026-07-14
2156,4317592,2026-07-21,15,1954,PRIVATE,3,Scarborough Southwest,2026,2026-07-21
2158,4317594,2026-07-21,15,1954,PRIVATE,3,Scarborough Southwest,2026,2026-07-21
2672,4320792,2025-08-26,173,1975,PRIVATE,3,Toronto-St. Paul's,2025,2025-08-26
3502,4326893,2025-11-20,13,1951,PRIVATE,3,Beaches-East York,2025,2025-11-20
3504,4326897,2025-11-24,12,1951,PRIVATE,1,Beaches-East York,2025,2025-11-24
2866,4327367,2025-07-16,11,1949,PRIVATE,3,York Centre,2025,2025-07-16
4999,4327919,2025-07-18,18,1960,PRIVATE,3,Davenport,2025,2025-07-18
5000,4327922,2026-07-21,20,1924,PRIVATE,0,Davenport,2026,2026-07-21
2868,4329035,2025-07-16,11,1949,PRIVATE,3,York Centre,2025,2025-07-16
2871,4329037,2024-07-25,11,1949,PRIVATE,2,York Centre,2024,2024-07-25
2873,4329040,2024-08-06,11,1949,PRIVATE,3,York Centre,2024,2024-08-06
2875,4329041,2024-08-06,11,1949,PRIVATE,3,York Centre,2024,2024-08-06
2878,4329042,2024-08-29,11,1949,PRIVATE,1,York Centre,2024,2024-08-29
2881,4329043,2024-08-21,11,1949,PRIVATE,0,York Centre,2024,2024-08-21
5429,4329455,2026-07-20,36,1900,PRIVATE,3,Eglinton-Lawrence,2026,2026-07-20
377,4331737,2025-09-30,11,1954,PRIVATE,3,Scarborough Southwest,2025,2025-09-30
3273,4332678,2025-10-07,27,1920,PRIVATE,3,Toronto Centre,2025,2025-10-07
1105,4333368,2025-11-03,300,1977,PRIVATE,3,Toronto Centre,2025,2025-11-03
1107,4333382,2026-07-09,292,1978,PRIVATE,3,Toronto Centre,2026,2026-07-09
1109,4333386,2026-07-09,369,2018,PRIVATE,3,Toronto Centre,2026,2026-07-09
1111,4333391,2025-11-04,514,1978,PRIVATE,3,Toronto Centre,2025,2025-11-04
1228,4333863,2026-08-13,126,1976,SOCIAL HOUSING,3,Scarborough-Guildwood,2026,2026-08-13
783,4356202,2026-09-01,46,2017,PRIVATE,3,Parkdale-High Park,2026,2026-09-01
978,4356415,2025-12-02,13,1954,PRIVATE,3,Etobicoke-Lakeshore,2025,2025-12-02
979,4356717,2024-07-03,44,1954,PRIVATE,1,Etobicoke-Lakeshore,2024,2024-07-03
6465,4356727,2024-08-12,29,1952,PRIVATE,1,Etobicoke-Lakeshore,2024,2024-08-12
1006,4364249,2025-08-27,15,1953,PRIVATE,3,Beaches-East York,2025,2025-08-27
5657,4365723,2026-09-15,457,1976,PRIVATE,3,Parkdale-High Park,2026,2026-09-15
5659,4365726,2025-08-25,638,1976,PRIVATE,3,Parkdale-High Park,2025,2025-08-25
5385,4379646,2025-07-18,16,1923,PRIVATE,3,Davenport,2025,2025-07-18
4487,4408389,2025-06-19,12,1913,PRIVATE,3,Davenport,2025,2025-06-19
4913,4408585,2025-07-29,26,1948,PRIVATE,3,University-Rosedale,2025,2025-07-29
5017,4408652,2026-07-24,17,1927,PRIVATE,3,University-Rosedale,2026,2026-07-24
4522,4415696,2025-06-23,26,1928,PRIVATE,3,Toronto Centre,2025,2025-06-23
4527,4415827,2025-06-23,30,1928,PRIVATE,3,Toronto Centre,2025,2025-06-23
3284,4415833,2025-10-20,24,1928,PRIVATE,3,Toronto Centre,2025,2025-10-20
2857,4418699,2025-06-17,11,1955,PRIVATE,3,York Centre,2025,2025-06-17
2368,4451371,2026-08-13,188,2017,PRIVATE,3,Don Valley North,2026,2026-08-13
3498,4457070,2025-12-10,11,1951,PRIVATE,3,Beaches-East York,2025,2025-12-10
3500,4457092,2025-11-20,12,1951,PRIVATE,3,Beaches-East York,2025,2025-11-20
3592,4457100,2025-11-21,11,1953,PRIVATE,3,Beaches-East York,2025,2025-11-21
3508,4457107,2025-11-21,11,1953,PRIVATE,3,Beaches-East York,2025,2025-11-21
3594,4457114,2026-07-22,11,1953,PRIVATE,3,Beaches-East York,2026,2026-07-22
3506,4458811,2025-11-28,12,1951,PRIVATE,1,Beaches-East York,2025,2025-11-28
852,4462209,2025-08-07,22,1953,SOCIAL HOUSING,3,Scarborough Southwest,2025,2025-08-07
1664,4475546,2026-09-08,64,2016,PRIVATE,3,Beaches-East York,2026,2026-09-08
4325,4476597,2026-09-11,14,1925,PRIVATE,3,Beaches-East York,2026,2026-09-11
4327,4476608,2025-07-22,15,1925,PRIVATE,3,Beaches-East York,2025,2025-07-22
2001,4479218,2023-08-15,12,1951,PRIVATE,3,Toronto Centre,2023,2023-08-15
5734,4479579,2026-08-07,44,2003,SOCIAL HOUSING,3,Beaches-East York,2026,2026-08-07
15,4480446,2025-08-07,20,2016,SOCIAL HOUSING,3,Scarborough Southwest,2025,2025-08-07
70,4484430,2025-06-19,28,1954,PRIVATE,3,Toronto-Danforth,2025,2025-06-19
6688,4495076,2025-07-14,13,1955,PRIVATE,3,Etobicoke-Lakeshore,2025,2025-07-14
6690,4506245,2026-08-26,13,1955,PRIVATE,3,Etobicoke-Lakeshore,2026,2026-08-26
6693,4506270,2026-07-09,13,1955,PRIVATE,3,Etobicoke-Lakeshore,2026,2026-07-09
1816,4520827,2025-08-07,77,2018,TCHC,3,Eglinton-Lawrence,2025,2025-08-07
2963,4569135,2025-12-14,11,1956,PRIVATE,2,Toronto-Danforth,2025,2025-12-14
3052,4575691,2025-10-21,503,2018,PRIVATE,3,Toronto Centre,2025,2025-10-21
3952,4589593,2025-12-02,44,NA,PRIVATE,0,Spadina-Fort York,2025,2025-12-02
4046,4594874,2026-08-04,146,2019,PRIVATE,3,Scarborough-Guildwood,2026,2026-08-04
630,4604174,2025-07-30,12,1952,PRIVATE,1,Toronto-Danforth,2025,2025-07-30
894,4620278,2025-07-08,18,1929,PRIVATE,3,Davenport,2025,2025-07-08
4277,4626360,2025-10-24,235,2019,PRIVATE,3,Eglinton-Lawrence,2025,2025-10-24
4624,4639099,2026-09-16,369,2018,PRIVATE,3,York South-Weston,2026,2026-09-16
2097,4653431,2025-11-03,21,1965,PRIVATE,3,Beaches-East York,2025,2025-11-03
3177,4654253,2026-09-16,466,2019,PRIVATE,3,Toronto-St. Paul's,2026,2026-09-16
1159,4697372,2025-07-22,301,2019,PRIVATE,3,Don Valley North,2025,2025-07-22
3512,4706289,2026-09-14,17,1930,PRIVATE,3,Beaches-East York,2026,2026-09-14
1814,4716071,2026-08-18,58,1972,PRIVATE,3,Humber River-Black Creek,2026,2026-08-18
3516,4716349,2025-08-29,12,1928,PRIVATE,3,Beaches-East York,2025,2025-08-29
4501,4774556,2026-07-20,40,1989,PRIVATE,3,Toronto Centre,2026,2026-07-20
2063,4789395,2025-11-07,115,2019,PRIVATE,3,Etobicoke-Lakeshore,2025,2025-11-07
4919,4793995,2026-09-03,12,1896,PRIVATE,0,University-Rosedale,2026,2026-09-03
3091,4813513,2026-06-19,155,2018,TCHC,3,Toronto Centre,2026,2026-06-19
878,4817599,2026-08-28,15,1900,PRIVATE,3,Toronto-St. Paul's,2026,2026-08-28
3463,4820405,2025-09-17,11,1950,PRIVATE,3,Etobicoke-Lakeshore,2025,2025-09-17
4823,4830483,2025-07-22,501,2019,PRIVATE,3,Spadina-Fort York,2025,2025-07-22
4948,4848750,2025-11-19,18,1954,PRIVATE,3,Beaches-East York,2025,2025-11-19
5505,4883232,2025-11-07,36,1955,PRIVATE,3,Toronto-Danforth,2025,2025-11-07
998,4885483,2025-10-06,248,2017,PRIVATE,3,University-Rosedale,2025,2025-10-06
4938,4888759,2026-06-26,18,1960,PRIVATE,1,Beaches-East York,2026,2026-06-26
4944,4888762,2026-07-27,18,1965,PRIVATE,3,Beaches-East York,2026,2026-07-27
4950,4888795,2026-07-17,12,1951,PRIVATE,3,Beaches-East York,2026,2026-07-17
3486,4888798,2026-07-27,12,1958,PRIVATE,3,Beaches-East York,2026,2026-07-27
3488,4888799,2026-07-20,12,1953,PRIVATE,1,Beaches-East York,2026,2026-07-20
3490,4888801,2026-07-21,12,1954,PRIVATE,3,Beaches-East York,2026,2026-07-21
3492,4888802,2025-11-20,12,1980,PRIVATE,1,Beaches-East York,2025,2025-11-20
3494,4888803,2025-11-26,12,1959,PRIVATE,3,Beaches-East York,2025,2025-11-26
3496,4888804,2026-07-23,12,NA,PRIVATE,1,Beaches-East York,2026,2026-07-23
3986,4890985,2026-08-28,506,2019,PRIVATE,3,Spadina-Fort York,2026,2026-08-28
383,4897867,2025-12-04,275,2020,PRIVATE,3,University-Rosedale,2025,2025-12-04
824,4902355,2025-12-05,12,1960,PRIVATE,3,Beaches-East York,2025,2025-12-05
585,4907186,2024-06-11,361,2020,PRIVATE,3,Willowdale,2024,2024-06-11
1165,4915028,2026-09-08,166,2021,PRIVATE,3,University-Rosedale,2026,2026-09-08
1281,4915493,2025-09-29,315,2020,PRIVATE,3,Don Valley West,2025,2025-09-29
1714,4937758,2026-09-01,210,1940,PRIVATE,3,University-Rosedale,2026,2026-09-01
5620,5004754,2026-08-24,30,1960,PRIVATE,3,Toronto-Danforth,2026,2026-08-24
6728,5015812,2024-08-08,793,1972,PRIVATE,3,University-Rosedale,2024,2024-08-08
1616,5025277,2025-09-08,11,1950,PRIVATE,3,Don Valley East,2025,2025-09-08
1628,5025280,2025-09-15,11,1960,PRIVATE,3,Don Valley East,2025,2025-09-15
1630,5025293,2025-09-15,11,1950,PRIVATE,3,Don Valley East,2025,2025-09-15
4916,5033221,2025-07-31,11,1890,PRIVATE,1,University-Rosedale,2025,2025-07-31
2250,5035608,2025-07-24,246,2021,PRIVATE,3,Spadina-Fort York,2025,2025-07-24
2252,5035611,2025-07-24,333,2021,PRIVATE,3,Spadina-Fort York,2025,2025-07-24
5237,5046735,2025-07-29,47,1918,PRIVATE,3,Spadina-Fort York,2025,2025-07-29
359,5051013,2025-06-27,59,1962,PRIVATE,3,Etobicoke Centre,2025,2025-06-27
3085,5110249,2025-07-29,349,2022,PRIVATE,3,Toronto-St. Paul's,2025,2025-07-29
4824,5118732,2025-10-15,346,2021,PRIVATE,3,Toronto Centre,2025,2025-10-15
378,5132414,2025-10-09,595,2018,PRIVATE,3,University-Rosedale,2025,2025-10-09
2068,5144479,2026-09-21,264,2020,PRIVATE,3,Parkdale-High Park,2026,2026-09-21
3250,5144485,2024-08-13,264,2021,PRIVATE,3,Parkdale-High Park,2024,2024-08-13
6058,5156008,2025-07-22,11,1885,PRIVATE,3,Davenport,2025,2025-07-22
2683,5156053,2026-07-24,51,2018,PRIVATE,3,Toronto-St. Paul's,2026,2026-07-24
2718,5156112,2025-08-13,25,1958,PRIVATE,3,Toronto-St. Paul's,2025,2025-08-13
1648,5156127,2026-09-03,240,1972,PRIVATE,3,Toronto Centre,2026,2026-09-03
2014,5156142,2026-08-19,20,1889,PRIVATE,0,Toronto Centre,2026,2026-08-19
2553,5156157,2026-06-30,34,1928,PRIVATE,3,Toronto Centre,2026,2026-06-30
5044,5156165,2025-09-12,61,1960,PRIVATE,3,Scarborough Southwest,2025,2025-09-12
2551,5156182,2025-11-06,32,1928,PRIVATE,3,Toronto Centre,2025,2025-11-06
4978,5156753,2026-07-22,120,1972,TCHC,3,Toronto Centre,2026,2026-07-22
1370,5156767,2025-08-16,16,1973,TCHC,3,Don Valley North,2025,2025-08-16
1372,5156779,2026-09-16,16,1973,TCHC,3,Don Valley North,2026,2026-09-16
1374,5156801,2025-08-16,16,1973,TCHC,3,Don Valley North,2025,2025-08-16
1376,5156810,2026-09-16,16,1973,TCHC,3,Don Valley North,2026,2026-09-16
1378,5156814,2025-08-16,16,1973,TCHC,3,Don Valley North,2025,2025-08-16
1380,5156815,2025-08-16,16,1973,TCHC,3,Don Valley North,2025,2025-08-16
81,5156871,2026-09-11,16,1973,TCHC,3,Don Valley North,2026,2026-09-11
83,5157387,2026-09-11,16,1973,TCHC,3,Don Valley North,2026,2026-09-11
85,5157421,2026-09-11,16,1973,TCHC,3,Don Valley North,2026,2026-09-11
87,5157423,2025-07-21,16,1973,TCHC,3,Don Valley North,2025,2025-07-21
1163,5175953,2024-06-14,286,2022,PRIVATE,3,Spadina-Fort York,2024,2024-06-14
4922,5186997,2025-11-27,82,2019,PRIVATE,3,Toronto-St. Paul's,2025,2025-11-27
5989,5199841,2024-07-05,333,2021,PRIVATE,3,Etobicoke-Lakeshore,2024,2024-07-05
4689,5207679,2026-09-09,177,2022,PRIVATE,3,Toronto-St. Paul's,2026,2026-09-09
3307,5228227,2025-10-22,146,2022,PRIVATE,3,Don Valley West,2025,2025-10-22
5218,5228921,2025-07-17,152,2021,PRIVATE,3,Davenport,2025,2025-07-17
5219,5228929,2025-07-17,198,2021,PRIVATE,3,Davenport,2025,2025-07-17
5437,5239236,2025-12-02,210,2021,PRIVATE,3,University-Rosedale,2025,2025-12-02
5299,5241001,2025-10-03,61,2022,PRIVATE,3,University-Rosedale,2025,2025-10-03
4579,5251786,2025-12-11,15,NA,PRIVATE,1,Beaches-East York,2025,2025-12-11
2393,5258798,2025-10-20,17,1888,PRIVATE,3,Toronto Centre,2025,2025-10-20
2167,5285930,2025-06-19,12,1870,PRIVATE,1,Parkdale-High Park,2025,2025-06-19
775,5289074,2025-11-06,25,1927,PRIVATE,3,Toronto-Danforth,2025,2025-11-06
1795,5294330,2025-09-04,140,2023,PRIVATE,3,Don Valley East,2025,2025-09-04
1410,5299588,2026-07-28,11,1953,PRIVATE,3,York South-Weston,2026,2026-07-28
613,5299592,2026-07-28,11,1953,PRIVATE,3,York South-Weston,2026,2026-07-28
614,5299600,2026-07-28,10,1953,PRIVATE,3,York South-Weston,2026,2026-07-28
459,5300693,2025-07-08,231,2021,PRIVATE,3,Toronto Centre,2025,2025-07-08
5600,5313679,2025-10-30,14,1960,PRIVATE,3,Etobicoke-Lakeshore,2025,2025-10-30
329,5319408,2026-06-15,11,1951,PRIVATE,3,Etobicoke Centre,2026,2026-06-15
434,5326913,2024-09-26,11,1950,PRIVATE,3,Scarborough Southwest,2024,2024-09-26
435,5326916,2024-09-26,11,1950,PRIVATE,3,Scarborough Southwest,2024,2024-09-26
2487,5333758,2024-08-08,259,2022,PRIVATE,3,Etobicoke Centre,2024,2024-08-08
2568,5346159,2026-09-04,171,2023,PRIVATE,3,Spadina-Fort York,2026,2026-09-04
1267,5347489,2024-09-25,12,1970,PRIVATE,3,Scarborough Southwest,2024,2024-09-25
1270,5347493,2024-09-25,12,2023,PRIVATE,3,Scarborough Southwest,2024,2024-09-25
1273,5347497,2024-09-13,11,2023,PRIVATE,1,Scarborough Southwest,2024,2024-09-13
1160,5348106,2024-08-15,440,2021,PRIVATE,3,Spadina-Fort York,2024,2024-08-15
6,5351744,2024-09-11,11,1970,PRIVATE,2,Etobicoke-Lakeshore,2024,2024-09-11
2654,5352375,2026-06-22,32,1967,PRIVATE,3,Don Valley East,2026,2026-06-22
2570,5353316,2026-09-04,160,2023,PRIVATE,3,Spadina-Fort York,2026,2026-09-04
884,5355064,2024-07-16,12,1956,PRIVATE,1,Toronto-St. Paul's,2024,2024-07-16
832,5355083,2026-08-05,12,1960,PRIVATE,3,Beaches-East York,2026,2026-08-05
834,5355118,2026-08-05,12,1960,PRIVATE,3,Beaches-East York,2026,2026-08-05
371,5355161,2024-06-21,10,1930,PRIVATE,1,Beaches-East York,2024,2024-06-21
1010,5355204,2024-09-18,14,1959,PRIVATE,3,Etobicoke-Lakeshore,2024,2024-09-18
5470,5355262,2026-07-20,15,1953,PRIVATE,3,Toronto-St. Paul's,2026,2026-07-20
828,5355318,2026-08-26,12,1940,PRIVATE,3,Beaches-East York,2026,2026-08-26
5513,5355436,2026-08-24,17,1960,PRIVATE,3,Toronto-Danforth,2026,2026-08-24
2924,5355461,2024-07-11,11,1952,PRIVATE,3,Parkdale-High Park,2024,2024-07-11
1366,5357890,2026-07-22,12,1965,PRIVATE,3,Toronto-Danforth,2026,2026-07-22
1364,5357946,2026-08-25,12,1965,PRIVATE,0,Toronto-Danforth,2026,2026-08-25
1362,5358047,2026-07-22,12,1965,PRIVATE,3,Toronto-Danforth,2026,2026-07-22
5631,5358054,2026-09-04,11,1950,PRIVATE,1,Beaches-East York,2026,2026-09-04
5630,5358240,2026-09-04,12,1951,PRIVATE,3,Beaches-East York,2026,2026-09-04
5506,5358292,2026-09-09,24,1950,PRIVATE,0,Toronto-Danforth,2026,2026-09-09
6290,5358517,2026-08-06,18,1965,PRIVATE,3,Beaches-East York,2026,2026-08-06
1621,5359170,2026-06-24,11,1959,PRIVATE,3,Don Valley East,2026,2026-06-24
5117,5359223,2024-09-09,10,1962,PRIVATE,3,Don Valley West,2024,2024-09-09
3890,5360905,2026-07-29,17,1955,PRIVATE,1,Beaches-East York,2026,2026-07-29
370,5361012,2026-09-03,30,1910,SOCIAL HOUSING,3,Beaches-East York,2026,2026-09-03
6187,5361264,2026-09-10,10,1928,PRIVATE,3,Toronto-St. Paul's,2026,2026-09-10
4565,5361285,2024-08-19,10,1951,PRIVATE,3,Don Valley West,2024,2024-08-19
3825,5361337,2026-08-12,12,1950,PRIVATE,1,Eglinton-Lawrence,2026,2026-08-12
1368,5361379,2024-07-08,12,1952,PRIVATE,1,Toronto-Danforth,2024,2024-07-08
5834,5361399,2026-07-07,11,1920,PRIVATE,3,Toronto-Danforth,2026,2026-07-07
5969,5364483,2026-08-17,30,1926,PRIVATE,3,Toronto-Danforth,2026,2026-08-17
3288,5364487,2024-07-16,10,1951,PRIVATE,3,Don Valley West,2024,2024-07-16
5954,5364517,2024-07-24,91,1980,SOCIAL HOUSING,3,Toronto-Danforth,2024,2024-07-24
4759,5364536,2026-06-24,10,1913,PRIVATE,0,University-Rosedale,2026,2026-06-24
1091,5364546,2026-08-13,10,1910,PRIVATE,3,Toronto Centre,2026,2026-08-13
4388,5364567,2026-09-09,12,1965,PRIVATE,3,Toronto-Danforth,2026,2026-09-09
6248,5364569,2026-09-09,18,1971,PRIVATE,3,Beaches-East York,2026,2026-09-09
3711,5365276,2026-07-10,24,1929,PRIVATE,3,Davenport,2026,2026-07-10
4260,5365314,2024-07-15,11,1950,PRIVATE,1,Don Valley West,2024,2024-07-15
5197,5365455,2024-08-09,20,1920,PRIVATE,1,Parkdale-High Park,2024,2024-08-09
5923,5365973,2026-07-07,13,1922,PRIVATE,3,Toronto-Danforth,2026,2026-07-07
2671,5365981,2026-07-15,16,1960,PRIVATE,0,Toronto-St. Paul's,2026,2026-07-15
6246,5365987,2026-08-25,12,1924,PRIVATE,3,Beaches-East York,2026,2026-08-25
2086,5365992,2026-08-17,31,1948,PRIVATE,3,Toronto-Danforth,2026,2026-08-17
6267,5367995,2026-07-15,13,1888,PRIVATE,0,University-Rosedale,2026,2026-07-15
5241,5367998,2026-06-24,18,1930,PRIVATE,3,University-Rosedale,2026,2026-06-24
690,5368000,2026-09-09,12,1950,PRIVATE,3,Toronto-Danforth,2026,2026-09-09
4595,5368002,2026-08-17,28,1951,PRIVATE,3,York South-Weston,2026,2026-08-17
5137,5368007,2024-09-24,13,1905,TCHC,1,Davenport,2024,2024-09-24
5004,5368564,2026-07-27,11,1940,PRIVATE,0,Davenport,2026,2026-07-27
5575,5369379,2026-07-22,10,1960,PRIVATE,3,Eglinton-Lawrence,2026,2026-07-22
2986,5369390,2026-07-22,10,1952,PRIVATE,3,Eglinton-Lawrence,2026,2026-07-22
498,5369828,2026-08-19,10,1913,PRIVATE,0,Spadina-Fort York,2026,2026-08-19
180,5371444,2026-08-26,10,1958,PRIVATE,3,Etobicoke-Lakeshore,2026,2026-08-26
4964,5371447,2026-08-20,12,1940,PRIVATE,3,Beaches-East York,2026,2026-08-20
2743,5371451,2026-08-04,210,1982,SOCIAL HOUSING,3,Toronto-St. Paul's,2026,2026-08-04
5254,5371477,2026-08-21,23,1950,PRIVATE,0,Etobicoke-Lakeshore,2026,2026-08-21
1097,5373697,2026-07-13,26,1876,SOCIAL HOUSING,3,Toronto Centre,2026,2026-07-13
2040,5373885,2024-07-22,11,1963,PRIVATE,3,Scarborough Southwest,2024,2024-07-22
8,5374946,2026-07-07,18,1954,PRIVATE,2,Etobicoke-Lakeshore,2026,2026-07-07
178,5375687,2026-07-07,11,1950,PRIVATE,3,Etobicoke-Lakeshore,2026,2026-07-07
2953,5377083,2026-08-18,16,1958,PRIVATE,3,York South-Weston,2026,2026-08-18
670,5379421,2026-08-19,22,1960,PRIVATE,3,Etobicoke-Lakeshore,2026,2026-08-19
5731,5382234,2026-09-09,19,NA,SOCIAL HOUSING,1,Beaches-East York,2026,2026-09-09
3210,5382369,2026-07-03,15,1940,PRIVATE,1,Parkdale-High Park,2026,2026-07-03
133,5382430,2026-08-17,10,1965,PRIVATE,3,Etobicoke-Lakeshore,2026,2026-08-17
822,5382561,2026-09-10,12,1960,PRIVATE,3,Beaches-East York,2026,2026-09-10
5257,5382573,2026-08-12,10,1965,PRIVATE,3,Etobicoke-Lakeshore,2026,2026-08-12
2887,5382870,2026-07-23,14,1920,PRIVATE,3,University-Rosedale,2026,2026-07-23
5666,5383939,2024-08-27,131,2021,PRIVATE,3,Parkdale-High Park,2024,2024-08-27
5971,5383946,2024-09-27,12,1950,PRIVATE,3,Toronto-Danforth,2024,2024-09-27
5266,5385853,2024-08-02,12,1962,PRIVATE,2,Etobicoke North,2024,2024-08-02
5471,5386216,2024-07-31,10,1937,PRIVATE,1,Toronto-St. Paul's,2024,2024-07-31
2103,5386613,2026-07-31,18,1928,PRIVATE,1,Beaches-East York,2026,2026-07-31
675,5386620,2026-08-19,10,1983,PRIVATE,3,Etobicoke-Lakeshore,2026,2026-08-19
4877,5386632,2026-07-10,30,1946,PRIVATE,3,Toronto-St. Paul's,2026,2026-07-10
6314,5386640,2026-07-07,22,1950,PRIVATE,3,Etobicoke Centre,2026,2026-07-07
2089,5389348,2026-09-01,21,1930,PRIVATE,3,Beaches-East York,2026,2026-09-01
2091,5389354,2026-09-01,23,1930,PRIVATE,3,Beaches-East York,2026,2026-09-01
438,5389368,2026-08-14,10,1950,PRIVATE,3,Beaches-East York,2026,2026-08-14
2139,5390828,2024-08-29,11,1970,PRIVATE,3,Beaches-East York,2024,2024-08-29
4910,5392310,2026-07-23,17,1930,PRIVATE,3,University-Rosedale,2026,2026-07-23
750,5392487,2026-07-22,53,2022,PRIVATE,3,York Centre,2026,2026-07-22
5946,5405655,2026-07-17,15,2004,PRIVATE,3,Toronto-Danforth,2026,2026-07-17
4724,5407309,2026-08-25,78,2021,SOCIAL HOUSING,3,Eglinton-Lawrence,2026,2026-08-25
2969,5411150,2026-08-20,233,2023,PRIVATE,3,Etobicoke-Lakeshore,2026,2026-08-20
200,5413885,2026-09-15,186,2021,SOCIAL HOUSING,3,Scarborough North,2026,2026-09-15
3627,5415712,2026-07-07,17,NA,PRIVATE,1,Parkdale-High Park,2026,2026-07-07
2037,5473285,2025-11-28,78,2018,PRIVATE,3,Toronto Centre,2025,2025-11-28
5722,5494668,2025-11-07,262,2023,PRIVATE,3,Don Valley West,2025,2025-11-07
4582,5495823,2025-07-24,296,2019,PRIVATE,3,Toronto-St. Paul's,2025,2025-07-24
5997,5495825,2025-07-24,288,2019,PRIVATE,3,Toronto-St. Paul's,2025,2025-07-24
4167,5503457,2025-07-30,230,2022,PRIVATE,3,Spadina-Fort York,2025,2025-07-30
4168,5503583,2025-07-30,232,2022,PRIVATE,3,Spadina-Fort York,2025,2025-07-30
4169,5503588,2025-07-30,310,2022,PRIVATE,3,Spadina-Fort York,2025,2025-07-30
684,5507641,2025-07-31,592,2023,PRIVATE,3,Spadina-Fort York,2025,2025-07-31
107,5516544,2025-10-10,179,2022,PRIVATE,3,York Centre,2025,2025-10-10
5776,5528214,2025-09-22,80,2024,PRIVATE,3,Beaches-East York,2025,2025-09-22
1339,5564105,2025-08-18,103,2021,SOCIAL HOUSING,3,Don Valley North,2025,2025-08-18
5239,5564604,2025-09-29,95,2024,PRIVATE,3,University-Rosedale,2025,2025-09-29
1812,5565125,2025-08-18,479,2024,PRIVATE,3,Don Valley North,2025,2025-08-18
4497,5566009,2025-11-04,302,2024,PRIVATE,3,Toronto Centre,2025,2025-11-04
5957,5566013,2025-11-04,240,2024,PRIVATE,3,Toronto Centre,2025,2025-11-04
2750,5568599,2025-10-23,276,2023,PRIVATE,3,Humber River-Black Creek,2025,2025-10-23
1817,5568604,2025-10-23,238,2023,PRIVATE,3,Humber River-Black Creek,2025,2025-10-23
1894,5571925,2025-09-25,160,2023,PRIVATE,3,York Centre,2025,2025-09-25
4166,5574977,2025-11-04,237,2024,PRIVATE,3,Toronto Centre,2025,2025-11-04
1715,5592688,2025-08-13,244,1982,SOCIAL HOUSING,3,University-Rosedale,2025,2025-08-13
5238,5627935,2025-12-04,24,1947,PRIVATE,3,University-Rosedale,2025,2025-12-04
5144,5665937,2026-09-05,220,2023,PRIVATE,3,Scarborough Centre,2026,2026-09-05
4275,5668417,2025-12-02,171,2020,PRIVATE,3,York Centre,2025,2025-12-02
3534,5690291,2026-08-14,18,1914,PRIVATE,3,University-Rosedale,2026,2026-08-14
6047,5697761,2025-12-02,389,2025,PRIVATE,3,Toronto-St. Paul's,2025,2025-12-02
4478,5735857,2025-12-02,52,1967,SOCIAL HOUSING,3,Parkdale-High Park,2025,2025-12-02
2079,5743883,2026-08-24,48,2016,PRIVATE,3,Toronto-Danforth,2026,2026-08-24
5777,5750368,2026-08-28,404,2025,PRIVATE,3,Beaches-East York,2026,2026-08-28
4673,5754760,2026-06-24,205,2023,PRIVATE,3,Spadina-Fort York,2026,2026-06-24
78,5766126,2026-07-30,19,1991,SOCIAL HOUSING,3,Toronto Centre,2026,2026-07-30
5242,5858767,2026-09-18,14,2026,PRIVATE,3,University-Rosedale,2026,2026-09-18
5702,5872163,2026-09-11,234,2026,PRIVATE,3,Etobicoke Centre,2026,2026-09-11
