RSN,first_date,latest_date,first_score,latest_score,CONFIRMED UNITS
4152554,2024-06-19,2024-06-19,1,1,24
4152555,2023-10-02,2025-11-14,3,3,17
4152556,2023-08-03,2025-07-10,3,3,13
4152557,2023-08-03,2025-07-10,3,3,21
4152558,2023-10-12,2025-10-22,3,3,32
4152559,2023-08-01,2025-07-29,3,3,30
4152560,2023-10-12,2025-10-22,3,3,24
4152561,2024-07-25,2024-07-25,3,3,21
4152562,2024-08-15,2024-08-15,3,3,16
4152563,2023-09-06,2025-09-05,3,3,16
4152564,2023-10-10,2025-10-07,1,3,15
4152569,2023-08-28,2025-08-12,3,3,18
4152570,2024-07-18,2024-07-18,3,3,202
4152571,2024-08-12,2024-08-12,3,3,61
4152572,2024-07-18,2024-07-18,3,3,51
4152573,2023-09-06,2025-07-22,3,3,34
4152574,2023-09-14,2025-08-12,3,3,37
4152575,2024-07-22,2026-08-19,3,3,36
4152576,2024-07-16,2026-07-22,3,3,350
4152577,2023-10-11,2025-10-06,3,3,61
4152578,2023-10-10,2025-08-25,3,3,65
4152579,2023-09-08,2025-08-14,3,3,11
4152580,2024-09-30,2026-08-20,3,3,11
4152581,2024-07-10,2026-08-19,3,3,22
4152582,2023-10-12,2025-08-18,1,3,13
4152583,2024-08-13,2024-08-13,2,2,48
4152585,2024-09-24,2026-09-02,3,3,11
4152586,2023-08-22,2025-07-31,3,3,118
4152587,2023-08-01,2025-07-30,3,3,201
4152588,2024-08-22,2024-08-22,3,3,201
4152589,2024-06-18,2026-08-18,3,3,255
4152590,2024-08-21,2024-08-21,3,3,194
4152591,2024-08-08,2024-08-08,3,3,575
4152592,2024-08-07,2026-09-14,3,0,15
4152593,2023-09-07,2025-07-14,3,3,238
4152594,2023-07-20,2025-07-14,3,3,163
4152595,2023-07-25,2025-06-20,3,3,168
4152596,2023-07-26,2025-06-25,3,3,223
4152597,2023-08-09,2025-10-21,3,3,284
4152598,2023-08-09,2025-10-21,3,3,285
4152599,2023-08-02,2025-08-11,3,3,329
4152600,2024-09-06,2024-09-06,3,3,280
4152601,2023-08-02,2025-08-11,3,3,267
4152602,2024-08-29,2026-07-30,3,1,11
4152603,2024-09-16,2026-08-11,3,1,11
4152604,2024-08-28,2026-08-06,3,3,12
4152605,2023-08-11,2025-09-08,3,3,52
4152606,2023-08-14,2025-09-08,3,3,37
4152607,2024-09-03,2026-07-29,1,1,18
4152608,2024-09-09,2024-09-09,3,3,17
4152609,2023-10-17,2025-10-08,3,3,30
4152610,2024-08-28,2026-09-05,3,3,112
4152611,2024-08-26,2026-08-17,3,3,103
4152612,2023-08-24,2025-09-11,3,3,61
4152613,2023-08-31,2025-09-11,3,3,27
4152614,2023-08-31,2025-09-17,3,3,28
4152615,2024-07-09,2026-09-05,3,1,34
4152617,2024-07-17,2024-07-17,3,3,22
4152618,2024-08-27,2026-09-03,3,3,11
4152619,2024-08-27,2026-09-14,3,3,11
4152620,2023-10-17,2025-10-06,3,3,11
4152621,2024-08-28,2026-07-16,3,3,11
4152622,2023-06-07,2025-09-25,3,3,30
4152623,2024-06-21,2024-06-21,3,3,27
4152624,2023-06-07,2025-09-25,3,3,38
4152625,2024-07-12,2026-08-28,3,3,36
4152626,2023-06-07,2025-10-03,3,3,36
4152627,2024-07-03,2026-09-04,3,3,32
4152628,2023-06-23,2025-09-24,3,3,26
4152629,2024-08-22,2026-09-16,3,3,33
4152630,2024-08-21,2026-09-16,3,3,26
4152631,2023-06-07,2025-09-25,3,3,30
4152632,2024-06-21,2026-08-28,3,3,30
4152633,2024-08-22,2026-08-12,3,3,30
4152634,2023-06-23,2025-09-24,1,1,28
4152635,2023-06-30,2025-09-24,3,3,30
4152636,2024-06-21,2024-06-21,3,3,34
4152637,2023-06-29,2025-09-26,1,3,54
4152638,2023-06-29,2025-09-26,1,3,54
4152639,2023-07-06,2025-09-26,3,3,59
4152640,2024-09-06,2026-08-28,3,3,35
4152641,2023-06-29,2025-09-29,1,3,26
4152642,2023-07-06,2025-09-29,3,3,67
4152643,2023-06-14,2025-09-29,1,3,54
4152644,2024-06-26,2026-09-04,3,3,43
4152645,2024-09-04,2026-09-04,3,3,43
4152646,2024-09-04,2024-09-04,3,3,85
4152647,2024-06-26,2026-08-31,3,3,35
4152648,2024-06-27,2026-08-21,3,3,100
4152649,2023-06-14,2025-09-22,3,3,100
4152650,2023-06-14,2025-10-23,3,3,67
4152651,2023-06-21,2025-10-09,3,3,43
4152652,2023-06-21,2025-12-05,0,3,103
4152653,2024-09-06,2024-09-06,3,3,72
4152654,2023-06-21,2025-11-27,3,3,243
4152655,2023-06-14,2025-09-30,3,3,36
4152656,2024-06-21,2024-06-21,3,3,36
4152657,2023-06-21,2025-10-01,1,3,36
4152658,2023-06-21,2025-10-01,3,3,39
4152659,2024-09-18,2026-09-16,3,3,90
4152660,2024-06-21,2026-09-08,3,3,91
4152661,2023-06-29,2025-07-29,3,3,92
4152662,2024-08-13,2026-09-08,3,3,72
4152663,2023-06-14,2025-10-07,3,3,71
4152664,2024-09-06,2024-09-06,3,3,69
4152665,2024-06-21,2026-09-10,3,3,104
4152666,2023-08-22,2025-09-10,3,3,10
4152667,2023-08-22,2025-09-10,3,3,30
4152668,2024-09-06,2026-08-04,3,3,18
4152669,2024-10-04,2026-08-04,3,3,18
4152670,2023-10-05,2025-07-30,3,3,71
4152671,2024-09-06,2026-08-06,3,3,49
4152672,2023-10-05,2025-07-17,3,3,49
4152673,2024-09-20,2026-08-06,3,3,186
4152674,2023-09-29,2025-09-12,3,3,124
4152675,2024-07-10,2026-06-09,3,3,53
4152676,2023-08-29,2025-10-31,3,3,65
4152677,2023-09-30,2025-09-19,3,3,102
4152678,2024-07-23,2026-06-09,3,3,75
4152679,2023-10-04,2025-09-15,3,3,94
4152680,2024-07-24,2026-06-11,3,3,110
4152681,2024-07-25,2026-06-11,3,3,110
4152682,2023-09-08,2025-10-16,3,3,107
4152683,2024-07-25,2026-06-10,3,3,91
4152684,2024-09-23,2026-06-16,3,3,75
4152685,2023-09-26,2025-10-17,3,3,169
4152686,2023-10-04,2025-10-20,3,3,118
4152687,2023-09-08,2025-10-16,3,3,101
4152688,2024-07-25,2024-07-25,3,3,150
4152689,2023-10-19,2025-09-03,3,3,87
4152690,2023-09-06,2025-07-23,3,3,79
4152691,2023-08-21,2025-07-23,2,3,79
4152692,2023-06-16,2025-09-04,3,3,110
4152693,2023-06-30,2025-10-09,1,3,72
4152694,2024-09-13,2024-09-13,3,3,71
4152695,2024-09-19,2026-08-19,3,3,62
4152696,2023-06-28,2025-11-20,3,3,130
4152697,2023-06-28,2025-11-12,3,3,72
4152698,2023-07-06,2025-09-03,3,3,57
4152699,2024-07-04,2026-09-22,3,3,20
4152700,2024-07-05,2026-08-19,3,3,18
4152701,2024-09-13,2026-08-21,1,3,41
4152702,2024-09-24,2026-08-26,3,3,70
4152703,2023-06-22,2025-12-11,1,3,142
4152704,2024-09-13,2026-09-17,3,3,34
4152705,2023-07-06,2025-09-03,1,3,33
4152706,2023-07-06,2025-09-03,3,3,62
4152707,2023-07-07,2025-09-03,3,3,59
4152708,2023-06-30,2025-10-11,3,3,50
4152709,2024-07-02,2024-07-02,3,3,54
4152710,2024-09-24,2026-09-22,3,3,34
4152711,2024-09-16,2024-09-16,3,3,82
4152712,2024-09-16,2024-09-16,3,3,32
4152713,2023-06-30,2025-11-24,3,3,29
4152714,2023-06-30,2025-10-11,3,3,77
4152715,2024-08-09,2026-09-02,3,3,26
4152716,2023-06-22,2025-11-28,3,3,33
4152717,2024-08-09,2024-08-09,1,1,64
4152718,2024-07-05,2026-08-24,3,3,28
4152719,2023-07-04,2025-09-08,3,3,21
4152720,2023-07-04,2025-09-05,1,1,46
4152722,2023-07-04,2025-09-06,3,3,52
4152723,2024-09-11,2024-09-11,1,1,139
4152724,2024-09-17,2024-09-17,3,3,140
4152725,2023-06-16,2025-09-09,3,3,192
4152726,2023-06-16,2025-09-17,3,3,167
4152727,2024-10-01,2024-10-01,3,3,167
4152728,2023-06-16,2025-09-09,3,3,135
4152729,2024-08-22,2026-08-21,3,3,177
4152730,2023-06-29,2025-08-26,3,3,254
4152731,2024-09-12,2024-09-12,3,3,82
4152732,2023-06-19,2025-11-26,3,3,82
4152734,2023-06-27,2025-10-24,3,3,65
4152735,2024-07-22,2024-07-22,3,3,32
4152736,2024-09-18,2026-07-20,3,3,27
4152737,2024-09-06,2024-09-06,3,3,200
4152738,2024-08-27,2024-08-27,3,3,170
4152739,2024-07-28,2026-09-17,3,3,48
4152740,2024-09-11,2026-08-26,3,3,180
4152741,2024-10-02,2024-10-02,2,2,181
4152742,2023-08-30,2025-11-05,3,3,295
4152743,2023-09-15,2025-11-21,3,3,60
4152744,2023-09-13,2025-11-21,3,3,70
4152745,2024-10-07,2026-08-11,3,3,112
4152747,2024-07-16,2026-08-20,3,3,23
4152749,2024-09-19,2026-07-27,3,2,149
4152750,2023-06-27,2025-09-02,3,3,192
4152751,2024-08-08,2026-09-14,3,3,67
4152752,2024-08-08,2026-09-14,3,3,48
4152753,2023-06-05,2025-11-18,3,3,173
4152754,2023-06-05,2025-08-30,3,3,225
4152755,2023-06-05,2025-11-18,3,3,172
4152756,2024-08-06,2024-08-06,3,3,95
4152758,2023-06-16,2025-11-25,3,3,115
4152759,2024-09-30,2024-09-30,3,3,144
4152760,2024-09-13,2026-07-27,3,3,144
4152761,2024-08-13,2024-08-13,3,3,114
4152762,2023-06-06,2025-10-28,3,3,66
4152763,2023-06-19,2025-10-07,3,3,207
4152764,2024-08-14,2026-09-05,3,3,131
4152765,2023-06-06,2025-10-29,3,3,58
4152767,2023-06-19,2025-11-10,1,3,138
4152768,2023-06-19,2025-08-27,3,3,250
4152771,2024-09-30,2026-07-07,3,3,253
4152773,2023-07-04,2025-10-28,3,3,123
4152774,2023-06-28,2025-11-25,1,3,110
4152775,2023-09-19,2025-10-31,3,3,58
4152777,2023-07-27,2025-07-07,3,3,330
4152778,2024-08-22,2026-07-15,2,3,18
4152779,2023-09-26,2025-08-18,3,3,53
4152780,2024-07-08,2026-08-25,3,3,90
4152781,2024-08-27,2026-08-25,3,3,83
4152782,2024-06-17,2026-09-16,3,3,55
4152783,2023-10-02,2025-10-08,3,3,88
4152784,2024-06-20,2026-09-09,3,3,100
4152786,2023-09-11,2025-09-27,3,3,133
4152787,2023-08-09,2025-08-19,3,3,70
4152788,2024-07-15,2026-06-22,3,3,70
4152789,2024-07-15,2026-06-18,3,3,81
4152790,2024-09-11,2026-06-18,3,3,82
4152791,2024-09-06,2026-07-07,3,3,166
4152794,2024-08-20,2026-06-01,3,3,306
4152795,2024-09-27,2026-06-16,3,3,79
4152796,2023-08-08,2025-08-19,3,3,53
4152797,2023-09-14,2025-09-16,3,3,193
4152798,2023-09-07,2025-10-06,1,3,193
4152799,2024-09-13,2026-08-06,3,3,236
4152800,2024-09-25,2026-09-16,3,3,229
4152801,2023-09-11,2025-10-08,3,3,86
4152802,2024-09-30,2026-08-12,3,3,214
4152803,2024-09-30,2026-07-10,1,3,221
4152804,2024-10-08,2026-08-13,3,3,74
4152805,2023-09-13,2025-11-10,3,3,188
4152806,2024-09-17,2024-09-17,3,3,174
4152807,2023-08-18,2025-11-05,3,3,174
4152808,2023-09-06,2025-09-16,3,3,254
4152809,2023-09-13,2025-11-03,3,3,160
4152810,2024-09-30,2024-09-30,3,3,159
4152811,2024-10-07,2024-10-07,3,3,112
4152812,2024-10-02,2024-10-02,3,3,115
4152813,2024-09-11,2024-09-11,3,3,133
4152814,2023-09-06,2025-11-03,3,3,136
4152815,2023-07-06,2025-09-23,3,3,400
4152816,2024-09-16,2024-09-16,3,3,200
4152817,2023-09-05,2025-09-23,3,3,100
4152818,2023-09-20,2025-11-03,3,3,100
4152819,2024-09-24,2024-09-24,3,3,224
4152820,2024-07-31,2026-09-18,3,3,90
4152821,2023-08-18,2025-11-29,3,3,88
4152822,2023-09-06,2025-11-12,3,3,114
4152823,2023-08-11,2025-10-08,3,3,105
4152825,2024-07-22,2024-07-22,3,3,210
4152826,2024-07-22,2024-07-22,3,3,210
4152827,2023-08-31,2025-09-24,3,3,214
4152828,2024-07-22,2024-07-22,3,3,216
4152829,2023-08-09,2025-09-24,3,3,378
4152830,2024-10-07,2026-09-22,1,3,164
4152831,2024-10-08,2026-09-15,3,3,147
4152832,2024-09-17,2024-09-17,3,3,200
4152833,2024-09-13,2024-09-13,3,3,165
4152834,2023-08-10,2025-11-04,3,3,265
4152835,2024-09-18,2026-07-09,1,3,264
4152836,2023-08-16,2025-11-07,3,3,200
4152837,2024-09-23,2026-07-31,3,3,25
4152838,2023-07-06,2025-09-27,3,3,39
4152839,2023-08-09,2025-10-14,3,3,375
4152841,2024-09-13,2026-08-19,3,3,110
4152842,2023-08-09,2025-11-12,3,3,345
4152843,2023-08-22,2025-10-06,3,3,60
4152844,2024-10-08,2024-10-08,3,3,38
4152845,2024-09-13,2024-09-13,3,3,220
4152846,2023-08-10,2025-09-15,3,3,141
4152847,2024-09-17,2024-09-17,2,2,107
4152848,2023-08-03,2025-10-22,3,3,165
4152851,2024-09-09,2026-09-17,3,3,219
4152852,2024-09-16,2026-08-13,3,3,178
4152853,2024-09-05,2024-09-05,3,3,189
4152854,2023-09-16,2025-09-10,2,3,293
4152855,2024-09-17,2026-08-07,3,3,206
4152856,2024-09-05,2026-09-10,3,3,188
4152857,2023-09-18,2025-09-30,2,3,186
4152858,2024-09-30,2026-07-30,3,3,190
4152859,2024-09-23,2024-09-23,3,3,281
4152860,2024-09-05,2026-09-11,3,3,153
4152861,2023-06-20,2025-10-27,3,3,175
4152862,2023-07-13,2025-10-27,3,3,167
4152864,2024-10-01,2024-10-01,3,3,175
4152865,2024-09-18,2024-09-18,3,3,252
4152866,2024-10-01,2024-10-01,3,3,332
4152867,2024-10-07,2026-07-08,0,0,44
4152868,2024-10-07,2026-07-09,0,3,27
4152869,2024-10-07,2026-07-29,0,3,40
4152870,2023-09-17,2025-11-19,2,1,52
4152871,2023-09-17,2025-11-19,2,3,37
4152872,2023-10-06,2025-11-19,3,3,300
4152873,2024-09-17,2026-09-18,3,3,106
4152874,2024-09-04,2026-09-22,3,3,154
4152875,2024-09-04,2026-08-18,3,3,136
4152876,2024-09-30,2026-08-05,3,3,196
4152877,2024-09-23,2026-08-10,3,3,195
4152878,2024-09-23,2026-09-08,3,3,195
4152879,2023-07-13,2025-10-20,3,3,196
4152880,2023-06-22,2025-10-20,3,3,197
4152883,2024-10-08,2024-10-08,1,1,246
4152884,2024-10-07,2024-10-07,3,3,94
4152885,2023-10-06,2025-10-08,3,3,150
4152887,2024-09-05,2024-09-05,3,3,249
4152889,2024-07-24,2026-07-23,3,3,108
4152892,2024-10-08,2024-10-08,3,3,120
4152893,2024-09-24,2026-06-23,3,3,126
4152894,2023-07-06,2025-10-08,3,3,124
4152898,2024-06-20,2026-07-30,1,3,38
4152899,2023-09-19,2025-07-28,3,3,86
4152900,2024-06-20,2026-07-22,1,3,47
4152901,2024-08-22,2024-08-22,3,3,36
4152902,2024-06-13,2026-07-14,3,1,22
4152903,2024-07-11,2026-07-14,3,3,34
4152904,2023-09-22,2025-11-13,3,3,12
4152905,2024-07-31,2026-08-24,1,3,68
4152907,2023-08-08,2025-07-22,1,3,28
4152908,2023-08-08,2025-07-22,1,3,25
4152909,2024-06-14,2026-07-16,3,3,60
4152911,2024-07-11,2026-08-06,3,3,16
4152912,2024-07-11,2026-08-06,3,2,42
4152915,2024-06-13,2026-07-16,3,3,22
4152916,2024-06-13,2026-08-20,1,3,19
4152917,2023-10-23,2025-07-25,1,3,15
4152919,2023-09-21,2025-11-14,3,3,18
4152920,2024-07-22,2026-08-11,0,3,18
4152921,2023-09-21,2025-07-30,1,3,36
4152922,2023-08-03,2025-07-31,3,3,32
4152923,2024-06-20,2026-08-18,3,3,35
4152924,2024-09-25,2026-09-17,3,3,121
4152925,2023-10-24,2025-06-17,3,3,95
4152926,2023-10-30,2025-08-15,3,3,94
4152927,2023-07-21,2025-08-14,3,3,115
4152928,2023-07-13,2025-08-15,1,3,21
4152929,2023-10-30,2025-08-26,3,3,221
4152930,2023-10-23,2025-11-26,3,3,171
4152931,2023-09-25,2025-08-07,3,3,216
4152932,2024-08-22,2026-08-25,3,3,21
4152933,2023-06-23,2025-11-19,3,3,233
4152934,2024-08-20,2026-09-15,3,3,330
4152935,2024-08-13,2026-08-27,3,3,331
4152936,2024-07-22,2026-07-09,1,3,16
4152937,2023-07-26,2025-07-30,1,3,16
4152938,2024-06-14,2026-07-09,3,3,16
4152939,2024-06-12,2026-07-09,3,3,16
4152940,2023-07-27,2025-11-13,1,2,24
4152941,2024-09-12,2026-08-27,3,2,42
4152942,2024-09-12,2026-07-16,1,3,10
4152943,2024-09-12,2026-08-25,3,3,10
4152945,2023-10-19,2025-08-25,3,3,21
4152946,2024-08-27,2026-08-18,3,3,30
4152948,2024-08-16,2026-09-17,3,3,61
4152950,2023-09-05,2025-06-25,3,3,41
4152951,2023-10-11,2025-06-25,3,3,70
4152952,2023-08-11,2025-06-27,3,3,108
4152953,2024-09-12,2026-07-28,3,3,216
4152954,2023-08-11,2025-07-08,3,3,251
4152955,2024-08-09,2026-07-02,1,2,54
4152956,2024-08-09,2026-07-02,3,3,54
4152957,2023-10-23,2025-07-07,3,3,80
4152958,2023-09-06,2025-07-07,3,3,60
4152959,2023-10-03,2025-07-21,3,3,19
4152960,2024-07-26,2026-08-20,1,3,19
4152961,2024-08-22,2026-07-07,3,3,72
4152962,2024-08-22,2026-07-07,3,3,56
4152964,2024-07-25,2026-07-23,3,3,189
4152965,2023-07-14,2025-07-08,2,3,39
4152966,2024-07-25,2026-07-30,3,3,28
4152967,2024-07-26,2026-08-04,3,1,93
4152968,2023-07-06,2025-07-17,2,3,27
4152969,2023-07-06,2025-07-17,2,3,26
4152970,2024-09-12,2026-08-04,3,3,54
4152971,2023-09-19,2025-06-26,3,3,48
4152972,2024-07-25,2026-07-30,3,3,120
4152973,2023-08-08,2025-06-26,3,3,69
4152974,2023-08-04,2025-06-26,3,3,65
4152975,2023-08-29,2025-06-25,3,3,73
4152976,2023-09-21,2025-07-09,1,1,29
4152977,2024-08-09,2026-06-23,1,3,21
4152978,2024-08-15,2026-07-23,3,3,136
4152979,2024-06-21,2026-09-10,3,3,121
4152980,2023-08-04,2025-07-09,3,3,94
4152981,2023-08-08,2025-07-11,3,3,76
4152982,2023-10-04,2025-07-11,3,3,66
4152983,2024-06-21,2026-09-03,3,3,118
4152984,2023-07-17,2025-07-04,3,3,67
4152985,2023-08-30,2025-07-04,3,3,80
4152986,2023-08-09,2025-07-04,3,3,20
4152987,2023-08-29,2025-07-02,3,3,28
4152988,2023-08-29,2025-06-30,3,3,23
4152989,2024-09-04,2026-09-08,3,3,108
4152990,2023-10-23,2025-07-21,1,3,90
4152991,2023-09-02,2025-07-21,1,3,91
4152992,2023-07-24,2025-07-14,3,3,80
4152993,2023-08-29,2025-07-11,3,3,72
4152994,2023-10-18,2025-07-09,3,3,61
4152995,2023-07-18,2025-07-14,3,3,138
4152996,2023-08-29,2025-07-14,3,3,111
4152997,2023-09-05,2025-07-15,3,3,70
4152998,2024-09-06,2026-07-21,3,3,59
4152999,2023-09-02,2025-07-28,1,3,44
4153000,2023-10-02,2025-07-16,3,1,48
4153001,2023-10-23,2025-07-15,1,1,18
4153002,2024-07-05,2026-07-23,1,1,18
4153003,2024-07-17,2026-06-18,1,3,42
4153004,2023-10-27,2025-06-23,2,3,74
4153005,2024-07-12,2026-06-18,3,3,41
4153006,2024-09-05,2024-09-05,1,1,25
4153007,2024-08-21,2026-07-21,3,1,15
4153008,2023-10-02,2025-07-15,2,1,15
4153009,2023-10-18,2025-06-25,3,1,38
4153010,2024-06-27,2026-06-25,3,3,29
4153012,2024-06-18,2026-07-28,3,3,66
4153013,2024-06-27,2026-06-25,3,3,68
4153014,2023-11-29,2025-07-15,3,3,27
4153015,2023-08-04,2025-06-16,3,3,44
4153016,2023-09-21,2025-07-07,1,3,36
4153017,2024-08-29,2026-06-23,3,3,117
4153018,2023-07-26,2025-06-30,3,3,86
4153019,2024-07-31,2024-07-31,3,3,61
4153020,2024-06-21,2026-09-02,3,3,96
4153021,2024-07-05,2026-08-28,3,3,77
4153022,2023-08-14,2025-06-16,3,3,42
4153023,2024-07-24,2026-09-09,3,3,62
4153024,2024-07-24,2026-09-09,3,3,47
4153025,2023-09-20,2025-11-25,1,1,82
4153026,2023-10-31,2025-06-19,1,3,10
4153027,2024-07-12,2024-07-12,1,1,11
4153029,2023-09-06,2025-06-18,3,3,100
4153030,2024-09-11,2026-09-01,3,3,48
4153031,2024-06-21,2026-09-01,3,3,66
4153032,2023-08-11,2025-06-17,3,3,82
4153033,2024-07-26,2026-09-03,3,1,72
4153034,2024-06-27,2024-06-27,3,3,73
4153035,2023-10-02,2025-06-20,3,3,23
4153036,2024-07-05,2026-07-21,1,3,18
4153037,2024-09-10,2024-09-10,3,3,72
4153038,2024-07-05,2026-07-29,3,3,16
4153040,2023-09-06,2025-06-23,3,1,33
4153041,2024-08-07,2026-07-16,1,3,12
4153042,2024-08-09,2026-07-23,3,0,12
4153043,2024-08-07,2026-07-27,1,3,12
4153045,2023-11-28,2025-07-18,3,3,30
4153046,2023-10-31,2025-08-01,1,1,21
4153047,2023-08-10,2025-07-17,1,3,38
4153049,2024-09-12,2026-08-24,0,3,22
4153050,2024-07-30,2026-08-24,0,3,22
4153051,2023-10-18,2025-11-19,3,3,13
4153052,2023-07-10,2025-07-25,3,3,16
4153053,2023-10-30,2025-08-07,1,3,39
4153054,2023-06-23,2025-08-15,3,3,75
4153055,2023-07-13,2025-08-14,3,3,80
4153056,2024-06-14,2026-08-24,3,0,24
4153057,2024-06-14,2026-08-24,3,3,46
4153058,2023-07-27,2025-08-15,3,3,48
4153059,2023-08-03,2025-06-20,3,3,18
4153061,2024-07-19,2024-07-19,3,3,32
4153062,2024-07-19,2024-07-19,3,3,13
4153063,2024-07-19,2026-09-17,3,3,299
4153064,2024-06-18,2026-08-26,1,3,26
4153065,2024-07-12,2024-07-12,3,3,21
4153066,2024-07-12,2024-07-12,3,3,281
4153067,2023-09-01,2025-11-28,1,3,38
4153068,2023-10-02,2025-07-18,3,3,66
4153071,2024-07-30,2026-09-04,3,2,15
4153072,2023-09-05,2025-09-26,2,3,15
4153074,2023-10-26,2025-07-21,1,3,12
4153077,2024-09-04,2026-09-17,3,3,68
4153093,2023-07-10,2025-07-14,3,3,134
4153094,2023-10-18,2025-07-16,1,3,19
4153095,2023-10-24,2025-07-14,0,1,16
4153099,2023-10-18,2025-07-11,3,3,30
4153101,2023-10-18,2025-07-17,3,3,20
4153102,2024-07-19,2026-09-21,3,3,275
4153103,2024-08-22,2026-09-09,3,2,352
4153106,2023-09-07,2025-06-18,2,3,13
4153107,2024-09-16,2026-09-22,3,3,186
4153108,2023-10-18,2025-07-21,3,3,19
4153109,2023-10-18,2025-07-09,3,3,104
4153110,2024-08-06,2026-08-26,3,2,23
4153111,2024-07-24,2026-08-24,3,3,24
4153112,2023-07-13,2025-06-19,3,3,24
4153113,2023-07-13,2025-06-19,3,3,23
4153114,2024-07-30,2026-08-25,3,3,16
4153115,2024-07-30,2026-09-10,3,2,15
4153116,2024-06-19,2026-07-13,1,3,11
4153117,2023-10-18,2025-07-09,3,3,44
4153120,2024-09-11,2026-08-20,3,3,119
4153124,2024-09-11,2026-08-19,3,3,106
4153138,2024-08-21,2026-08-26,3,3,200
4153140,2023-10-26,2025-07-25,3,3,525
4153142,2024-08-08,2026-08-25,3,3,50
4153143,2024-07-15,2026-07-07,2,3,16
4153144,2023-10-17,2025-08-12,0,3,18
4153145,2023-11-13,2025-07-11,3,3,11
4153146,2024-08-02,2026-07-13,1,1,25
4153147,2023-10-03,2025-08-12,3,1,16
4153148,2024-07-24,2026-08-07,3,3,149
4153149,2023-10-17,2025-07-16,3,3,27
4153150,2024-09-09,2024-09-09,2,2,32
4153151,2024-09-09,2026-08-07,3,3,72
4153152,2024-08-21,2026-07-28,1,3,13
4153153,2024-08-06,2026-07-14,3,3,31
4153154,2024-07-08,2024-07-08,2,2,11
4153155,2023-08-24,2025-06-16,3,3,22
4153156,2024-07-22,2024-07-22,3,3,112
4153157,2023-09-24,2025-10-02,3,3,157
4153158,2023-10-17,2025-07-11,3,3,18
4153159,2024-07-15,2026-09-03,3,3,43
4153160,2023-08-20,2025-07-17,3,3,113
4153161,2023-10-27,2025-07-15,3,3,11
4153164,2023-09-21,2025-06-16,3,3,226
4153165,2024-07-31,2026-07-10,1,1,26
4153166,2023-09-21,2025-07-16,3,3,356
4153168,2023-10-30,2025-07-31,1,3,24
4153169,2024-09-10,2026-07-17,3,3,16
4153170,2024-08-26,2026-07-17,3,0,12
4153171,2023-09-01,2025-08-18,1,1,32
4153172,2023-06-16,2025-08-18,3,3,21
4153173,2023-08-04,2025-09-02,3,1,63
4153174,2023-10-30,2026-08-21,1,3,78
4153175,2024-07-22,2026-08-07,3,3,38
4153176,2024-09-13,2024-09-13,3,3,103
4153178,2024-09-26,2026-08-21,1,3,24
4153179,2024-07-15,2026-08-06,3,3,61
4153180,2023-10-17,2025-09-10,1,3,40
4153181,2024-07-18,2026-08-15,3,3,71
4153182,2024-08-12,2026-07-31,3,3,15
4153183,2023-08-11,2025-10-03,1,1,18
4153184,2024-09-11,2026-07-28,3,3,24
4153185,2023-10-04,2025-10-02,3,3,63
4153186,2023-09-01,2025-09-11,3,3,35
4153187,2024-07-18,2026-08-07,3,3,85
4153188,2023-08-04,2025-09-11,0,3,33
4153189,2023-08-14,2025-09-02,3,3,174
4153190,2023-08-22,2025-08-18,3,3,75
4153192,2024-09-12,2024-09-12,3,3,157
4153194,2024-09-06,2026-07-23,3,3,24
4153195,2024-09-16,2026-07-23,3,3,20
4153196,2023-09-08,2025-08-21,1,3,16
4153199,2024-09-11,2026-08-21,3,3,62
4153207,2024-07-05,2026-09-14,3,3,193
4153208,2024-07-24,2026-08-25,3,3,130
4153209,2023-09-13,2025-09-10,3,3,48
4153210,2024-08-14,2026-08-28,3,3,48
4153211,2024-07-24,2026-08-28,3,3,48
4153212,2024-06-26,2024-06-26,3,3,44
4153213,2024-08-06,2026-09-04,3,3,149
4153214,2024-08-21,2024-08-21,3,3,70
4153215,2023-10-13,2025-12-02,3,3,12
4153217,2024-09-27,2026-08-25,1,3,57
4153218,2023-10-17,2025-08-01,1,1,17
4153219,2023-09-18,2025-09-12,3,3,64
4153220,2024-07-04,2026-09-04,3,3,91
4153221,2024-09-05,2026-09-14,3,3,68
4153222,2023-10-10,2025-09-30,0,3,105
4153223,2023-09-13,2025-09-10,3,3,62
4153224,2024-07-26,2026-08-27,3,3,52
4153225,2024-07-25,2026-08-27,3,3,58
4153226,2023-08-22,2025-09-11,3,3,105
4153229,2024-08-16,2026-09-14,3,3,128
4153230,2024-06-25,2026-09-15,3,3,196
4153231,2023-09-19,2025-08-18,3,3,96
4153232,2023-08-30,2025-09-11,3,3,63
4153233,2023-10-25,2025-09-10,3,3,74
4153234,2024-08-20,2026-09-22,3,3,82
4153235,2024-09-25,2026-07-17,0,3,15
4153236,2023-08-15,2025-09-08,3,3,85
4153237,2024-07-29,2026-09-03,3,3,88
4153300,2024-07-25,2026-08-06,3,3,59
4153334,2023-07-20,2025-07-18,3,3,42
4153335,2024-07-15,2026-06-09,3,3,37
4153336,2023-06-21,2025-11-26,3,3,64
4153337,2023-09-11,2025-11-06,1,3,10
4153338,2024-08-16,2026-07-15,3,3,150
4153339,2024-07-15,2026-07-15,3,3,25
4153340,2023-06-14,2025-09-09,1,3,15
4153341,2024-07-04,2026-06-26,1,3,10
4153342,2023-06-23,2025-09-09,3,3,168
4153343,2023-10-23,2025-07-28,3,3,15
4153344,2023-07-26,2025-07-28,1,3,19
4153345,2023-06-26,2025-08-26,3,3,113
4153347,2024-07-04,2026-06-25,1,3,14
4153348,2023-07-21,2025-09-12,3,1,16
4153349,2024-09-18,2026-08-12,3,3,130
4153350,2023-09-28,2025-09-12,3,1,97
4153351,2024-06-18,2026-07-06,1,3,20
4153353,2024-07-16,2026-08-06,3,3,29
4153354,2023-08-14,2026-08-04,1,3,19
4153355,2024-09-12,2026-08-12,3,3,96
4153356,2024-11-01,2026-08-11,3,3,47
4153357,2024-06-17,2026-06-30,3,3,34
4153358,2024-11-01,2026-08-11,3,3,24
4153359,2023-09-29,2025-11-14,3,3,68
4153360,2024-11-08,2026-08-25,3,3,39
4153361,2024-07-24,2026-08-25,3,3,51
4153362,2023-08-11,2025-08-27,3,3,41
4153363,2024-08-23,2026-07-22,3,3,24
4153364,2024-08-12,2026-07-22,3,3,24
4153366,2024-06-20,2026-07-22,3,3,40
4153367,2023-09-15,2025-07-17,3,3,18
4153369,2024-07-11,2026-07-23,3,3,18
4153370,2024-11-06,2026-07-24,3,3,52
4153371,2025-08-27,2025-08-27,3,3,48
4153372,2024-07-11,2026-08-13,3,3,49
4153373,2023-08-11,2025-08-08,3,3,49
4153374,2023-08-01,2025-11-14,3,3,89
4153375,2023-08-14,2025-11-13,3,3,59
4153376,2024-09-16,2026-09-03,3,3,305
4153377,2024-07-26,2026-08-27,3,3,232
4153378,2024-08-08,2026-09-15,3,3,150
4153379,2024-08-13,2026-09-11,3,3,103
4153380,2024-07-09,2026-09-11,3,3,46
4153381,2023-09-26,2025-07-25,3,3,166
4153382,2023-10-17,2025-07-21,3,3,128
4153385,2023-08-20,2025-07-29,3,3,196
4153386,2023-06-07,2025-11-10,3,3,61
4153389,2024-07-31,2026-09-09,3,3,205
4153394,2023-06-30,2025-07-31,3,3,60
4153395,2023-07-22,2025-11-13,3,3,76
4153396,2024-09-11,2026-08-17,1,3,50
4153397,2024-08-29,2026-09-14,3,3,53
4153399,2024-08-14,2026-09-14,3,3,256
4153400,2024-08-23,2026-08-27,3,1,26
4153401,2023-10-17,2025-07-29,3,3,180
4153402,2023-10-17,2025-07-23,3,3,139
4153403,2023-08-30,2025-07-25,3,3,284
4153404,2024-09-10,2026-09-22,1,3,17
4153406,2024-08-13,2024-08-13,3,3,20
4153407,2023-08-30,2025-07-28,3,3,11
4153408,2023-10-17,2025-07-25,3,3,257
4153409,2023-08-31,2025-07-29,3,3,24
4153412,2023-07-31,2025-09-22,0,3,24
4153413,2024-06-21,2024-06-21,3,3,268
4153414,2024-09-24,2024-09-24,3,3,86
4153415,2024-06-21,2024-06-21,3,3,120
4153416,2023-09-05,2026-08-21,3,3,77
4153417,2023-08-14,2025-09-22,3,3,28
4153418,2024-09-26,2026-07-17,0,0,16
4153419,2023-09-11,2025-08-18,3,3,189
4153420,2024-08-12,2026-07-16,3,3,18
4153421,2024-06-19,2026-07-16,3,3,69
4153422,2024-07-11,2026-07-22,3,3,97
4153423,2023-07-26,2025-11-19,3,3,388
4153430,2024-07-11,2026-07-22,2,3,20
4153431,2024-06-27,2024-06-27,2,2,77
4153434,2023-09-15,2026-07-13,3,3,174
4153435,2024-07-18,2026-08-12,3,0,16
4153436,2023-06-20,2025-10-22,3,3,19
4153437,2023-08-04,2025-12-05,1,3,22
4153439,2024-07-30,2026-07-30,3,3,121
4153440,2023-09-15,2025-10-24,3,3,12
4153441,2024-09-18,2026-07-30,3,1,10
4153442,2023-07-14,2025-10-24,3,3,23
4153443,2024-09-15,2024-09-15,3,3,241
4153444,2023-07-14,2025-06-30,3,3,132
4153445,2023-08-22,2025-11-06,3,3,102
4153446,2023-07-10,2025-11-04,3,3,11
4153448,2024-09-14,2026-08-12,3,3,15
4153450,2024-09-03,2026-08-18,3,3,75
4153453,2024-06-27,2026-09-08,3,3,16
4153454,2023-08-12,2025-09-29,3,3,145
4153455,2024-07-17,2026-09-08,3,3,42
4153456,2023-09-15,2025-06-30,3,3,72
4153457,2023-08-14,2025-10-06,3,3,138
4153458,2023-08-10,2025-10-02,3,3,50
4153460,2024-06-20,2024-06-20,3,3,101
4153461,2024-09-15,2026-07-06,3,3,447
4153462,2024-08-16,2026-08-17,3,3,340
4153463,2024-09-04,2026-07-30,3,3,17
4153465,2023-10-12,2025-08-18,3,3,11
4153467,2024-08-22,2026-09-09,3,3,336
4153468,2023-10-30,2025-08-18,3,3,62
4153469,2023-10-24,2025-09-25,3,3,326
4153470,2024-09-14,2026-07-30,1,3,67
4153471,2023-10-28,2025-11-14,3,3,118
4153472,2024-09-10,2024-09-10,3,3,128
4153473,2023-09-18,2025-11-14,3,3,25
4153474,2023-07-10,2025-11-18,3,3,92
4153475,2024-07-16,2026-08-30,3,3,76
4153476,2024-09-14,2026-08-30,3,3,375
4153477,2023-09-15,2025-11-14,1,3,35
4153478,2024-08-30,2026-08-12,3,3,82
4153479,2024-06-17,2026-07-30,3,3,72
4153480,2024-06-05,2026-07-09,3,3,154
4153484,2023-07-12,2025-11-18,3,3,50
4153486,2023-07-13,2025-11-07,1,3,96
4153487,2023-06-14,2025-10-02,3,2,37
4153488,2023-07-06,2025-11-14,3,3,47
4153492,2024-06-05,2024-06-05,3,3,45
4153493,2023-06-15,2025-10-07,3,3,47
4153494,2023-06-14,2025-10-07,3,3,45
4153495,2023-06-27,2025-10-07,3,3,27
4153496,2023-07-20,2025-11-14,3,3,30
4153497,2024-09-15,2024-09-15,1,1,88
4153498,2023-08-12,2025-11-14,3,3,61
4153499,2024-09-03,2026-08-24,3,3,212
4153501,2023-06-13,2025-11-12,3,3,102
4153502,2023-06-14,2026-09-11,3,3,15
4153503,2023-10-31,2025-12-14,3,3,15
4153504,2023-06-23,2025-11-06,3,3,26
4153505,2024-06-19,2026-08-25,3,3,48
4153506,2023-07-12,2025-11-20,3,1,27
4153507,2024-09-25,2024-09-25,3,3,16
4153508,2023-10-28,2025-11-14,3,3,427
4153509,2023-08-12,2025-11-25,3,3,71
4153510,2023-07-19,2025-11-14,3,3,76
4153511,2024-08-13,2024-08-13,3,3,107
4153512,2024-08-09,2026-09-10,3,3,32
4153513,2023-10-30,2025-11-14,3,3,60
4153514,2024-07-08,2026-09-15,3,3,172
4153515,2023-08-29,2025-11-18,3,3,35
4153516,2023-08-29,2025-10-02,3,3,250
4153517,2023-08-09,2025-10-02,3,3,147
4153518,2023-06-15,2025-11-18,3,3,37
4153519,2023-10-30,2025-11-18,3,3,65
4153521,2024-06-26,2026-09-15,3,3,79
4153522,2023-06-28,2025-06-30,3,3,56
4153523,2024-07-05,2026-07-22,3,3,95
4153524,2023-06-14,2025-11-07,3,3,22
4153525,2024-08-02,2024-08-02,3,3,39
4153526,2023-07-04,2025-11-20,3,3,116
4153527,2023-07-13,2025-06-19,2,3,48
4153528,2024-09-11,2026-08-19,3,3,76
4153529,2023-07-10,2025-11-21,3,3,221
4153530,2024-07-11,2024-07-11,3,3,212
4153531,2023-07-13,2025-07-04,3,3,419
4153532,2023-07-05,2025-07-04,3,3,82
4153533,2023-08-24,2025-06-20,3,3,101
4153534,2023-07-17,2025-11-19,3,3,35
4153535,2024-06-24,2026-08-31,3,3,77
4153536,2024-06-17,2024-06-17,3,3,35
4153537,2024-07-09,2024-07-09,3,3,260
4153540,2024-06-26,2026-09-22,3,3,411
4153541,2023-07-21,2025-06-16,3,3,84
4153542,2024-09-10,2026-08-25,1,3,24
4153544,2024-06-26,2024-06-26,3,3,262
4153545,2023-10-03,2025-06-19,3,3,28
4153547,2024-08-07,2026-09-12,3,3,26
4153548,2023-07-04,2025-11-20,3,3,561
4153551,2024-08-29,2026-08-05,0,0,21
4153552,2024-07-18,2026-07-20,3,3,36
4153553,2023-06-23,2025-10-02,3,3,15
4153554,2023-09-26,2025-07-29,3,3,135
4153556,2024-09-06,2024-09-06,3,3,32
4153559,2023-08-29,2025-07-24,3,3,251
4153560,2024-06-27,2024-06-27,1,1,82
4153565,2023-07-17,2025-10-23,3,3,52
4153566,2023-06-07,2025-11-06,3,3,44
4153567,2024-06-21,2024-06-21,3,3,20
4153568,2024-09-30,2024-09-30,3,3,16
4153569,2023-06-16,2025-10-23,3,3,60
4153571,2024-08-28,2026-07-09,1,3,260
4153572,2023-08-08,2025-12-05,3,3,155
4153573,2023-08-02,2026-07-13,3,3,200
4153574,2023-08-18,2025-10-07,3,3,29
4153576,2023-06-07,2025-12-01,3,3,29
4153577,2024-06-25,2026-08-04,3,3,41
4153578,2023-06-08,2025-11-06,3,3,25
4153579,2023-06-14,2025-10-17,3,3,16
4153580,2023-07-21,2025-06-19,3,1,15
4153581,2024-07-24,2024-07-24,3,3,81
4153582,2023-09-21,2025-11-18,3,3,26
4153583,2023-10-19,2025-12-04,1,3,38
4153584,2023-06-19,2025-10-30,3,3,67
4153585,2023-07-29,2025-06-30,3,3,260
4153586,2024-08-02,2024-08-02,3,3,13
4153587,2024-06-28,2024-06-28,3,3,32
4153588,2024-09-03,2026-08-20,3,3,48
4153589,2023-06-24,2025-11-03,3,3,48
4153590,2024-08-23,2026-08-06,3,3,48
4153592,2024-09-14,2026-08-21,1,0,15
4153593,2024-06-25,2026-08-12,3,3,279
4153594,2024-06-25,2026-08-12,3,3,279
4153595,2024-09-14,2026-09-22,3,3,231
4153596,2024-07-09,2024-07-09,3,3,69
4153597,2023-07-21,2025-11-04,3,2,38
4153598,2023-07-24,2025-11-25,3,3,381
4153599,2023-07-21,2025-11-25,3,3,239
4153600,2024-08-13,2026-09-08,3,3,239
4153601,2023-07-06,2025-11-13,3,3,568
4153602,2023-06-23,2025-10-16,3,3,239
4153603,2023-06-22,2025-06-30,3,3,41
4153604,2024-06-26,2026-08-04,3,3,48
4153605,2023-08-02,2025-06-20,3,3,54
4153606,2023-06-27,2025-06-27,3,3,287
4153607,2024-06-24,2026-07-24,3,3,291
4153608,2024-06-26,2026-08-05,3,3,69
4153609,2024-09-03,2026-08-24,0,3,11
4153610,2023-08-16,2025-07-16,3,3,200
4153612,2024-06-06,2026-08-06,3,3,31
4153613,2023-07-07,2025-11-06,3,1,24
4153614,2024-06-28,2026-08-07,1,3,39
4153615,2024-07-05,2026-08-07,3,3,131
4153616,2024-06-27,2026-08-13,3,3,32
4153617,2024-06-24,2026-08-10,3,3,23
4153618,2024-09-30,2026-08-11,3,3,21
4153619,2024-09-11,2026-08-11,2,0,23
4153620,2023-07-14,2025-12-05,3,3,14
4153621,2023-09-13,2025-11-18,1,3,17
4153622,2023-08-16,2025-12-01,0,2,13
4153623,2024-07-22,2026-08-11,3,3,34
4153624,2024-07-18,2026-08-12,3,3,16
4153625,2024-09-26,2026-08-19,3,3,29
4153626,2024-07-08,2026-07-22,3,3,40
4153628,2023-07-21,2025-11-18,3,3,77
4153630,2024-06-27,2026-09-14,3,3,21
4153631,2023-07-14,2025-12-05,3,3,19
4153632,2023-08-17,2025-12-11,3,3,51
4153633,2023-06-23,2025-10-06,3,3,177
4153637,2023-09-13,2025-10-06,1,3,25
4153638,2023-07-14,2025-10-07,3,3,14
4153639,2023-07-21,2025-12-09,3,3,42
4153640,2023-10-23,2025-11-06,1,2,12
4153644,2024-09-11,2026-08-31,3,3,30
4153645,2023-10-19,2025-11-07,3,3,45
4153646,2024-07-22,2026-08-31,3,3,139
4153648,2023-06-08,2025-11-28,3,3,15
4153650,2023-08-16,2025-11-18,1,1,15
4153652,2024-09-16,2024-09-16,1,1,31
4153655,2023-09-13,2025-11-18,1,3,174
4153656,2024-08-16,2024-08-16,3,3,98
4153657,2023-08-16,2025-10-07,3,3,11
4153658,2024-06-11,2024-06-11,3,3,109
4153659,2024-09-26,2026-08-17,3,3,350
4153660,2024-07-11,2026-09-16,3,3,24
4153661,2024-07-30,2024-07-30,3,3,53
4153662,2024-07-05,2026-07-24,1,3,18
4153663,2024-08-19,2026-07-02,3,3,27
4153664,2024-07-04,2026-07-24,3,3,17
4153665,2024-07-08,2026-07-28,3,3,20
4153666,2023-09-18,2025-10-15,0,3,27
4153667,2024-09-27,2026-09-15,3,3,16
4153668,2023-09-18,2025-10-15,0,3,29
4153669,2023-09-18,2025-10-15,0,3,29
4153670,2023-06-27,2025-10-15,1,3,16
4153671,2023-07-26,2025-07-21,1,3,16
4153673,2023-08-13,2025-11-03,1,3,30
4153674,2023-09-06,2025-11-28,3,3,13
4153675,2023-10-11,2025-10-03,3,3,24
4153676,2023-10-12,2025-07-16,0,3,15
4153677,2024-08-16,2026-08-15,3,3,44
4153678,2024-07-25,2026-08-07,3,3,62
4153679,2024-07-26,2026-08-05,3,3,60
4153680,2024-07-26,2026-08-05,3,3,94
4153681,2023-08-08,2025-10-02,1,1,24
4153682,2024-10-03,2026-09-18,3,3,48
4153683,2024-06-18,2026-09-10,3,3,36
4153684,2023-09-11,2025-07-24,3,3,31
4153685,2024-10-03,2026-09-11,0,3,10
4153687,2023-09-18,2025-11-03,0,3,16
4153688,2024-09-27,2026-09-16,3,3,19
4153689,2024-09-13,2026-08-12,3,3,115
4153690,2023-10-23,2025-07-16,3,3,75
4153691,2024-06-27,2026-08-06,3,3,15
4153692,2023-10-05,2025-11-24,3,3,11
4153693,2024-08-16,2026-08-19,3,3,15
4153694,2023-10-17,2025-07-21,3,3,15
4153695,2024-09-12,2026-08-20,3,3,24
4153696,2024-09-20,2026-09-22,3,3,21
4153697,2023-09-18,2025-11-24,0,1,36
4153698,2023-09-26,2025-11-25,3,3,38
4153699,2023-10-23,2025-09-16,3,3,66
4153700,2023-09-06,2025-10-24,1,3,12
4153701,2024-08-20,2026-09-01,3,3,48
4153702,2023-10-10,2025-11-28,3,3,30
4153703,2024-09-30,2026-09-09,2,3,28
4153704,2023-09-14,2025-06-30,1,3,48
4153705,2023-10-11,2025-08-26,3,3,174
4153706,2023-09-25,2025-06-27,0,3,42
4153707,2023-10-12,2025-07-03,0,3,36
4153708,2023-08-16,2025-08-21,1,3,55
4153709,2024-09-13,2026-09-01,3,3,38
4153711,2024-08-23,2026-08-20,1,3,68
4153712,2024-09-17,2026-07-29,3,3,138
4153713,2024-09-12,2026-07-20,3,3,90
4153714,2023-10-12,2025-07-17,0,3,108
4153715,2024-06-27,2026-07-29,3,3,38
4153716,2023-10-17,2025-11-24,3,3,50
4153717,2023-09-13,2025-11-25,3,3,97
4153720,2023-09-06,2025-09-19,1,3,48
4153721,2024-09-10,2026-09-01,3,3,38
4153722,2023-10-12,2025-07-03,0,3,147
4153723,2023-10-19,2025-07-08,0,3,38
4153724,2024-08-21,2026-07-21,3,3,16
4153726,2023-08-16,2025-08-25,3,3,111
4153727,2024-08-13,2026-08-26,1,3,14
4153728,2024-06-21,2026-09-16,3,3,25
4153729,2023-08-31,2025-09-12,3,3,192
4153730,2024-08-12,2026-08-13,3,3,39
4153731,2023-07-30,2025-07-23,3,3,105
4153733,2024-06-25,2026-07-14,3,3,19
4153734,2024-06-26,2026-08-06,3,3,36
4153735,2023-09-26,2025-10-02,3,3,53
4153736,2024-06-21,2026-06-22,2,3,61
4153737,2024-07-09,2026-07-30,3,3,28
4153738,2024-06-20,2026-06-22,3,3,66
4153739,2023-08-28,2025-08-18,3,0,34
4153740,2023-10-03,2026-08-07,2,3,37
4153742,2023-08-17,2025-08-13,3,3,25
4153743,2024-08-09,2024-08-09,3,3,267
4153744,2023-06-09,2025-11-17,3,3,411
4153745,2023-07-26,2025-11-18,3,3,245
4153746,2023-08-15,2025-11-18,3,3,163
4153747,2023-09-02,2025-07-23,3,3,71
4153748,2024-06-17,2026-08-14,0,3,39
4153749,2023-08-18,2025-08-13,1,3,49
4153750,2024-06-19,2026-06-26,3,3,307
4153751,2023-08-25,2025-11-28,0,1,36
4153752,2024-07-10,2026-07-22,3,3,25
4153753,2024-07-23,2026-07-06,1,3,167
4153755,2024-07-25,2026-09-17,3,3,109
4153756,2023-10-25,2025-11-28,3,3,47
4153757,2024-09-30,2026-07-20,3,3,29
4153758,2024-09-27,2026-08-28,3,3,272
4153759,2024-07-05,2024-07-05,3,3,202
4153760,2024-08-15,2026-09-15,3,3,155
4153761,2023-07-26,2025-11-10,2,3,38
4153762,2023-06-15,2025-11-26,3,3,263
4153763,2023-06-20,2025-07-28,3,3,286
4153764,2023-06-15,2025-11-25,3,3,48
4153766,2024-09-26,2026-08-27,1,0,14
4153767,2023-06-20,2025-07-23,3,3,266
4153768,2024-07-11,2026-08-11,3,3,371
4153769,2024-09-24,2026-08-11,3,3,313
4153770,2024-07-10,2026-07-10,1,3,30
4153771,2024-07-15,2026-09-04,3,3,401
4153772,2023-06-15,2025-11-25,3,3,366
4153773,2024-09-27,2026-07-30,3,3,28
4153774,2024-07-18,2026-06-30,3,2,31
4153775,2023-09-01,2025-12-05,1,3,26
4153777,2024-07-11,2026-07-13,2,1,23
4153779,2023-10-12,2025-11-19,3,3,127
4153781,2023-09-02,2025-07-17,3,3,162
4153782,2023-06-27,2025-07-18,3,3,575
4153784,2024-06-24,2026-06-24,3,3,31
4153785,2023-09-02,2025-11-20,3,3,121
4153786,2023-08-15,2025-10-17,3,3,29
4153787,2023-10-25,2025-11-10,3,3,15
4153788,2023-07-06,2025-10-30,3,3,48
4153789,2023-09-19,2025-10-28,3,3,26
4153790,2024-09-26,2026-08-20,3,3,57
4153791,2023-07-06,2025-10-21,1,3,52
4153792,2023-07-10,2025-10-21,3,3,57
4153793,2024-06-27,2026-08-11,3,3,108
4153794,2024-08-09,2026-08-06,3,3,54
4153795,2023-07-19,2025-10-21,3,3,54
4153798,2024-07-03,2026-08-21,3,3,56
4153799,2024-07-03,2026-09-14,3,3,81
4153800,2023-10-18,2025-11-26,3,3,382
4153801,2023-09-11,2025-08-26,3,3,266
4153802,2024-09-13,2026-09-08,3,3,125
4153803,2024-06-26,2026-09-09,3,3,83
4153804,2024-07-09,2026-07-07,3,3,99
4153805,2023-10-17,2025-11-21,1,2,24
4153806,2023-08-03,2025-10-30,3,3,224
4153807,2023-08-20,2025-11-28,3,3,185
4153808,2023-08-11,2025-10-29,3,3,36
4153809,2023-07-10,2025-10-21,3,3,51
4153810,2024-08-14,2026-08-12,3,3,72
4153811,2023-07-06,2025-10-20,3,3,90
4153812,2024-07-03,2026-08-18,3,3,44
4153813,2024-06-27,2026-08-19,3,3,65
4153814,2023-07-06,2025-11-07,1,3,149
4153815,2024-07-25,2026-09-15,3,3,148
4153819,2023-06-27,2025-11-10,3,3,52
4153820,2024-06-28,2026-09-16,3,3,145
4153821,2024-06-20,2026-09-18,3,3,91
4153822,2023-10-16,2025-11-21,3,3,228
4153825,2023-10-16,2025-11-12,3,3,205
4153826,2024-06-24,2024-06-24,3,3,211
4153828,2023-10-25,2025-09-29,3,3,65
4153829,2023-10-05,2025-10-01,3,3,109
4153830,2023-07-20,2025-10-01,3,3,188
4153831,2024-07-15,2026-08-25,1,3,37
4153833,2023-10-30,2025-11-28,3,3,75
4153835,2024-07-03,2026-08-26,3,1,28
4153836,2024-07-17,2026-08-27,3,3,160
4153837,2024-07-26,2026-09-01,3,3,40
4153838,2024-08-29,2026-09-04,3,3,47
4153839,2023-11-09,2025-10-28,3,3,39
4153840,2024-07-12,2026-09-18,3,3,88
4153844,2023-07-20,2025-10-22,3,3,15
4153845,2023-10-30,2025-10-20,3,3,50
4153846,2024-08-13,2026-07-27,3,3,52
4153847,2024-06-19,2026-07-16,3,3,155
4153848,2024-08-29,2026-09-02,1,3,31
4153849,2023-08-15,2025-10-02,3,3,250
4153850,2023-11-10,2025-11-19,3,3,23
4153851,2024-08-16,2026-07-29,3,3,26
4153852,2023-10-23,2025-11-19,3,3,26
4153853,2023-10-23,2025-11-19,3,3,27
4153854,2024-08-13,2026-08-05,3,3,32
4153855,2024-08-13,2026-08-05,3,3,32
4153856,2023-10-25,2025-11-19,3,3,18
4153857,2023-07-19,2025-11-28,1,3,105
4153858,2023-10-30,2025-10-17,1,3,48
4153859,2024-08-20,2026-09-16,3,3,41
4153860,2024-08-20,2026-09-10,3,3,31
4153862,2024-08-14,2026-09-10,3,3,32
4153863,2023-11-13,2025-10-17,3,3,17
4153864,2024-07-18,2026-08-21,3,3,37
4153865,2023-10-28,2025-11-10,3,3,41
4153866,2024-07-18,2026-08-21,3,3,28
4153867,2023-07-19,2025-12-11,3,3,110
4153869,2023-10-24,2025-10-29,3,3,32
4153870,2024-08-20,2026-08-05,3,3,74
4153872,2024-07-29,2026-08-17,3,3,30
4153873,2024-07-16,2024-07-16,3,3,95
4153874,2023-10-16,2025-11-12,3,3,97
4153875,2024-07-10,2024-07-10,3,3,100
4153876,2024-06-24,2024-06-24,3,3,180
4153877,2023-07-25,2025-06-18,3,3,80
4153878,2023-08-11,2025-06-18,3,3,47
4153879,2023-09-28,2025-06-18,3,3,50
4153880,2024-06-24,2026-09-21,3,3,13
4153881,2024-07-10,2026-09-21,2,3,59
4153882,2023-09-28,2025-09-18,3,3,54
4153883,2024-11-04,2024-11-04,3,3,60
4153884,2023-07-15,2025-10-08,2,3,63
4153885,2023-07-15,2025-10-08,3,3,63
4153886,2024-07-30,2026-08-06,3,3,118
4153887,2024-07-04,2026-08-06,3,3,118
4153888,2023-08-17,2025-11-24,2,3,79
4153889,2023-10-16,2025-09-11,3,3,45
4153890,2023-08-11,2025-09-11,3,3,49
4153891,2024-06-18,2024-06-18,3,3,49
4153892,2024-11-08,2024-11-08,3,3,56
4153893,2023-09-01,2025-10-22,3,3,73
4153894,2024-09-25,2026-07-29,3,3,55
4153895,2023-10-12,2025-11-24,1,3,31
4153896,2024-06-26,2026-07-09,3,3,60
4153897,2024-06-26,2026-07-15,3,3,54
4153898,2023-10-23,2025-11-25,3,3,24
4153899,2023-10-16,2025-11-25,3,3,32
4153900,2024-07-23,2026-07-23,3,3,36
4153901,2023-06-22,2025-09-16,3,3,15
4153902,2023-06-22,2025-09-16,3,3,19
4153903,2024-07-08,2026-07-28,3,3,10
4153904,2023-06-27,2025-09-20,3,3,32
4153905,2023-07-06,2025-07-17,1,3,32
4153906,2024-06-28,2026-08-17,3,3,20
4153907,2024-08-14,2024-08-14,3,3,12
4153908,2023-06-22,2025-09-20,1,3,14
4153909,2024-07-30,2026-07-13,3,3,62
4153910,2024-07-30,2026-07-10,3,3,57
4153911,2024-07-04,2026-07-10,3,3,22
4153912,2024-07-15,2026-08-05,0,3,36
4153913,2024-07-24,2026-09-01,3,3,60
4153914,2024-08-16,2026-08-05,1,3,35
4153915,2023-07-13,2025-09-29,3,3,20
4153916,2023-10-16,2025-09-29,1,3,19
4153917,2024-06-13,2026-07-30,2,3,13
4153918,2023-09-02,2025-09-25,1,3,13
4153919,2024-08-06,2026-09-21,3,3,15
4153920,2023-07-20,2025-09-30,2,3,24
4153921,2023-07-13,2025-09-30,3,3,42
4153922,2023-08-11,2025-10-01,3,3,12
4153923,2024-07-29,2024-07-29,3,3,87
4153924,2023-07-10,2025-10-01,3,3,60
4153925,2023-06-23,2025-10-01,3,3,46
4153926,2023-06-23,2025-07-29,3,3,122
4153927,2024-07-18,2026-08-27,3,3,48
4153928,2024-07-03,2026-09-10,3,3,157
4153929,2024-07-03,2026-08-27,3,3,157
4153930,2024-06-27,2026-09-10,3,3,173
4153931,2023-08-08,2025-11-04,3,3,235
4153932,2024-06-27,2026-09-03,3,3,235
4153933,2024-06-26,2026-08-12,3,0,29
4153934,2023-07-30,2025-11-04,3,3,39
4153935,2024-11-28,2026-09-17,3,3,34
4153936,2024-11-21,2026-08-17,3,3,33
4153937,2023-10-03,2025-10-09,3,3,41
4153938,2024-11-06,2026-09-22,3,3,44
4153939,2024-06-26,2026-09-15,3,3,32
4153940,2023-08-14,2025-11-05,3,3,32
4153941,2024-06-26,2026-09-15,3,3,32
4153942,2024-08-08,2026-09-10,3,3,41
4153943,2024-06-27,2026-08-13,3,3,33
4153944,2024-07-16,2026-08-12,3,3,28
4153945,2024-07-10,2026-08-25,3,3,31
4153946,2023-10-03,2025-07-29,1,1,17
4153947,2024-08-14,2026-09-18,3,3,42
4153948,2024-09-05,2026-07-23,3,3,91
4153949,2024-09-12,2024-09-12,3,3,65
4153950,2023-10-20,2025-06-27,2,3,11
4153951,2023-08-21,2025-06-27,3,3,25
4153952,2024-08-07,2026-08-20,3,3,60
4153953,2024-08-27,2026-08-19,3,3,102
4153954,2023-08-15,2025-10-24,3,3,138
4153955,2024-07-22,2026-09-04,3,3,138
4153956,2024-07-05,2024-07-05,3,3,155
4153957,2023-10-19,2025-06-27,3,3,210
4153958,2023-07-09,2025-09-17,3,3,78
4153959,2023-09-01,2025-09-17,3,3,78
4153960,2023-10-18,2025-09-18,3,3,70
4153961,2023-10-16,2025-06-30,3,3,87
4153962,2024-09-23,2026-07-31,1,3,57
4153963,2023-10-04,2025-11-26,1,1,36
4153964,2024-08-15,2026-08-10,3,3,40
4153965,2023-08-24,2025-11-26,3,1,12
4153966,2024-07-03,2024-07-03,3,3,62
4153967,2024-07-09,2024-07-09,3,3,52
4153968,2023-08-02,2025-11-29,3,1,53
4153969,2023-07-08,2025-11-29,3,3,229
4153970,2023-08-10,2025-11-25,3,3,76
4153971,2024-07-19,2026-08-21,3,3,31
4153972,2024-08-22,2026-08-20,3,3,36
4153973,2024-09-11,2026-09-18,3,3,83
4153974,2024-07-22,2024-07-22,3,3,114
4153977,2023-09-05,2025-10-28,3,3,125
4153978,2024-08-15,2026-09-17,3,3,64
4153979,2023-10-17,2025-09-08,3,3,52
4153980,2023-08-30,2025-09-08,3,3,87
4153981,2023-07-31,2025-07-09,3,3,110
4153982,2024-09-24,2024-09-24,3,3,111
4153983,2023-08-29,2025-07-09,0,3,62
4153984,2023-08-09,2025-11-25,3,3,85
4153985,2023-08-29,2025-10-28,3,3,104
4153986,2024-07-23,2026-08-10,3,3,138
4153988,2023-08-04,2025-11-05,3,3,10
4153989,2023-10-16,2025-11-13,3,3,33
4153990,2024-09-20,2024-09-20,3,3,18
4153991,2023-10-16,2025-09-16,3,3,18
4153992,2024-11-07,2026-08-19,3,3,29
4153993,2023-09-14,2025-07-30,3,3,18
4153994,2023-11-06,2025-11-06,3,3,40
4153995,2023-07-18,2025-10-07,3,3,10
4153996,2023-06-27,2025-10-07,3,3,10
4153997,2023-06-27,2025-10-07,3,3,10
4153998,2024-07-18,2026-07-21,3,3,10
4153999,2023-07-18,2025-10-14,2,3,10
4154000,2024-08-11,2026-07-21,3,3,10
4154001,2023-10-13,2025-08-27,3,3,31
4154002,2024-07-26,2026-08-13,3,3,21
4154003,2023-11-06,2025-10-23,3,3,21
4154004,2024-09-26,2026-08-20,3,3,18
4154005,2024-07-08,2026-07-14,2,3,40
4154006,2023-09-07,2025-08-27,1,1,13
4154007,2023-07-28,2025-07-03,3,3,22
4154008,2023-10-16,2025-06-26,1,3,172
4154009,2023-10-12,2025-08-12,3,3,21
4154010,2023-09-11,2025-12-03,3,3,319
4154011,2023-09-08,2025-08-12,3,3,109
4154012,2024-08-16,2024-08-16,3,3,458
4154013,2023-08-03,2025-12-03,3,3,36
4154014,2024-07-24,2024-07-24,2,2,12
4154015,2024-09-11,2026-09-01,1,3,17
4154016,2024-07-24,2024-07-24,3,3,26
4154019,2023-07-26,2025-06-17,3,3,63
4154020,2024-06-24,2026-09-10,3,3,50
4154021,2024-07-29,2024-07-29,3,3,64
4154022,2024-07-16,2024-07-16,3,3,46
4154023,2023-07-21,2025-06-16,3,3,46
4154024,2024-09-04,2024-09-04,3,3,41
4154025,2023-09-05,2025-06-20,3,3,272
4154026,2023-07-27,2025-07-09,3,3,39
4154027,2023-07-17,2025-06-17,3,3,41
4154028,2023-07-20,2025-06-17,3,3,41
4154029,2023-10-16,2025-08-11,3,3,26
4154030,2024-08-08,2026-09-09,3,3,25
4154031,2024-08-20,2024-08-20,1,1,27
4154032,2024-08-06,2026-06-25,1,0,27
4154034,2024-10-03,2026-08-05,3,3,122
4154035,2023-08-28,2025-08-13,3,3,132
4154036,2024-06-25,2026-08-05,3,3,102
4154037,2023-09-22,2025-08-05,3,3,584
4154038,2023-09-22,2025-11-03,3,3,43
4154039,2024-06-17,2026-07-08,1,3,46
4154040,2024-08-29,2026-07-15,3,3,34
4154041,2023-09-13,2025-09-16,1,1,62
4154042,2024-07-23,2026-08-26,3,3,66
4154043,2023-09-29,2025-10-20,3,3,67
4154044,2024-06-14,2026-05-28,3,1,332
4154045,2023-08-14,2025-08-29,3,3,164
4154047,2023-09-10,2025-09-10,1,3,58
4154048,2024-07-09,2024-07-09,3,3,60
4154049,2023-08-29,2025-11-12,3,2,84
4154050,2024-08-20,2026-08-10,3,2,106
4154051,2024-09-30,2026-09-01,3,3,49
4154054,2024-06-18,2026-08-19,3,3,56
4154055,2023-09-30,2025-09-25,3,3,108
4154056,2024-09-27,2026-08-10,3,3,121
4154057,2024-06-25,2026-08-19,3,3,84
4154059,2023-10-04,2025-11-18,3,3,57
4154061,2024-09-17,2026-09-21,3,3,127
4154062,2023-06-17,2025-11-05,1,1,16
4154063,2023-09-27,2025-11-20,1,3,15
4154064,2024-07-03,2026-09-10,3,3,84
4154065,2023-08-08,2025-12-10,3,3,31
4154066,2023-06-17,2025-11-05,3,3,34
4154067,2023-09-26,2025-11-05,1,1,31
4154068,2024-07-03,2026-09-10,2,3,109
4154069,2024-06-27,2026-07-07,3,3,56
4154070,2024-08-29,2026-09-09,3,3,78
4154071,2023-09-18,2025-11-25,0,3,59
4154073,2023-10-17,2025-08-21,1,3,12
4154075,2024-08-28,2026-09-09,3,3,234
4154076,2024-10-03,2026-09-14,3,3,383
4154077,2023-08-16,2025-08-20,3,3,303
4154078,2024-09-26,2026-08-24,3,3,235
4154079,2024-09-11,2026-08-17,3,3,20
4154080,2024-07-04,2026-07-22,3,3,200
4154081,2024-06-20,2026-07-06,3,3,304
4154082,2024-08-20,2026-08-13,3,3,61
4154084,2024-06-28,2024-06-28,3,3,42
4154085,2024-06-10,2026-08-17,3,3,44
4154086,2024-06-18,2024-06-18,3,3,254
4154087,2024-07-09,2026-08-24,3,3,30
4154088,2024-09-04,2026-08-26,3,3,82
4154089,2023-10-11,2025-11-07,3,3,29
4154090,2024-09-25,2026-09-02,3,3,83
4154091,2023-08-24,2025-07-31,1,3,30
4154092,2024-09-18,2026-07-22,3,3,37
4154093,2024-07-08,2026-07-29,3,3,160
4154095,2023-10-11,2025-07-17,3,3,47
4154096,2024-09-30,2026-07-29,1,1,45
4154097,2023-08-30,2025-11-19,3,2,33
4154098,2023-08-15,2025-07-16,3,3,38
4154099,2023-08-24,2025-07-31,3,3,40
4154100,2023-08-16,2025-07-30,3,1,40
4154101,2023-08-09,2025-11-07,3,3,153
4154102,2023-10-11,2025-07-08,3,3,48
4154103,2024-06-28,2024-06-28,3,3,57
4154104,2023-08-17,2025-07-02,3,3,17
4154105,2024-09-05,2024-09-05,3,3,34
4154106,2023-06-22,2025-07-02,3,1,26
4154107,2024-06-24,2026-07-22,3,3,41
4154108,2023-08-16,2025-11-28,0,2,34
4154109,2023-08-17,2025-10-07,3,3,41
4154110,2024-09-05,2024-09-05,3,3,50
4154111,2023-08-09,2025-07-02,3,3,129
4154112,2024-07-05,2026-08-10,3,3,155
4154113,2024-09-30,2026-09-22,3,3,118
4154114,2023-09-10,2025-11-12,1,3,86
4154115,2024-07-18,2026-07-29,3,3,73
4154116,2024-06-06,2024-06-06,3,3,160
4154117,2023-07-14,2025-07-31,3,3,118
4154118,2024-08-15,2026-09-10,3,3,88
4154119,2023-09-22,2025-06-16,1,3,121
4154120,2024-09-13,2024-09-13,3,3,75
4154121,2024-06-27,2026-09-02,3,3,28
4154122,2024-09-04,2026-08-18,3,3,49
4154123,2024-09-27,2026-08-31,1,1,49
4154124,2024-08-15,2026-08-17,1,1,48
4154125,2024-08-14,2024-08-14,3,3,33
4154126,2023-07-27,2025-07-31,3,3,81
4154127,2023-09-13,2025-07-31,3,3,94
4154128,2023-08-15,2025-07-31,3,3,140
4154129,2023-08-09,2025-07-02,3,3,84
4154130,2024-09-04,2026-08-10,3,3,173
4154131,2023-08-02,2025-09-03,3,3,26
4154132,2023-07-21,2025-07-31,3,3,134
4154133,2023-08-02,2025-07-31,3,3,27
4154134,2023-09-13,2025-07-31,3,3,152
4154135,2024-09-25,2026-08-31,3,3,212
4154136,2023-07-27,2025-07-31,3,3,213
4154137,2023-08-02,2025-11-06,3,3,38
4154138,2024-07-05,2024-07-05,3,3,44
4154139,2023-07-07,2025-07-31,3,3,110
4154140,2024-06-18,2024-06-18,3,3,109
4154142,2024-07-05,2026-09-08,3,3,38
4154144,2023-11-06,2025-12-10,3,3,77
4154145,2023-08-03,2025-07-25,3,3,77
4154146,2024-08-08,2026-09-11,3,3,77
4154147,2023-11-01,2025-07-25,3,3,82
4154148,2023-08-03,2025-07-25,3,3,76
4154149,2024-07-26,2026-09-17,3,3,86
4154150,2023-10-28,2025-08-12,3,3,287
4154151,2023-10-28,2025-09-05,3,3,380
4154152,2024-09-18,2024-09-18,3,3,474
4154153,2024-07-31,2024-07-31,3,3,400
4154154,2023-10-28,2025-09-17,3,3,279
4154155,2023-11-07,2025-10-17,3,3,332
4154156,2024-08-27,2024-08-27,3,3,314
4154157,2023-11-07,2025-09-10,3,3,308
4154158,2023-09-22,2025-09-10,3,3,319
4154159,2023-09-15,2025-10-08,3,3,500
4154160,2023-10-28,2025-12-09,3,3,71
4154161,2024-09-09,2024-09-09,3,3,64
4154162,2023-09-14,2025-09-17,3,3,71
4154163,2024-08-20,2024-08-20,3,3,57
4154164,2024-08-20,2024-08-20,3,3,57
4154165,2023-10-02,2025-09-05,3,3,90
4154166,2023-08-03,2025-08-12,3,3,60
4154168,2024-08-02,2024-08-02,3,3,70
4154169,2023-08-29,2025-11-28,3,3,62
4154170,2024-07-05,2026-08-14,3,3,60
4154171,2024-07-05,2026-09-11,3,3,60
4154172,2024-08-13,2026-08-07,3,3,60
4154173,2023-10-03,2025-08-12,3,3,60
4154174,2023-09-05,2025-11-28,3,3,109
4154175,2024-08-16,2026-08-19,3,3,219
4154176,2024-09-24,2026-07-03,0,3,350
4154177,2024-07-11,2026-09-08,3,3,15
4154179,2024-08-08,2026-09-08,3,3,13
4154180,2023-07-11,2025-09-02,3,3,69
4154181,2023-09-21,2025-09-02,3,3,19
4154182,2024-06-06,2026-08-21,3,3,19
4154183,2023-07-11,2025-09-02,3,3,38
4154184,2024-08-15,2026-09-10,3,3,105
4154185,2023-08-03,2025-08-06,1,3,14
4154186,2024-06-06,2026-07-07,3,3,48
4154187,2023-10-28,2025-08-06,3,3,34
4154188,2023-09-07,2025-10-28,2,3,13
4154189,2023-10-05,2025-08-06,1,3,10
4154190,2024-07-03,2026-08-24,3,3,88
4154191,2023-07-11,2025-09-11,1,3,26
4154192,2024-07-19,2026-07-17,3,3,49
4154193,2024-07-19,2026-07-17,3,3,50
4154194,2024-09-19,2026-09-17,3,3,12
4154195,2023-09-28,2025-09-29,3,3,16
4154196,2024-09-16,2026-08-14,3,1,12
4154197,2023-09-26,2025-10-28,1,2,16
4154198,2023-09-22,2025-09-29,3,3,24
4154199,2023-07-28,2025-12-01,1,2,23
4154200,2024-08-11,2026-08-21,3,3,21
4154201,2024-08-20,2026-08-14,3,3,43
4154202,2023-07-10,2025-09-22,3,3,44
4154203,2023-07-28,2025-09-22,3,3,37
4154204,2023-07-10,2025-09-22,1,3,18
4154205,2023-11-07,2025-09-11,3,3,27
4154206,2024-08-09,2026-09-11,1,3,20
4154207,2024-07-22,2026-09-08,3,3,112
4154208,2024-07-26,2024-07-26,3,3,32
4154209,2023-10-28,2025-11-06,3,3,31
4154210,2023-10-16,2025-11-06,3,3,31
4154211,2023-10-25,2025-11-07,3,2,10
4154212,2024-07-26,2026-08-11,1,3,11
4154213,2024-09-27,2026-08-27,1,1,10
4154214,2023-10-27,2025-11-07,3,3,10
4154215,2024-07-26,2024-07-26,3,3,10
4154216,2024-06-24,2026-08-19,3,3,10
4154217,2024-07-26,2026-07-31,1,3,10
4154218,2024-08-07,2026-07-27,3,3,71
4154219,2023-10-13,2025-11-20,3,3,30
4154220,2024-06-21,2026-08-19,3,3,223
4154221,2023-09-08,2025-10-16,3,3,263
4154222,2024-06-21,2026-08-19,3,3,262
4154223,2023-09-08,2025-10-16,3,3,466
4154224,2023-10-20,2025-10-15,3,3,115
4154226,2023-09-06,2025-10-09,3,3,204
4154228,2024-07-26,2024-07-26,3,3,52
4154229,2023-10-13,2025-08-08,3,3,144
4154230,2023-10-05,2025-10-23,3,3,156
4154231,2024-08-08,2026-09-21,3,3,153
4154232,2024-07-23,2026-09-10,3,3,183
4154233,2024-08-08,2026-09-21,3,3,164
4154234,2024-07-26,2026-09-02,3,3,171
4154235,2024-06-25,2026-09-01,3,3,137
4154236,2024-06-25,2026-09-01,3,3,32
4154237,2023-10-28,2025-10-17,3,3,109
4154238,2023-10-19,2025-10-15,3,3,118
4154239,2024-06-26,2024-06-26,3,3,198
4154243,2024-06-24,2024-06-24,3,3,27
4154244,2023-10-10,2025-09-26,3,3,117
4154246,2023-10-31,2025-10-10,3,3,258
4154247,2024-09-18,2026-08-19,3,3,121
4154248,2023-09-06,2025-10-14,3,3,263
4154249,2023-09-11,2025-10-20,3,3,90
4154250,2023-10-20,2025-11-02,3,3,114
4154251,2023-10-31,2025-10-14,3,3,166
4154253,2023-10-23,2025-08-07,3,3,55
4154254,2024-09-27,2026-08-17,3,3,59
4154255,2024-09-27,2026-08-07,3,1,57
4154256,2024-09-27,2026-08-07,3,1,57
4154257,2023-10-06,2025-08-08,3,3,10
4154258,2024-06-24,2026-08-17,3,3,12
4154259,2023-10-20,2025-10-10,3,3,176
4154260,2024-07-31,2026-08-07,3,3,16
4154261,2024-08-07,2026-06-23,3,3,138
4154262,2024-08-06,2026-06-26,3,3,428
4154263,2023-10-26,2025-10-09,3,3,151
4154264,2023-10-31,2025-10-09,3,3,323
4154265,2024-06-28,2026-07-17,3,3,167
4154266,2023-10-31,2025-10-08,3,3,169
4154267,2024-07-02,2024-07-02,3,3,356
4154268,2023-10-28,2025-10-21,3,3,291
4154270,2024-07-05,2026-07-07,3,3,97
4154271,2024-07-05,2024-07-05,3,3,163
4154272,2023-10-27,2025-10-28,3,3,40
4154273,2023-10-31,2025-10-08,3,3,133
4154274,2023-08-11,2025-08-08,3,3,15
4154275,2024-08-08,2026-07-14,3,3,148
4154276,2024-08-20,2024-08-20,3,3,75
4154277,2024-08-07,2024-08-07,3,3,96
4154278,2024-08-06,2024-08-06,3,3,113
4154279,2023-07-23,2025-11-10,3,3,187
4154280,2023-09-01,2025-11-10,3,3,42
4154281,2023-06-29,2025-11-10,3,3,42
4154282,2023-06-29,2025-11-10,3,3,51
4154283,2024-06-21,2026-07-29,3,3,52
4154284,2024-06-24,2026-07-30,3,3,42
4154285,2024-06-24,2026-08-06,1,3,43
4154286,2024-08-21,2026-07-21,3,3,110
4154287,2024-07-23,2026-08-11,1,3,10
4154289,2024-06-11,2026-08-15,1,2,22
4154290,2024-07-09,2026-08-21,3,3,89
4154291,2024-07-03,2026-07-27,3,3,93
4154292,2024-07-03,2026-07-27,3,3,71
4154293,2023-06-29,2025-11-13,3,3,57
4154294,2024-07-05,2026-07-31,3,3,53
4154295,2023-06-29,2025-11-13,3,3,47
4154296,2024-07-05,2026-08-15,3,3,60
4154297,2024-08-08,2026-07-30,1,2,19
4154298,2023-09-14,2025-09-26,3,2,24
4154299,2023-10-31,2025-11-18,3,3,350
4154300,2023-07-26,2025-11-13,1,3,47
4154301,2024-09-17,2026-08-28,3,3,47
4154302,2024-06-18,2026-07-21,3,1,11
4154303,2023-10-23,2025-10-23,1,3,11
4154304,2023-09-08,2025-11-13,2,3,12
4154305,2023-08-11,2025-11-13,3,3,12
4154306,2024-07-10,2026-08-04,1,3,12
4154307,2024-07-10,2026-08-04,1,3,12
4154308,2023-10-27,2025-11-13,0,3,12
4154309,2024-09-04,2026-07-28,3,3,10
4154310,2023-09-22,2025-11-13,0,3,26
4154311,2024-07-12,2026-08-21,1,1,23
4154312,2024-07-12,2026-09-21,1,3,39
4154313,2023-07-28,2025-11-13,3,3,12
4154314,2023-08-11,2025-11-14,3,3,11
4154315,2024-09-03,2026-09-16,3,3,12
4154316,2024-07-08,2026-09-02,1,1,11
4154317,2024-07-08,2026-08-24,3,3,21
4154318,2023-07-07,2025-11-14,3,3,21
4154319,2024-07-15,2026-08-27,1,2,21
4154320,2024-06-20,2026-07-08,3,3,23
4154321,2024-07-15,2026-08-24,3,3,33
4154322,2024-07-15,2026-07-13,3,3,364
4154323,2023-08-24,2025-10-24,1,3,19
4154324,2024-07-24,2026-07-29,3,3,32
4154325,2023-07-20,2025-10-22,3,3,28
4154326,2024-07-15,2026-07-15,3,3,29
4154327,2024-07-24,2026-07-14,1,1,30
4154328,2023-08-31,2025-10-24,3,3,34
4154329,2023-09-14,2025-10-24,3,3,70
4154330,2024-08-08,2026-07-20,1,3,102
4154331,2023-08-03,2025-10-24,3,3,105
4154333,2024-07-26,2026-07-15,3,3,206
4154335,2024-07-22,2026-08-17,3,3,29
4154336,2023-06-22,2025-11-14,3,3,12
4154337,2023-06-22,2025-11-14,3,3,12
4154338,2023-06-22,2025-11-24,3,3,95
4154339,2024-07-24,2026-08-13,3,3,57
4154340,2023-08-31,2025-11-25,3,1,100
4154341,2024-07-29,2026-07-29,1,1,92
4154342,2024-06-10,2026-08-05,3,3,87
4154343,2023-07-27,2025-11-28,2,3,12
4154344,2024-07-29,2026-08-05,1,3,76
4154345,2023-09-29,2025-11-24,2,3,95
4154346,2023-08-10,2025-11-24,2,3,76
4154347,2024-08-08,2026-08-13,3,1,34
4154348,2023-06-22,2025-11-24,3,3,12
4154349,2023-09-22,2025-11-24,0,3,12
4154350,2024-08-08,2026-08-12,3,1,12
4154351,2023-10-06,2025-11-25,2,3,10
4154352,2023-10-06,2025-11-25,2,3,10
4154353,2023-06-22,2025-11-25,3,3,11
4154354,2024-06-14,2026-09-18,1,2,11
4154355,2024-07-19,2026-07-14,1,1,17
4154356,2023-06-23,2025-11-21,3,3,207
4154357,2024-07-25,2026-07-08,1,3,11
4154358,2024-07-25,2026-08-24,1,3,11
4154359,2023-06-23,2025-11-26,3,3,11
4154360,2023-06-23,2025-11-26,1,3,11
4154361,2024-07-19,2026-09-21,3,2,11
4154362,2023-09-29,2025-11-26,3,3,11
4154363,2023-09-20,2025-07-17,1,3,12
4154364,2024-07-16,2026-08-14,3,3,12
4154365,2024-07-16,2026-08-14,3,3,11
4154366,2024-07-16,2026-08-13,3,3,11
4154367,2023-09-13,2026-08-14,3,3,11
4154368,2024-08-16,2026-08-11,3,3,11
4154369,2024-08-16,2026-08-11,3,3,11
4154370,2024-07-16,2026-07-16,3,3,12
4154371,2023-09-15,2025-07-22,1,1,12
4154372,2023-08-16,2025-07-22,3,3,26
4154373,2024-07-17,2026-08-19,3,3,26
4154374,2024-08-07,2026-08-19,1,3,11
4154375,2023-07-28,2025-07-18,3,3,11
4154376,2024-09-20,2026-08-28,1,1,16
4154377,2024-07-08,2026-08-25,3,3,36
4154378,2024-07-08,2026-08-25,3,3,23
4154379,2023-08-01,2025-07-17,3,3,44
4154380,2024-07-16,2026-08-26,3,3,50
4154381,2024-09-19,2026-09-01,3,3,50
4154382,2023-09-21,2025-06-12,3,3,80
4154383,2023-09-13,2025-06-12,3,3,61
4154384,2024-08-15,2026-08-24,3,3,42
4154385,2023-07-10,2025-06-16,3,3,42
4154386,2023-07-11,2025-06-16,3,3,21
4154387,2023-07-11,2025-06-16,3,3,55
4154388,2023-10-16,2025-06-13,3,3,55
4154389,2023-09-29,2025-06-13,3,3,42
4154390,2023-10-19,2025-06-13,3,3,40
4154391,2023-10-19,2025-06-13,3,3,42
4154392,2024-08-15,2026-09-02,3,3,66
4154393,2023-07-18,2025-06-13,1,3,35
4154394,2023-07-18,2025-06-13,1,3,82
4154395,2023-07-18,2025-06-12,1,3,36
4154396,2023-08-29,2025-06-12,3,3,84
4154397,2023-07-10,2025-06-12,3,3,81
4154398,2023-08-29,2025-06-12,3,3,86
4154399,2024-07-17,2026-09-03,3,3,85
4154400,2024-07-09,2026-07-28,3,3,294
4154401,2023-06-27,2025-08-14,1,3,12
4154402,2024-07-09,2026-08-07,1,2,12
4154403,2024-07-09,2026-08-07,1,2,12
4154404,2024-07-09,2026-09-18,3,3,39
4154405,2024-07-04,2026-08-21,3,3,124
4154406,2024-07-04,2024-07-04,3,3,27
4154407,2023-09-20,2025-09-19,3,3,229
4154409,2023-09-18,2025-10-08,1,1,118
4154410,2024-08-13,2026-09-20,3,3,121
4154411,2023-08-01,2025-07-29,3,3,41
4154412,2024-07-16,2024-07-16,3,3,27
4154413,2024-07-25,2026-08-11,3,0,12
4154414,2023-08-16,2026-08-19,1,3,12
4154415,2023-07-13,2026-08-14,1,3,11
4154416,2023-07-13,2025-07-29,3,3,12
4154417,2023-08-01,2025-07-29,3,3,54
4154418,2024-07-03,2026-08-18,1,3,12
4154419,2024-07-25,2026-07-21,1,3,12
4154420,2024-08-28,2026-08-06,1,0,30
4154421,2024-08-20,2026-07-30,1,1,11
4154422,2023-06-27,2026-08-18,1,3,11
4154423,2024-07-08,2026-07-29,3,3,11
4154424,2024-09-11,2026-08-20,2,1,11
4154425,2024-07-18,2026-08-19,2,3,11
4154426,2023-07-28,2025-07-30,3,3,12
4154427,2023-07-12,2025-07-31,3,0,12
4154428,2023-08-04,2025-07-28,3,3,11
4154429,2023-08-04,2025-07-28,3,3,11
4154430,2024-08-16,2026-09-14,3,3,11
4154431,2023-08-04,2025-07-28,3,3,11
4154432,2024-07-19,2026-09-14,3,3,11
4154433,2024-08-16,2026-09-14,3,3,11
4154434,2023-07-31,2025-10-06,3,3,159
4154435,2023-09-18,2025-10-06,3,3,158
4154436,2024-09-05,2026-09-18,3,3,159
4154437,2023-07-12,2025-09-18,3,1,12
4154438,2023-07-14,2025-09-24,1,3,11
4154439,2024-09-03,2026-08-20,1,1,11
4154440,2023-07-14,2026-09-13,1,3,41
4154441,2023-07-13,2025-07-31,1,1,12
4154442,2024-07-18,2024-07-18,3,3,39
4154443,2024-07-03,2026-08-20,3,1,31
4154444,2024-07-10,2026-08-27,3,3,59
4154445,2024-07-11,2026-08-25,3,3,40
4154446,2023-07-07,2025-06-24,3,3,71
4154447,2024-09-04,2026-08-27,3,3,71
4154448,2023-07-07,2025-06-24,3,3,99
4154449,2024-07-04,2026-08-27,3,3,100
4154450,2024-07-12,2026-09-15,3,3,87
4154451,2024-07-17,2026-09-21,3,3,61
4154452,2023-09-29,2025-07-14,3,3,46
4154453,2024-07-18,2026-09-15,3,3,40
4154454,2024-07-18,2024-07-18,3,3,40
4154455,2024-07-18,2026-08-27,3,3,141
4154456,2023-08-29,2025-10-07,1,3,258
4154457,2024-09-04,2026-08-27,3,3,181
4154459,2023-08-09,2025-07-21,3,3,48
4154461,2024-07-18,2024-07-18,3,3,61
4154462,2024-08-07,2024-08-07,3,3,92
4154463,2023-09-26,2025-09-08,2,3,92
4154464,2023-08-18,2025-08-11,3,3,57
4154465,2023-08-11,2025-08-11,3,3,238
4154467,2023-10-23,2025-09-19,3,3,59
4154468,2024-08-23,2026-07-09,3,3,60
4154469,2023-09-18,2025-08-05,2,3,53
4154470,2024-07-22,2026-09-10,3,1,44
4154471,2024-07-29,2026-09-10,3,3,79
4154472,2023-09-18,2025-10-22,2,3,177
4154473,2023-10-26,2025-10-08,3,3,370
4154474,2023-09-21,2025-10-17,3,3,370
4154475,2023-10-06,2025-10-17,3,3,370
4154476,2024-07-15,2024-07-15,3,3,370
4154479,2023-09-11,2025-11-02,3,3,390
4154480,2024-09-06,2026-08-05,3,3,149
4154481,2024-08-08,2026-08-27,3,3,117
4154482,2024-06-26,2026-07-29,3,3,25
4154483,2024-08-07,2026-08-26,3,3,187
4154484,2024-08-08,2026-09-02,3,3,133
4154486,2024-08-26,2026-09-03,3,3,31
4154487,2024-09-16,2026-09-16,3,3,10
4154488,2024-07-03,2026-06-25,3,3,10
4154489,2023-09-22,2025-08-11,3,3,10
4154490,2024-08-20,2026-08-06,1,3,43
4154491,2023-10-12,2025-12-03,3,3,42
4154492,2024-06-21,2025-12-03,1,3,26
4154493,2024-08-21,2026-08-25,1,3,20
4154494,2023-09-11,2025-07-09,3,3,258
4154495,2024-07-16,2026-08-19,3,3,202
4154496,2024-06-18,2026-08-11,3,3,287
4154497,2023-10-06,2025-09-25,0,3,15
4154498,2024-07-26,2026-08-06,3,3,15
4154499,2023-08-08,2025-12-08,3,3,47
4154500,2023-09-22,2025-09-15,3,3,10
4154501,2023-09-24,2025-09-15,3,3,12
4154502,2023-08-22,2026-07-29,2,3,11
4154503,2023-07-09,2025-09-11,3,3,34
4154504,2024-07-15,2026-07-30,3,3,10
4154505,2023-10-03,2025-10-29,1,1,10
4154506,2023-07-27,2025-10-29,3,3,10
4154507,2023-09-20,2025-10-29,2,3,11
4154508,2023-07-27,2025-10-29,3,3,11
4154509,2024-07-26,2026-07-29,3,3,10
4154510,2023-09-20,2025-10-29,1,3,10
4154511,2023-10-25,2025-10-30,3,1,11
4154512,2023-07-28,2026-08-04,1,3,15
4154513,2024-07-26,2026-06-26,3,3,13
4154514,2023-07-28,2025-09-11,1,3,12
4154515,2023-08-24,2025-09-11,1,3,12
4154516,2024-08-21,2026-07-30,3,3,11
4154517,2023-10-17,2025-11-26,1,3,11
4154518,2023-10-17,2025-07-09,1,3,11
4154519,2024-06-18,2026-08-07,3,3,225
4154520,2023-08-09,2025-10-16,2,3,24
4154521,2023-07-08,2025-12-08,3,3,48
4154522,2024-07-24,2026-06-29,1,3,12
4154523,2024-09-16,2026-08-13,3,3,12
4154524,2024-08-12,2024-08-12,1,1,10
4154525,2024-06-24,2026-08-26,1,3,10
4154526,2023-10-17,2025-07-17,1,1,12
4154527,2024-08-20,2024-08-20,1,1,10
4154528,2024-09-27,2026-08-20,3,3,12
4154529,2024-09-17,2026-09-01,3,3,11
4154530,2023-09-22,2025-09-12,1,1,11
4154531,2024-07-15,2024-07-15,3,3,11
4154532,2024-09-30,2026-09-20,1,1,12
4154533,2023-08-22,2026-07-29,2,3,11
4154534,2024-08-14,2024-08-14,3,3,171
4154535,2023-08-28,2025-10-28,1,1,12
4154536,2023-08-28,2026-08-04,1,3,12
4154537,2024-07-19,2026-08-05,3,3,12
4154538,2024-07-18,2026-08-05,3,2,11
4154539,2024-07-19,2026-07-02,3,3,12
4154540,2023-10-17,2025-10-31,3,3,11
4154541,2023-10-31,2025-11-03,0,1,11
4154542,2024-07-19,2026-09-20,3,3,11
4154543,2024-08-21,2026-09-22,3,3,28
4154544,2023-10-12,2025-10-30,3,3,25
4154545,2023-10-10,2025-10-30,3,3,11
4154546,2024-09-25,2026-09-04,3,3,11
4154547,2024-07-26,2026-09-20,3,3,10
4154548,2023-08-03,2025-10-30,2,3,11
4154549,2024-09-27,2026-08-31,3,3,11
4154550,2023-08-10,2025-09-10,3,3,10
4154551,2023-08-10,2025-09-10,3,3,10
4154552,2023-08-15,2025-07-09,3,3,34
4154553,2024-07-22,2026-09-09,3,3,160
4154554,2023-07-18,2025-06-26,3,3,28
4154555,2023-10-10,2025-09-16,3,3,36
4154556,2024-08-13,2026-08-31,3,3,36
4154557,2023-07-18,2025-09-16,3,3,28
4154558,2023-07-20,2025-08-26,3,3,181
4154560,2023-10-16,2025-11-08,1,3,26
4154561,2024-08-12,2026-08-05,3,3,28
4154562,2024-09-30,2026-08-05,1,3,26
4154563,2023-10-12,2025-09-16,3,1,26
4154564,2024-07-29,2026-09-17,3,3,26
4154565,2023-07-20,2025-09-03,0,1,29
4154566,2023-08-02,2025-09-02,3,3,11
4154567,2024-09-19,2026-09-13,3,3,132
4154568,2023-08-25,2025-07-16,1,3,10
4154569,2023-09-01,2025-07-25,1,3,10
4154570,2024-08-29,2026-09-02,1,3,10
4154572,2023-07-26,2025-07-15,3,3,40
4154573,2023-07-26,2025-07-15,3,3,33
4154574,2023-08-22,2025-07-15,3,3,32
4154575,2023-08-17,2025-07-25,3,3,33
4154576,2024-07-19,2026-09-20,3,3,33
4154577,2024-09-04,2026-09-20,3,3,33
4154578,2023-09-15,2025-06-27,3,3,33
4154579,2023-09-15,2025-06-27,3,3,33
4154580,2024-07-19,2026-08-21,3,3,30
4154583,2023-07-17,2025-06-17,3,3,11
4154584,2023-07-18,2025-06-18,3,3,11
4154585,2023-07-19,2025-06-19,3,3,11
4154586,2024-08-08,2024-08-08,1,1,11
4154587,2024-08-08,2024-08-08,3,3,11
4154588,2023-07-17,2025-06-19,3,3,11
4154589,2023-08-31,2025-06-19,1,1,11
4154590,2023-07-27,2025-06-19,3,1,11
4154591,2024-07-23,2026-08-04,3,3,30
4154592,2024-08-29,2026-08-04,3,3,30
4154593,2023-08-25,2025-10-02,3,3,31
4154594,2024-07-23,2026-07-30,3,3,28
4154595,2023-07-06,2025-07-23,3,3,28
4154596,2023-07-06,2025-07-23,3,3,58
4154597,2024-08-06,2026-08-03,3,3,11
4154598,2023-07-19,2025-06-17,3,3,11
4154599,2024-08-30,2024-08-30,3,3,11
4154600,2024-09-27,2026-08-23,3,3,29
4154601,2024-07-31,2026-08-25,3,3,17
4154602,2024-08-21,2026-08-26,3,3,16
4154603,2023-07-06,2026-08-20,3,0,67
4154604,2023-07-06,2025-09-25,3,3,80
4154605,2024-08-27,2026-09-10,3,3,13
4154606,2024-07-22,2024-07-22,3,3,13
4154607,2023-09-12,2025-09-30,3,3,130
4154608,2023-10-12,2025-10-01,3,3,164
4154609,2024-09-13,2024-09-13,3,3,35
4154610,2024-08-30,2024-08-30,3,3,50
4154611,2024-07-19,2026-07-31,3,3,40
4154612,2023-10-30,2025-07-14,3,3,13
4154613,2024-08-12,2026-07-16,3,3,41
4154614,2023-07-07,2026-08-11,1,3,16
4154615,2023-08-03,2025-06-26,3,3,12
4154616,2024-08-13,2024-08-13,3,3,79
4154617,2024-08-14,2026-09-21,1,3,12
4154618,2024-08-30,2024-08-30,3,3,85
4154619,2024-09-25,2026-07-14,3,3,150
4154620,2024-07-30,2026-07-17,3,3,61
4154621,2024-09-23,2024-09-23,3,3,132
4154622,2024-09-17,2024-09-17,3,3,133
4154623,2024-08-26,2026-08-03,3,3,259
4154624,2023-08-15,2025-09-29,3,3,372
4154625,2023-10-11,2025-06-24,3,3,246
4154626,2024-09-11,2026-08-19,3,3,117
4154627,2023-10-11,2025-10-03,1,3,108
4154628,2024-07-04,2026-08-18,3,3,117
4154629,2023-10-17,2025-09-30,3,3,221
4154630,2024-07-09,2024-07-09,3,3,202
4154631,2023-06-29,2025-10-03,3,3,120
4154632,2023-06-29,2025-09-19,3,3,128
4154634,2023-07-07,2025-07-14,3,3,120
4154635,2024-08-21,2026-07-20,3,3,12
4154636,2023-08-04,2025-07-14,1,3,24
4154637,2023-08-14,2025-06-26,3,3,17
4154639,2023-07-24,2025-10-06,3,3,170
4154640,2024-09-16,2024-09-16,3,3,244
4154641,2024-08-28,2026-07-17,3,3,143
4154642,2024-09-10,2026-08-22,3,3,95
4154643,2024-09-10,2026-08-03,3,3,172
4154644,2023-10-13,2025-10-07,3,3,174
4154645,2024-09-18,2024-09-18,3,3,179
4154646,2023-07-24,2025-09-05,3,1,60
4154647,2023-08-10,2025-07-18,3,3,74
4154648,2023-08-15,2025-10-01,3,3,81
4154649,2023-10-03,2025-08-14,3,3,71
4154651,2024-08-27,2026-08-13,3,3,70
4154652,2023-08-10,2025-07-22,3,3,69
4154653,2024-08-30,2024-08-30,3,3,64
4154654,2024-09-25,2026-07-22,0,3,60
4154656,2024-06-21,2026-09-11,3,3,11
4154657,2024-09-26,2026-09-01,3,3,47
4154658,2023-08-10,2025-06-26,3,3,22
4154659,2023-08-16,2025-06-26,3,3,22
4154660,2024-08-12,2026-09-02,0,3,20
4154661,2024-07-31,2026-08-19,1,3,47
4154662,2023-08-15,2025-07-09,3,3,102
4154663,2024-08-06,2026-09-09,3,3,61
4154664,2023-09-18,2025-07-18,2,3,19
4154665,2024-09-16,2026-08-19,3,3,20
4154666,2024-07-17,2026-09-01,0,1,26
4154667,2023-07-28,2025-07-03,3,3,26
4154668,2024-08-26,2026-08-18,3,3,20
4154669,2023-08-01,2025-06-27,3,3,46
4154670,2024-09-19,2026-09-05,3,3,125
4154671,2023-08-16,2025-07-04,3,3,152
4154672,2024-07-25,2026-08-06,3,3,44
4154673,2023-07-18,2025-07-03,3,3,56
4154674,2023-09-08,2025-12-01,3,3,111
4154675,2024-08-19,2026-08-21,3,3,11
4154676,2023-10-16,2025-09-18,1,1,15
4154677,2024-07-17,2026-09-01,1,3,33
4154679,2024-07-05,2026-08-13,3,3,54
4154680,2023-09-12,2025-06-20,3,3,56
4154681,2024-07-30,2026-09-22,3,3,305
4154682,2023-08-08,2025-06-17,3,3,60
4154683,2024-09-10,2026-08-24,3,3,68
4154684,2023-08-09,2025-07-09,3,3,68
4154685,2024-07-05,2026-08-18,3,3,64
4154686,2024-07-23,2026-08-07,3,3,50
4154687,2023-07-06,2025-07-25,3,3,10
4154688,2023-09-08,2025-07-24,1,3,11
4154689,2024-09-25,2024-09-25,1,1,10
4154690,2024-08-02,2026-09-08,3,3,10
4154691,2024-08-22,2026-08-25,3,3,11
4154692,2024-09-04,2026-08-27,3,3,30
4154693,2024-08-22,2024-08-22,3,3,142
4154694,2023-07-06,2025-06-25,3,3,144
4154695,2023-08-11,2025-06-25,3,3,112
4154696,2024-08-28,2024-08-28,3,3,83
4154697,2023-07-06,2025-10-01,3,3,167
4154698,2024-09-04,2026-07-16,3,3,117
4154699,2023-09-19,2025-09-29,3,3,237
4154700,2024-08-23,2026-08-25,3,3,301
4154701,2023-10-06,2025-08-26,3,3,416
4154702,2023-08-09,2025-08-22,3,3,283
4154703,2024-06-11,2024-06-11,3,3,391
4154704,2024-06-28,2026-07-07,0,3,17
4154705,2023-10-06,2025-08-19,3,3,239
4154708,2023-10-17,2025-08-26,3,1,32
4154709,2024-06-24,2024-06-24,1,1,47
4154710,2024-06-24,2024-06-24,3,3,39
4154711,2024-09-05,2024-09-05,3,3,30
4154712,2024-09-04,2024-09-04,3,3,30
4154713,2024-06-26,2024-06-26,3,3,92
4154714,2023-08-15,2025-08-22,3,3,96
4154715,2024-06-11,2026-09-02,3,3,81
4154716,2023-08-16,2025-08-19,3,3,233
4154717,2024-06-26,2024-06-26,1,1,118
4154718,2023-09-18,2025-08-19,3,3,265
4154719,2024-07-02,2024-07-02,3,3,90
4154720,2024-06-25,2026-09-14,3,3,67
4154721,2023-10-06,2025-08-30,3,3,170
4154722,2024-06-25,2024-06-25,3,3,170
4154723,2023-10-05,2025-10-03,3,3,389
4154724,2024-06-26,2026-09-09,1,3,167
4154725,2023-08-24,2025-11-18,3,3,194
4154726,2024-06-28,2024-06-28,3,3,214
4154727,2024-06-28,2024-06-28,3,3,214
4154728,2023-09-08,2025-08-19,3,3,83
4154730,2024-06-19,2026-08-04,3,3,136
4154731,2024-08-09,2026-08-10,3,3,137
4154732,2023-08-20,2025-10-17,3,3,137
4154733,2023-07-13,2025-10-29,3,3,84
4154734,2023-08-09,2025-08-11,3,3,49
4154735,2023-10-25,2025-09-19,3,3,54
4154736,2023-10-25,2025-09-19,3,3,54
4154737,2023-10-25,2025-09-19,3,3,54
4154738,2023-10-25,2025-09-19,3,3,61
4154739,2023-08-20,2025-09-05,3,3,102
4154740,2024-07-31,2026-08-21,3,3,119
4154742,2024-08-27,2026-08-04,3,3,138
4154743,2024-07-17,2026-08-21,3,3,138
4154744,2024-09-30,2024-09-30,3,3,20
4154749,2023-09-22,2025-08-20,3,3,366
4154751,2024-06-11,2024-06-11,3,3,16
4154752,2023-07-14,2025-08-22,3,3,65
4154753,2024-06-24,2026-09-17,3,3,438
4154755,2024-06-11,2026-09-10,3,3,246
4154756,2023-07-19,2025-06-14,3,3,217
4154757,2024-09-25,2024-09-25,3,3,346
4154758,2023-07-19,2025-06-14,3,3,344
4154759,2024-08-29,2024-08-29,3,3,327
4154761,2024-06-12,2026-09-04,3,3,151
4154762,2024-09-20,2026-08-26,3,3,217
4154763,2024-08-29,2024-08-29,3,3,218
4154764,2023-07-31,2025-07-09,3,3,278
4154765,2023-08-03,2025-07-09,3,3,297
4154766,2024-07-09,2026-09-17,3,3,247
4154768,2024-09-20,2026-06-25,3,3,284
4154769,2023-08-16,2025-07-23,2,3,284
4154770,2024-09-06,2026-08-05,3,3,64
4154772,2023-07-24,2025-06-14,3,3,70
4154773,2023-08-16,2025-06-13,2,3,55
4154775,2024-06-20,2026-08-28,3,3,40
4154778,2023-08-03,2025-07-26,3,3,70
4154779,2024-09-25,2024-09-25,3,3,40
4154780,2024-06-20,2024-06-20,3,3,43
4154781,2023-08-27,2025-06-16,3,3,61
4154782,2023-08-27,2025-06-16,3,3,61
4154783,2023-07-25,2025-10-27,3,3,69
4154784,2023-07-25,2025-06-18,3,3,76
4154785,2024-09-26,2026-07-08,3,3,61
4154786,2023-07-24,2025-06-13,3,3,40
4154787,2023-07-25,2025-06-13,3,3,40
4154788,2024-09-06,2026-09-10,3,3,40
4154789,2023-07-20,2025-06-14,3,3,40
4154790,2024-06-25,2026-06-16,3,3,40
4154791,2024-07-19,2024-07-19,3,3,22
4154792,2024-07-24,2024-07-24,3,3,90
4154793,2023-07-20,2025-07-12,3,3,65
4154794,2023-08-23,2025-06-18,0,3,48
4154795,2023-08-03,2025-07-19,2,3,46
4154796,2024-09-20,2024-09-20,3,3,49
4154797,2023-07-10,2025-09-08,2,3,11
4154798,2024-07-09,2026-06-22,3,3,77
4154799,2024-07-11,2026-07-23,3,3,65
4154800,2023-07-31,2025-10-27,1,1,12
4154801,2024-07-05,2026-09-18,3,3,31
4154802,2023-08-27,2025-08-27,3,3,304
4154803,2024-09-23,2026-09-18,3,3,218
4154804,2024-09-23,2026-09-03,3,3,298
4154805,2023-08-09,2025-08-27,3,3,286
4154806,2024-09-27,2026-09-21,3,3,221
4154808,2023-09-17,2025-07-26,2,3,201
4154809,2023-09-17,2025-07-26,3,3,198
4154811,2024-09-13,2026-09-22,3,3,128
4154812,2024-06-14,2024-06-14,3,3,218
4154813,2023-07-21,2025-07-19,3,3,216
4154814,2024-08-27,2024-08-27,3,3,300
4154815,2023-09-16,2025-07-26,3,3,206
4154816,2023-09-16,2025-07-26,3,3,206
4154817,2024-06-25,2024-06-25,3,3,228
4154818,2024-08-26,2026-09-21,3,3,137
4154819,2023-08-18,2025-07-21,3,3,153
4154820,2023-07-24,2025-07-21,3,3,125
4154821,2024-09-26,2026-09-17,3,3,245
4154822,2024-09-30,2024-09-30,3,3,147
4154823,2024-06-19,2024-06-19,3,3,226
4154824,2023-09-18,2025-07-29,3,3,149
4154825,2024-09-20,2024-09-20,3,3,218
4154826,2023-09-21,2025-07-29,3,3,231
4154827,2023-07-30,2025-07-29,3,3,139
4154828,2023-10-06,2025-07-29,3,3,180
4154829,2023-10-06,2025-08-13,2,3,163
4154830,2023-07-30,2025-08-13,3,3,134
4154831,2023-09-21,2025-11-21,3,3,170
4154832,2024-06-20,2024-06-20,3,3,176
4154833,2024-06-21,2024-06-21,3,3,174
4154834,2024-06-20,2026-09-15,3,3,174
4154835,2023-10-06,2025-08-18,3,3,164
4154836,2024-08-21,2026-09-09,3,3,77
4154837,2024-09-18,2024-09-18,3,3,29
4154838,2023-10-06,2025-07-29,3,3,35
4154839,2023-10-05,2025-07-29,3,3,128
4154840,2023-09-22,2025-08-13,3,3,223
4154841,2024-06-25,2026-08-20,3,3,155
4154842,2023-09-16,2025-08-01,3,3,175
4154843,2023-08-23,2025-07-29,1,3,107
4154844,2024-09-27,2024-09-27,3,3,179
4154845,2023-09-16,2025-07-29,3,3,189
4154847,2023-08-14,2025-08-01,3,3,275
4154848,2024-06-19,2024-06-19,1,1,397
4154850,2024-07-05,2024-07-05,3,3,330
4154851,2024-08-22,2026-08-21,3,3,92
4154852,2024-08-22,2026-09-09,3,3,203
4154853,2023-08-03,2025-07-16,3,3,117
4154854,2024-08-08,2026-09-10,3,3,141
4154855,2024-08-08,2026-08-21,3,3,132
4154856,2023-08-26,2025-07-22,3,3,10
4154857,2023-08-26,2025-07-15,0,1,10
4154858,2024-09-18,2026-09-11,3,3,15
4154859,2024-08-02,2026-08-25,3,3,60
4154860,2024-07-31,2026-08-24,3,3,59
4154861,2024-07-31,2026-08-20,3,3,70
4154862,2024-08-15,2026-08-25,3,3,27
4154863,2024-08-08,2026-08-27,3,3,28
4154864,2024-06-10,2026-08-19,3,3,77
4154865,2024-09-18,2026-09-22,3,3,66
4154866,2023-08-01,2025-07-23,3,3,65
4154867,2023-07-31,2025-07-23,3,3,52
4154868,2023-08-01,2025-07-23,3,3,48
4154869,2023-08-12,2025-07-09,3,3,61
4154870,2024-06-27,2024-06-27,3,3,61
4154871,2023-09-07,2025-08-12,3,3,64
4154872,2023-08-26,2025-07-14,3,3,60
4154873,2023-07-13,2025-07-07,2,3,78
4154874,2023-07-13,2025-08-12,3,3,61
4154875,2024-06-20,2026-08-12,3,3,62
4154876,2024-07-24,2024-07-24,3,3,60
4154877,2023-08-16,2025-07-19,1,3,20
4154878,2023-08-11,2025-06-21,3,3,54
4154879,2023-09-06,2025-06-21,3,3,52
4154880,2023-08-16,2025-06-14,1,3,112
4154881,2024-08-15,2026-08-13,3,3,59
4154882,2023-08-16,2025-06-21,3,3,93
4154883,2024-09-20,2026-09-03,3,3,83
4154884,2023-07-26,2025-09-18,3,3,251
4154885,2024-09-24,2026-09-18,3,3,240
4154886,2023-08-11,2025-06-21,2,1,204
4154887,2023-07-14,2025-07-22,1,1,69
4154888,2023-07-14,2025-07-07,3,3,60
4154889,2024-06-27,2024-06-27,3,3,60
4154890,2024-08-16,2024-08-16,3,3,60
4154891,2024-07-26,2026-08-18,3,3,61
4154892,2023-08-21,2025-07-11,1,3,112
4154893,2024-07-09,2026-08-12,3,3,44
4154894,2023-07-14,2025-06-23,3,3,111
4154895,2023-07-14,2025-06-23,3,3,113
4154896,2023-08-16,2025-06-14,3,3,57
4154897,2024-08-02,2024-08-02,3,3,64
4154898,2023-08-23,2025-06-13,3,3,154
4154900,2023-08-21,2025-10-07,3,1,243
4154901,2024-06-10,2026-08-27,3,3,41
4154902,2023-09-07,2025-06-18,3,3,65
4154903,2024-07-18,2026-09-16,3,3,65
4154904,2024-07-16,2026-06-24,3,3,65
4154905,2023-08-10,2025-06-23,2,3,83
4154906,2023-08-10,2025-06-23,2,1,234
4154907,2024-08-21,2026-09-02,0,3,11
4154908,2024-07-16,2024-07-16,3,3,87
4154909,2024-07-16,2026-06-19,3,3,78
4154910,2024-09-24,2026-09-02,3,3,66
4154911,2024-06-12,2026-08-31,3,3,81
4154912,2023-07-20,2025-06-18,2,3,81
4154914,2024-07-18,2026-09-18,3,3,85
4154915,2024-09-26,2026-09-15,2,3,64
4154916,2023-10-19,2025-06-14,3,3,72
4154917,2023-10-08,2025-10-27,3,3,112
4154918,2024-09-05,2026-09-22,3,3,63
4154919,2024-09-25,2026-09-08,3,3,73
4154920,2024-09-05,2026-07-03,3,3,76
4154921,2023-08-26,2025-07-29,3,3,64
4154922,2024-09-04,2026-07-09,3,3,58
4154923,2024-09-04,2026-07-09,3,3,58
4154924,2024-07-19,2026-07-02,3,3,38
4154925,2024-08-19,2026-07-14,3,3,25
4154926,2023-07-17,2025-09-04,3,3,65
4154927,2023-08-02,2025-09-04,3,3,91
4154929,2024-07-15,2026-07-27,3,0,171
4154930,2024-07-23,2026-07-22,3,3,547
4154931,2023-08-11,2025-10-23,3,3,117
4154932,2024-09-10,2024-09-10,3,3,81
4154933,2023-08-16,2025-07-30,3,3,32
4154934,2023-08-11,2025-07-29,3,3,32
4154935,2024-07-30,2026-08-18,3,3,32
4154936,2023-09-27,2025-10-02,1,3,16
4154937,2023-10-17,2025-10-02,1,3,12
4154938,2024-09-20,2026-08-20,3,3,101
4154939,2023-11-22,2025-10-03,3,3,34
4154940,2023-07-26,2025-10-15,3,3,175
4154941,2023-08-30,2026-07-17,3,3,18
4154942,2023-08-20,2025-10-21,3,3,19
4154944,2024-06-07,2026-08-12,3,3,24
4154945,2024-06-07,2026-08-12,3,3,24
4154946,2024-06-25,2026-08-12,3,3,36
4154947,2023-09-28,2025-07-28,3,3,36
4154948,2024-06-25,2026-08-12,3,3,36
4154949,2023-10-31,2025-07-28,3,3,36
4154950,2023-07-07,2025-08-08,3,3,25
4154951,2023-07-17,2025-10-02,3,3,24
4154952,2023-09-01,2025-10-02,3,3,24
4154953,2023-09-28,2025-07-28,3,3,42
4154954,2023-07-06,2025-08-08,3,3,24
4154955,2024-07-30,2026-08-18,3,3,119
4154956,2023-09-06,2025-08-13,3,3,32
4154957,2023-10-16,2025-10-17,1,3,12
4154958,2023-07-17,2025-08-26,3,3,32
4154959,2024-07-04,2026-08-11,3,0,12
4154960,2023-09-01,2025-10-14,3,3,230
4154961,2024-06-24,2026-08-20,3,1,16
4154962,2023-10-17,2025-10-03,1,3,32
4154963,2023-10-31,2025-10-02,3,3,61
4154964,2023-07-17,2025-08-13,3,1,32
4154965,2024-06-20,2026-08-13,3,3,33
4154966,2024-06-20,2026-08-24,3,1,40
4154967,2023-07-20,2025-07-18,3,3,31
4154968,2024-06-19,2026-08-13,3,3,51
4154969,2024-07-11,2026-08-10,1,3,27
4154970,2023-09-21,2025-08-26,3,3,99
4154971,2024-06-21,2026-08-10,3,3,24
4154972,2023-08-01,2025-07-09,1,3,40
4154973,2023-08-11,2025-12-05,1,3,11
4154974,2023-07-04,2025-10-17,3,3,29
4154975,2024-07-11,2024-07-11,3,3,16
4154976,2023-07-15,2025-07-03,3,3,32
4154977,2023-08-29,2025-07-17,1,3,42
4154979,2023-07-15,2025-08-13,1,3,46
4154980,2024-06-27,2026-08-23,3,3,24
4154981,2024-08-29,2026-08-11,3,3,175
4154982,2023-10-12,2025-08-25,3,1,31
4154983,2024-08-21,2026-07-08,1,3,22
4154984,2023-07-05,2025-10-17,2,3,22
4154985,2023-07-15,2025-07-04,3,3,24
4154986,2024-07-02,2026-08-17,3,3,79
4154987,2024-06-21,2026-08-23,2,1,24
4154988,2023-09-02,2025-08-25,1,3,52
4154989,2024-07-03,2026-08-18,1,3,24
4154990,2024-06-27,2026-08-21,3,3,32
4154991,2023-10-30,2025-10-21,3,1,34
4154992,2023-08-28,2025-10-20,3,3,62
4154993,2023-08-30,2025-10-20,3,3,22
4154994,2024-06-27,2026-08-13,2,3,35
4154996,2024-06-21,2024-06-21,3,3,33
4154997,2024-07-08,2026-08-21,3,3,25
4154998,2023-07-06,2025-10-22,3,3,52
4154999,2023-09-28,2025-10-22,3,3,72
4155000,2024-09-17,2026-08-17,3,3,39
4155001,2024-08-21,2024-08-21,3,3,75
4155003,2024-07-17,2026-07-13,2,3,39
4155004,2023-09-11,2025-09-25,3,3,146
4155005,2023-09-14,2025-10-27,3,3,33
4155006,2024-07-17,2026-08-17,3,3,34
4155008,2024-06-28,2026-09-09,3,3,151
4155009,2024-07-03,2026-08-14,3,3,20
4155010,2023-10-17,2025-10-30,3,3,55
4155011,2023-09-19,2025-10-30,3,3,124
4155012,2023-09-19,2025-10-30,3,3,130
4155013,2024-06-19,2026-08-13,3,1,46
4155014,2023-09-07,2025-07-23,0,1,29
4155015,2024-07-23,2026-09-10,1,3,29
4155016,2024-07-16,2026-09-16,1,0,29
4155017,2024-07-16,2026-09-16,3,3,30
4155019,2023-09-07,2025-07-23,0,1,29
4155020,2024-09-16,2026-08-24,3,3,39
4155021,2023-10-03,2025-11-03,3,3,35
4155022,2023-10-17,2025-08-25,3,3,97
4155023,2024-07-08,2026-08-17,2,3,19
4155024,2024-07-05,2026-08-26,3,1,23
4155026,2024-09-11,2024-09-11,3,3,144
4155028,2023-09-19,2025-10-31,1,3,68
4155029,2024-09-16,2026-08-17,3,3,38
4155030,2023-08-29,2025-08-25,2,3,106
4155031,2024-09-23,2026-09-01,3,3,41
4155033,2024-07-23,2026-08-17,2,3,54
4155034,2023-10-17,2025-11-03,3,3,129
4155035,2024-07-12,2026-08-18,3,3,45
4155036,2024-07-15,2026-08-21,3,3,24
4155038,2023-10-16,2025-10-31,3,3,86
4155039,2024-07-03,2026-09-01,3,3,37
4155040,2023-09-06,2025-07-15,3,3,11
4155041,2024-08-13,2026-08-04,3,3,34
4155042,2024-09-13,2026-07-31,3,3,34
4155044,2023-08-09,2025-08-13,3,3,110
4155045,2023-09-06,2025-06-27,3,3,67
4155046,2023-09-20,2025-09-09,3,3,36
4155047,2023-07-28,2025-09-09,3,3,39
4155048,2023-09-21,2025-09-02,3,3,39
4155049,2024-07-02,2026-07-23,1,3,56
4155050,2023-09-06,2025-09-02,3,1,26
4155051,2024-07-29,2026-07-23,3,3,26
4155052,2023-07-28,2025-10-24,3,3,315
4155053,2023-09-06,2025-07-04,3,3,231
4155054,2023-07-18,2025-06-19,3,3,56
4155055,2023-08-03,2025-06-19,0,3,44
4155056,2023-07-26,2025-06-20,3,3,64
4155058,2023-09-08,2025-09-30,3,3,62
4155059,2024-07-25,2026-07-31,3,3,15
4155060,2024-07-24,2026-07-16,0,3,24
4155061,2023-07-06,2025-11-26,0,1,10
4155062,2023-07-20,2025-12-01,3,3,214
4155063,2023-08-29,2025-07-24,3,3,12
4155064,2023-10-17,2025-06-18,3,3,17
4155065,2023-08-30,2025-07-11,3,3,78
4155066,2024-09-09,2024-09-09,3,3,36
4155067,2024-08-20,2024-08-20,3,3,90
4155068,2023-08-31,2025-07-18,1,3,18
4155069,2024-07-17,2026-07-15,2,3,28
4155070,2023-10-03,2025-07-15,3,3,23
4155071,2024-07-23,2024-07-23,3,3,29
4155072,2023-07-06,2026-08-20,2,3,28
4155073,2023-10-05,2025-07-08,1,3,20
4155074,2024-06-14,2026-07-31,1,1,24
4155075,2023-10-17,2025-07-10,3,3,15
4155076,2024-08-08,2026-08-26,3,3,29
4155077,2023-09-27,2025-07-10,1,3,29
4155078,2024-09-03,2026-07-31,2,3,37
4155079,2024-08-02,2026-07-27,1,3,28
4155080,2023-08-18,2025-11-20,3,3,25
4155081,2023-07-23,2025-11-27,3,3,132
4155083,2024-08-06,2026-06-24,1,1,23
4155084,2024-07-29,2026-06-24,1,3,21
4155085,2024-08-30,2026-08-10,1,1,22
4155086,2023-08-10,2025-11-27,3,1,47
4155088,2024-07-11,2026-07-22,3,3,97
4155089,2023-08-18,2025-11-25,3,3,11
4155090,2024-07-11,2026-09-09,3,3,24
4155091,2024-08-14,2026-07-27,3,3,29
4155092,2024-08-02,2026-07-22,3,3,32
4155093,2024-08-09,2026-06-17,3,3,43
4155094,2023-06-15,2025-11-11,3,3,29
4155095,2024-08-08,2026-09-09,3,3,43
4155096,2023-10-28,2025-09-18,3,3,25
4155097,2024-07-31,2026-06-17,3,3,37
4155098,2024-07-31,2026-06-17,3,3,37
4155099,2023-06-15,2025-09-25,1,2,37
4155100,2024-06-28,2026-06-22,3,3,47
4155101,2023-06-15,2025-09-25,1,2,36
4155102,2023-06-16,2025-09-26,3,1,11
4155103,2023-06-16,2025-09-26,1,1,10
4155104,2023-06-16,2025-09-26,3,1,12
4155105,2023-08-10,2025-10-24,2,3,12
4155107,2023-08-10,2025-11-28,3,3,45
4155108,2023-08-10,2025-11-28,3,3,28
4155110,2024-08-23,2026-06-22,1,3,30
4155111,2023-07-14,2025-09-18,3,3,35
4155112,2024-06-28,2026-06-22,3,3,40
4155113,2023-10-29,2025-09-25,1,3,40
4155114,2023-10-29,2025-09-25,1,3,54
4155115,2023-10-23,2025-09-18,2,3,28
4155116,2023-10-11,2025-09-18,0,2,28
4155117,2023-08-11,2025-11-17,3,3,17
4155118,2024-08-07,2026-08-13,1,3,45
4155119,2023-06-16,2025-11-17,1,3,45
4155120,2023-07-27,2025-10-23,1,1,15
4155121,2023-09-29,2025-11-25,3,3,174
4155122,2023-07-19,2025-11-27,3,3,255
4155123,2023-07-07,2025-11-21,3,2,22
4155124,2023-07-07,2025-11-21,3,3,24
4155125,2023-07-07,2025-11-21,3,3,10
4155126,2024-08-20,2026-08-17,3,2,11
4155127,2024-09-06,2026-08-19,3,3,125
4155128,2023-07-07,2025-11-21,3,3,40
4155130,2024-09-06,2026-07-17,0,1,29
4155131,2023-09-29,2025-11-27,3,3,267
4155132,2023-07-27,2025-11-27,3,3,419
4155133,2024-09-09,2026-08-14,2,3,17
4155134,2023-06-30,2025-11-25,3,3,26
4155135,2024-09-09,2026-08-21,2,1,17
4155140,2023-08-03,2025-11-18,3,3,21
4155141,2024-08-26,2026-09-01,1,2,40
4155142,2023-07-04,2025-11-26,3,3,10
4155143,2024-08-19,2026-07-27,3,1,11
4155144,2023-08-25,2025-11-26,3,3,10
4155145,2024-08-09,2026-06-25,1,3,11
4155146,2024-06-06,2026-07-27,1,3,10
4155147,2023-07-25,2025-11-26,1,1,11
4155148,2024-08-19,2026-07-27,3,3,10
4155149,2023-07-25,2025-11-17,1,3,11
4155150,2024-08-09,2026-08-26,1,3,11
4155151,2023-08-25,2025-11-14,3,3,14
4155152,2024-09-11,2026-08-28,2,3,31
4155154,2024-08-12,2026-09-01,3,3,34
4155155,2024-08-12,2026-09-01,3,3,61
4155156,2023-07-23,2025-11-19,0,3,41
4155157,2024-07-08,2026-09-21,3,3,63
4155158,2023-09-26,2025-11-27,3,3,119
4155160,2023-07-06,2025-11-06,3,3,391
4155161,2023-07-06,2025-12-09,3,3,112
4155162,2024-07-26,2026-09-03,1,3,52
4155163,2024-08-14,2026-09-16,3,3,69
4155164,2024-08-14,2026-09-16,3,3,97
4155165,2023-06-30,2025-12-09,3,3,65
4155166,2024-06-13,2026-09-01,3,3,33
4155167,2024-07-25,2026-09-03,3,3,116
4155168,2024-07-12,2026-09-22,3,3,150
4155169,2024-07-08,2026-09-17,3,3,65
4155170,2024-08-26,2026-09-17,3,3,93
4155171,2023-07-06,2025-12-09,3,3,97
4155173,2024-08-19,2024-08-19,3,3,62
4155174,2024-07-04,2026-08-11,3,3,17
4155176,2024-06-19,2024-06-19,3,3,304
4155177,2023-09-25,2025-11-13,2,3,188
4155178,2024-09-13,2024-09-13,3,3,130
4155179,2023-08-10,2025-11-13,3,3,130
4155180,2024-08-13,2024-08-13,3,3,106
4155181,2024-07-26,2024-07-26,3,3,107
4155182,2024-06-18,2026-07-29,3,3,93
4155184,2024-10-31,2026-07-07,1,3,14
4155185,2024-07-17,2026-07-09,3,3,11
4155186,2023-08-18,2025-11-12,3,3,26
4155187,2023-08-18,2025-11-12,3,3,26
4155188,2023-08-24,2025-11-12,3,3,22
4155189,2023-10-25,2025-11-12,0,3,10
4155190,2023-07-27,2025-11-20,3,3,12
4155191,2024-09-10,2026-08-07,2,3,18
4155192,2023-09-05,2025-11-12,0,3,39
4155193,2024-09-25,2026-09-09,3,3,53
4155194,2024-07-12,2026-08-18,3,3,140
4155195,2024-07-10,2026-08-28,3,3,17
4155196,2024-08-28,2026-08-11,3,3,275
4155197,2024-08-09,2024-08-09,3,3,146
4155198,2023-07-27,2025-08-08,3,3,63
4155199,2023-08-16,2025-08-08,3,3,40
4155200,2023-07-12,2025-07-25,3,3,25
4155201,2024-07-18,2026-09-14,1,3,75
4155202,2023-09-05,2025-08-08,3,3,208
4155203,2023-08-22,2025-11-07,3,3,48
4155204,2024-07-18,2026-09-14,1,0,47
4155205,2023-08-22,2025-11-07,3,3,29
4155206,2023-07-26,2025-07-30,1,1,17
4155207,2024-06-21,2026-08-04,1,3,25
4155208,2024-08-21,2026-07-14,3,3,21
4155209,2024-08-21,2026-07-14,3,3,21
4155210,2024-08-21,2026-07-14,3,3,21
4155211,2023-07-26,2025-10-15,3,3,18
4155212,2024-08-21,2026-07-21,3,3,40
4155213,2023-10-11,2025-11-25,3,1,15
4155215,2024-07-10,2026-07-22,3,3,22
4155216,2024-08-06,2026-07-23,3,1,24
4155217,2023-10-10,2025-07-11,3,3,74
4155218,2024-08-07,2026-07-28,3,3,76
4155219,2024-09-06,2026-07-29,3,3,85
4155220,2023-09-20,2025-11-07,3,3,25
4155221,2024-09-11,2026-07-30,3,1,25
4155222,2023-09-29,2025-11-24,3,3,63
4155223,2023-08-28,2025-11-24,3,3,60
4155224,2024-08-07,2026-08-04,3,3,60
4155225,2024-07-25,2026-08-05,3,3,183
4155226,2023-10-27,2025-08-21,3,3,29
4155227,2023-09-08,2025-08-21,1,3,39
4155228,2023-07-12,2025-08-21,3,3,23
4155229,2023-06-13,2025-08-21,3,1,22
4155230,2024-07-26,2026-08-14,1,1,24
4155231,2023-10-25,2025-09-09,3,3,35
4155232,2023-10-25,2025-09-09,3,3,35
4155233,2024-08-02,2026-07-08,0,3,27
4155234,2023-07-12,2025-08-22,3,3,25
4155235,2024-08-30,2026-08-11,3,3,25
4155236,2023-09-11,2025-09-17,3,3,51
4155237,2023-10-13,2025-08-22,1,3,26
4155238,2024-09-10,2026-08-12,3,3,42
4155239,2023-07-12,2025-08-21,3,3,32
4155240,2023-07-12,2025-11-25,2,3,30
4155241,2024-08-07,2026-08-13,3,3,50
4155242,2023-07-16,2025-12-02,1,3,23
4155243,2023-10-03,2025-08-21,3,3,16
4155244,2024-07-17,2026-08-18,3,1,23
4155245,2023-07-21,2025-09-17,3,3,23
4155246,2024-07-26,2026-08-19,1,3,45
4155248,2024-08-02,2026-08-20,3,3,14
4155249,2024-08-12,2026-09-11,3,3,26
4155250,2023-09-06,2025-09-10,3,3,31
4155251,2023-10-19,2025-09-12,1,3,24
4155252,2023-06-22,2025-12-02,3,3,44
4155253,2023-09-29,2025-09-15,3,3,10
4155254,2023-09-22,2025-11-25,3,3,24
4155255,2023-07-13,2025-10-16,3,3,30
4155256,2023-07-13,2025-11-25,3,3,38
4155257,2024-08-14,2026-08-26,3,3,36
4155258,2023-08-15,2025-09-10,3,3,33
4155259,2024-08-07,2026-08-27,1,1,62
4155260,2024-08-07,2024-08-07,3,3,32
4155261,2024-08-07,2026-08-26,3,3,37
4155262,2024-08-13,2026-09-15,3,3,37
4155263,2023-09-08,2025-11-24,3,3,35
4155264,2024-08-13,2026-09-16,3,3,35
4155265,2024-08-20,2024-08-20,3,3,60
4155267,2023-07-13,2025-12-02,3,3,34
4155268,2023-07-13,2025-11-25,0,3,27
4155269,2024-07-02,2026-09-22,3,3,30
4155270,2024-09-27,2024-09-27,1,1,33
4155271,2023-08-11,2025-09-10,3,3,30
4155272,2024-08-08,2024-08-08,3,3,35
4155273,2024-07-03,2024-07-03,1,1,58
4155274,2024-08-13,2024-08-13,3,3,44
4155275,2023-09-26,2025-12-03,1,3,45
4155276,2023-09-06,2025-12-08,3,3,52
4155277,2023-09-21,2025-08-21,3,3,48
4155278,2024-08-30,2024-08-30,3,3,30
4155279,2023-08-21,2025-10-09,3,3,39
4155280,2023-10-12,2025-10-09,3,3,27
4155281,2024-07-22,2024-07-22,3,3,22
4155282,2023-06-22,2025-09-15,3,3,32
4155283,2024-07-19,2024-07-19,3,3,19
4155284,2024-08-09,2026-06-23,3,3,16
4155285,2024-07-24,2026-06-23,1,3,16
4155286,2023-08-15,2025-11-18,3,3,16
4155287,2024-07-19,2026-06-22,3,3,16
4155288,2023-09-29,2025-12-03,3,3,48
4155289,2023-09-22,2025-09-17,3,3,50
4155290,2023-09-21,2025-09-17,3,3,50
4155291,2023-09-22,2025-12-03,3,3,23
4155292,2023-08-16,2025-12-03,3,3,21
4155293,2023-10-03,2025-10-15,1,3,26
4155294,2023-08-09,2025-10-30,3,3,45
4155295,2024-07-26,2024-07-26,3,3,34
4155296,2023-09-15,2025-10-30,3,3,48
4155297,2024-08-19,2024-08-19,1,1,42
4155298,2023-06-29,2025-11-24,3,3,184
4155299,2023-06-23,2025-11-28,3,3,56
4155301,2023-06-29,2025-11-24,3,3,202
4155302,2023-09-15,2025-10-30,3,3,310
4155303,2023-07-17,2025-10-08,3,3,540
4155304,2024-08-07,2026-06-24,3,3,128
4155305,2023-08-05,2025-10-08,0,3,350
4155306,2024-07-23,2026-09-04,3,3,285
4155307,2023-07-17,2025-10-15,3,3,416
4155308,2023-08-17,2025-11-20,3,3,42
4155309,2024-07-18,2026-06-23,3,3,42
4155310,2023-07-26,2025-09-17,3,3,26
4155311,2023-10-30,2025-09-17,3,3,34
4155312,2024-09-12,2026-08-14,3,3,18
4155313,2024-09-09,2026-07-14,0,1,15
4155315,2023-06-29,2025-09-17,3,3,23
4155316,2023-06-30,2025-08-31,3,3,38
4155317,2024-08-06,2026-08-27,1,3,24
4155318,2023-06-30,2025-08-31,3,3,25
4155319,2024-07-12,2026-09-09,1,0,25
4155320,2023-09-08,2025-08-31,3,3,17
4155322,2023-06-22,2025-08-31,3,3,34
4155324,2024-07-30,2026-09-01,3,3,14
4155325,2023-06-20,2025-08-21,3,3,14
4155327,2023-08-29,2025-11-07,3,3,73
4155333,2024-07-22,2026-08-31,3,3,41
4155334,2024-07-22,2026-08-27,3,3,39
4155335,2024-08-16,2026-08-25,3,3,19
4155336,2024-08-16,2026-08-25,3,3,22
4155337,2023-06-26,2025-11-24,3,3,122
4155338,2023-06-30,2025-12-01,3,3,96
4155339,2024-08-20,2026-08-25,3,3,63
4155340,2023-07-06,2025-12-01,3,3,108
4155341,2024-07-18,2026-08-20,3,3,234
4155342,2023-06-30,2025-12-01,3,3,141
4155343,2024-07-19,2026-08-25,1,3,365
4155344,2023-09-29,2025-12-01,3,3,162
4155345,2023-07-10,2025-12-01,3,3,211
4155346,2023-09-11,2025-12-01,3,3,259
4155347,2024-07-08,2026-08-26,1,3,180
4155348,2024-07-22,2026-08-17,3,3,156
4155349,2023-07-24,2025-11-27,3,3,129
4155350,2024-07-18,2026-08-18,3,3,106
4155351,2024-08-02,2026-08-28,3,3,108
4155352,2023-09-26,2025-12-02,1,3,14
4155353,2024-07-23,2026-08-26,3,3,128
4155355,2024-07-24,2026-09-01,3,3,63
4155356,2023-07-06,2025-11-05,3,3,60
4155357,2024-08-14,2026-08-19,3,3,111
4155358,2024-08-28,2026-09-03,3,3,266
4155359,2024-08-30,2026-09-03,3,3,123
4155360,2024-07-03,2026-08-20,3,3,55
4155361,2024-07-24,2026-08-27,3,3,29
4155362,2023-06-16,2025-11-26,3,3,121
4155363,2024-08-13,2026-09-02,3,3,122
4155364,2024-07-29,2026-09-02,3,3,95
4155365,2024-07-29,2026-09-09,3,3,55
4155366,2024-06-19,2026-08-25,1,3,178
4155367,2023-08-08,2025-11-28,3,3,225
4155368,2023-06-15,2025-11-30,3,3,181
4155369,2023-06-15,2025-11-30,3,3,171
4155370,2023-08-14,2025-11-05,3,3,49
4155371,2023-08-30,2025-06-27,1,3,45
4155372,2024-08-19,2026-08-25,3,3,77
4155373,2023-07-11,2025-06-26,3,3,82
4155374,2024-08-20,2026-09-02,3,3,113
4155375,2023-10-18,2025-07-02,3,3,118
4155376,2024-08-06,2026-09-11,3,3,149
4155377,2023-07-20,2025-07-02,3,3,152
4155378,2024-08-26,2026-08-27,3,3,88
4155379,2023-08-28,2025-11-24,3,1,32
4155380,2023-08-16,2025-11-02,3,3,17
4155381,2024-08-20,2026-09-02,3,3,48
4155382,2024-07-24,2026-09-09,3,3,109
4155383,2023-08-21,2025-06-27,3,3,45
4155384,2023-08-28,2025-06-27,1,3,51
4155385,2023-07-11,2025-11-10,3,3,49
4155386,2024-07-24,2026-08-21,3,3,48
4155387,2024-08-19,2024-08-19,3,3,195
4155388,2023-07-06,2025-06-22,3,3,152
4155389,2023-08-28,2025-06-22,1,3,141
4155390,2023-10-18,2025-08-21,3,3,55
4155391,2024-06-20,2026-09-14,1,3,10
4155392,2024-08-27,2026-09-04,3,3,137
4155393,2023-07-11,2025-06-27,3,3,119
4155394,2024-06-20,2026-08-10,3,3,312
4155395,2024-08-16,2026-09-03,1,3,24
4155396,2024-07-04,2024-07-04,3,3,141
4155397,2024-08-19,2024-08-19,3,3,80
4155398,2023-08-09,2025-11-05,3,3,225
4155399,2024-08-12,2026-08-28,3,3,110
4155400,2024-08-20,2024-08-20,3,3,122
4155401,2024-09-05,2026-08-28,3,3,90
4155402,2024-07-30,2024-07-30,2,2,33
4155405,2024-08-13,2026-09-14,3,3,128
4155406,2024-09-11,2024-09-11,3,3,126
4155407,2024-08-12,2024-08-12,3,3,142
4155409,2023-07-21,2025-07-11,3,3,178
4155410,2023-08-29,2025-07-17,1,3,103
4155411,2024-08-02,2026-07-16,1,3,39
4155412,2023-06-20,2025-07-17,3,3,47
4155413,2024-07-04,2026-09-22,3,3,81
4155414,2023-08-08,2025-07-17,3,3,61
4155415,2024-09-11,2026-09-19,3,3,62
4155416,2024-09-06,2026-09-17,3,3,62
4155417,2023-08-08,2025-07-17,3,3,61
4155418,2024-09-03,2026-09-17,3,3,32
4155419,2024-09-11,2026-09-03,3,3,82
4155420,2023-10-25,2025-09-10,3,3,80
4155421,2024-06-14,2024-06-14,1,1,52
4155422,2024-09-12,2024-09-12,3,3,53
4155424,2023-07-28,2025-11-12,3,3,237
4155425,2024-07-09,2026-09-01,3,1,45
4155426,2023-07-12,2025-09-15,3,3,45
4155427,2024-07-09,2026-09-22,1,3,45
4155428,2023-07-12,2025-09-15,3,3,45
4155429,2024-08-30,2026-09-21,1,3,40
4155430,2023-09-01,2025-09-10,3,3,18
4155431,2023-09-13,2025-09-10,3,3,17
4155432,2024-09-04,2024-09-04,1,1,16
4155433,2024-08-23,2026-09-15,1,3,17
4155434,2023-07-24,2025-11-12,3,3,16
4155435,2024-08-07,2024-08-07,2,2,18
4155436,2023-09-25,2025-11-20,3,3,19
4155437,2024-08-26,2024-08-26,1,1,15
4155438,2023-09-20,2025-09-10,3,3,16
4155439,2024-09-12,2024-09-12,1,1,13
4155440,2024-09-12,2024-09-12,3,3,18
4155441,2023-07-10,2026-08-12,3,3,13
4155442,2024-08-16,2024-08-16,3,3,68
4155444,2023-07-06,2025-10-30,3,3,100
4155446,2024-08-02,2024-08-02,2,2,194
4155447,2023-07-25,2025-10-31,3,3,153
4155448,2024-06-18,2024-06-18,3,3,86
4155449,2023-07-04,2025-11-20,3,3,204
4155450,2023-07-06,2025-11-26,3,3,223
4155451,2024-08-15,2024-08-15,3,3,228
4155452,2023-07-25,2025-11-24,3,3,227
4155453,2024-06-13,2024-06-13,3,3,416
4155454,2023-08-10,2025-11-24,3,3,343
4155455,2024-07-02,2026-08-31,3,3,325
4155456,2024-06-21,2024-06-21,3,3,136
4155457,2024-09-06,2026-09-21,3,3,153
4155458,2024-06-21,2024-06-21,3,3,136
4155459,2023-10-25,2025-10-15,3,3,154
4155460,2024-06-18,2026-09-04,3,3,176
4155461,2023-10-05,2025-11-11,3,3,92
4155462,2023-06-29,2025-11-02,3,3,96
4155464,2023-09-20,2025-11-07,3,3,119
4155465,2023-08-09,2025-11-11,3,3,179
4155468,2023-07-20,2025-11-11,3,3,204
4155469,2024-08-21,2024-08-21,3,3,307
4155470,2024-07-24,2026-09-03,3,3,300
4155471,2023-08-22,2025-08-01,3,3,100
4155472,2023-08-11,2025-08-01,1,3,16
4155473,2024-08-21,2024-08-21,0,0,16
4155474,2023-07-27,2025-11-06,1,1,23
4155475,2024-08-22,2026-07-21,3,3,87
4155476,2023-10-30,2025-11-06,3,3,47
4155477,2024-09-12,2026-07-24,3,3,86
4155478,2024-07-15,2026-08-31,3,3,132
4155479,2024-07-25,2026-07-24,3,3,36
4155480,2023-09-15,2025-08-08,3,3,28
4155481,2023-10-03,2025-08-19,3,3,38
4155482,2024-07-19,2024-07-19,0,0,12
4155483,2023-10-11,2025-11-06,3,3,23
4155484,2024-08-23,2026-09-14,3,3,18
4155485,2024-08-16,2024-08-16,3,3,12
4155486,2024-09-05,2024-09-05,3,3,55
4155487,2023-08-24,2025-12-02,1,3,47
4155488,2023-10-11,2025-09-17,1,3,46
4155489,2024-09-11,2026-08-31,3,3,14
4155490,2023-09-15,2025-08-05,3,3,26
4155491,2024-08-29,2026-08-31,3,3,26
4155492,2023-09-08,2025-08-06,3,3,26
4155493,2023-09-13,2025-08-06,3,3,26
4155494,2024-08-29,2026-08-27,3,3,26
4155495,2023-09-08,2025-08-05,3,3,26
4155496,2024-07-18,2026-08-20,3,3,55
4155497,2024-07-31,2026-08-24,3,3,75
4155498,2024-07-16,2026-08-21,3,3,110
4155499,2024-08-27,2026-08-21,3,3,61
4155500,2023-08-18,2025-09-17,3,3,37
4155501,2023-10-03,2025-09-17,1,3,44
4155502,2023-10-25,2025-09-17,1,3,42
4155503,2023-08-29,2025-09-17,3,3,30
4155504,2024-08-27,2026-08-10,0,2,21
4155506,2023-08-25,2025-07-18,2,3,15
4155507,2024-09-12,2026-08-11,3,1,16
4155508,2024-08-07,2026-07-28,3,2,27
4155509,2024-08-23,2026-07-17,3,3,30
4155510,2023-10-05,2025-07-18,3,3,17
4155511,2024-07-15,2026-08-11,3,3,111
4155512,2023-09-15,2025-07-18,3,3,72
4155513,2023-08-04,2025-07-18,3,3,60
4155514,2023-10-04,2025-07-24,3,3,11
4155515,2023-10-21,2025-11-28,1,1,23
4155517,2023-08-28,2025-08-01,3,3,148
4155518,2023-10-19,2025-10-24,1,3,18
4155519,2024-09-03,2026-09-04,3,1,11
4155520,2024-09-03,2026-09-14,3,3,12
4155521,2024-09-20,2024-09-20,3,3,10
4155522,2024-09-12,2026-07-13,3,3,35
4155523,2024-09-11,2026-07-23,3,3,52
4155524,2023-10-04,2025-07-18,3,3,12
4155525,2023-10-02,2025-07-17,3,3,25
4155526,2024-08-15,2026-09-11,3,3,23
4155527,2023-10-12,2025-07-17,3,3,23
4155528,2023-10-12,2025-07-17,3,3,12
4155531,2024-09-12,2026-08-11,3,3,178
4155537,2024-07-29,2026-07-29,3,2,46
4155538,2023-08-18,2025-07-17,1,3,29
4155539,2024-07-25,2026-07-30,3,3,18
4155540,2024-07-25,2026-07-17,3,3,18
4155542,2024-09-03,2024-09-03,3,3,13
4155543,2024-06-28,2026-09-14,3,3,14
4155544,2024-06-28,2026-09-14,3,3,14
4155545,2023-06-30,2025-07-11,3,3,10
4155547,2024-07-17,2026-09-02,3,3,97
4155548,2024-08-16,2026-09-10,3,3,97
4155549,2023-07-16,2025-07-09,3,3,118
4155550,2024-08-16,2026-09-10,3,3,118
4155551,2023-09-29,2025-07-09,3,3,118
4155552,2024-07-17,2026-09-09,3,1,11
4155553,2024-08-15,2026-09-02,3,3,14
4155554,2024-08-16,2026-08-14,3,3,53
4155555,2023-08-22,2025-07-07,3,3,26
4155556,2024-07-24,2024-07-24,3,3,34
4155557,2023-09-11,2025-07-07,3,3,28
4155558,2023-08-22,2025-07-07,1,3,41
4155560,2023-09-15,2025-07-14,3,3,81
4155561,2023-07-24,2025-06-20,3,3,115
4155562,2024-09-17,2024-09-17,3,3,278
4155563,2024-09-17,2026-09-22,3,3,278
4155564,2023-07-25,2025-07-02,3,3,94
4155565,2023-07-26,2025-07-02,3,3,97
4155566,2023-08-02,2025-06-24,3,3,192
4155567,2023-06-23,2025-09-06,3,3,236
4155568,2024-09-30,2024-09-30,3,3,196
4155569,2024-08-08,2024-08-08,3,3,184
4155570,2023-07-13,2025-09-17,3,3,128
4155571,2023-08-17,2025-09-17,3,3,128
4155573,2024-09-26,2026-07-16,3,3,421
4155574,2024-08-23,2024-08-23,3,3,190
4155575,2024-09-30,2026-09-05,3,3,198
4155577,2023-07-13,2025-11-24,3,3,213
4155578,2024-09-11,2026-06-24,3,3,180
4155579,2024-09-11,2026-06-25,3,3,180
4155580,2024-09-18,2026-07-21,3,3,145
4155581,2023-08-09,2025-11-04,3,3,198
4155582,2023-07-13,2025-11-24,3,3,99
4155583,2023-07-06,2025-11-03,3,3,185
4155584,2024-10-07,2026-07-28,3,3,186
4155585,2024-10-07,2026-07-23,3,3,237
4155587,2023-07-24,2025-11-28,3,3,449
4155588,2024-07-26,2026-09-16,3,3,57
4155589,2024-09-10,2024-09-10,3,3,384
4155590,2023-09-25,2025-07-21,3,3,106
4155591,2023-10-24,2025-06-18,3,3,352
4155593,2023-08-24,2025-08-18,3,3,54
4155594,2024-08-21,2026-09-17,3,3,460
4155595,2024-09-16,2026-09-15,3,3,115
4155598,2024-09-13,2026-08-18,3,3,105
4155600,2023-06-23,2026-07-08,3,3,301
4155601,2023-06-09,2025-11-05,3,3,299
4155602,2023-06-29,2026-07-08,3,3,469
4155604,2023-08-28,2025-10-20,3,3,25
4155605,2023-08-28,2025-11-13,3,3,719
4155607,2024-07-08,2026-08-19,3,3,81
4155609,2024-09-13,2026-08-19,3,3,34
4155610,2023-10-12,2025-07-08,3,3,41
4155611,2024-06-27,2026-07-23,3,3,53
4155612,2024-07-04,2026-07-23,3,3,43
4155614,2023-10-11,2025-11-28,3,3,126
4155615,2024-07-15,2026-08-21,3,3,156
4155617,2023-08-21,2025-10-21,3,3,188
4155618,2023-08-11,2025-11-12,3,3,374
4155620,2024-09-03,2024-09-03,3,3,164
4155621,2023-08-03,2025-11-21,3,3,76
4155623,2023-08-31,2025-11-04,3,3,13
4155624,2023-08-31,2025-11-04,3,3,20
4155625,2024-09-30,2026-08-12,3,3,224
4155629,2024-07-29,2026-08-10,3,3,30
4155630,2023-07-04,2025-12-08,3,3,30
4155631,2024-07-23,2026-07-30,3,3,30
4155632,2024-07-18,2026-08-04,3,3,30
4155633,2024-08-27,2026-07-21,3,3,30
4155634,2024-07-24,2026-08-10,3,3,30
4155635,2024-08-27,2026-07-30,3,3,31
4155636,2023-07-13,2025-11-15,3,1,31
4155637,2023-07-12,2025-11-15,3,1,31
4155638,2023-07-12,2025-11-15,3,1,31
4155639,2023-07-14,2025-09-17,3,3,31
4155640,2024-09-24,2026-07-10,3,3,31
4155641,2024-07-10,2026-08-25,1,3,30
4155642,2023-07-27,2025-11-15,3,1,31
4155643,2023-07-13,2025-11-15,3,1,30
4155644,2024-07-18,2026-08-25,3,3,30
4155650,2024-07-10,2026-06-29,3,3,81
4155651,2024-07-10,2024-07-10,3,3,63
4155652,2023-08-08,2025-10-28,3,3,253
4155653,2023-09-01,2025-11-05,3,3,304
4155654,2023-09-20,2025-10-30,3,3,255
4155657,2024-08-22,2026-08-07,3,3,275
4155658,2024-08-06,2024-08-06,3,3,238
4155659,2024-09-10,2026-09-04,3,3,221
4155662,2024-08-20,2024-08-20,3,3,293
4155664,2024-06-21,2024-06-21,3,3,327
4155665,2023-08-11,2025-09-16,3,3,14
4155666,2024-09-12,2026-09-18,3,3,222
4155667,2023-06-29,2025-11-02,3,3,14
4155669,2024-07-26,2026-09-10,3,3,104
4155670,2024-07-30,2026-09-10,3,3,103
4155671,2023-07-13,2025-10-30,3,3,101
4155672,2023-10-23,2025-11-11,3,3,154
4155673,2023-07-11,2025-07-16,3,3,62
4155674,2023-09-17,2025-08-01,3,3,172
4155675,2024-06-24,2024-06-24,3,3,235
4155677,2024-09-04,2026-09-04,3,3,57
4155680,2024-09-11,2024-09-11,3,3,36
4155681,2024-07-26,2026-09-11,3,2,22
4155682,2023-09-05,2025-11-19,3,3,175
4155683,2024-08-28,2026-09-19,3,3,97
4155684,2023-07-25,2025-07-21,3,3,44
4155685,2023-06-26,2025-11-24,3,3,300
4155686,2023-10-16,2025-09-03,3,3,24
4155687,2023-08-03,2025-08-22,3,3,306
4155690,2023-08-24,2025-07-15,3,3,113
4155691,2023-08-15,2025-11-24,3,3,148
4155692,2023-07-12,2025-11-11,3,3,88
4155703,2023-09-06,2025-08-18,3,3,92
4155704,2024-08-23,2024-08-23,3,3,106
4155705,2024-09-11,2026-09-08,3,3,162
4155706,2024-07-29,2026-09-16,3,3,129
4155707,2024-07-03,2026-07-07,1,3,14
4155710,2024-08-14,2026-08-25,3,3,116
4155712,2023-10-06,2025-06-14,3,3,263
4155717,2023-06-17,2025-10-03,3,3,297
4155726,2023-10-11,2025-06-30,3,3,128
4155728,2023-10-30,2025-10-03,0,3,12
4155730,2024-08-15,2026-08-25,3,3,291
4155731,2024-08-14,2024-08-14,3,3,141
4155734,2023-08-02,2025-07-23,3,3,138
4155736,2023-09-12,2025-09-24,3,3,149
4155737,2024-07-30,2026-08-13,3,3,247
4155739,2023-09-05,2025-06-30,3,3,122
4155740,2024-07-24,2026-08-20,3,3,77
4155741,2024-09-04,2026-09-21,3,3,54
4155742,2024-08-28,2024-08-28,3,3,264
4155743,2023-07-11,2025-07-10,3,3,16
4155744,2024-08-21,2026-09-04,3,2,200
4155746,2023-10-31,2025-10-14,3,3,218
4155748,2024-07-19,2026-09-14,1,3,96
4155749,2023-07-16,2025-08-06,3,3,62
4155750,2023-10-11,2025-07-31,3,3,32
4155751,2023-09-08,2025-11-25,3,3,161
4155752,2023-08-24,2025-08-06,1,3,23
4155753,2023-08-01,2025-10-03,3,3,17
4155754,2023-10-02,2025-08-08,3,3,88
4155756,2023-08-11,2025-12-05,1,3,11
4155757,2023-09-15,2025-11-06,3,3,151
4155758,2023-07-18,2025-09-10,3,3,89
4155763,2024-08-23,2024-08-23,3,3,24
4155764,2023-09-29,2025-07-10,1,3,21
4155766,2023-09-27,2025-07-30,3,3,84
4155767,2024-07-24,2026-07-20,3,3,12
4155768,2023-09-25,2025-07-19,3,3,232
4155769,2023-08-05,2025-08-06,3,3,133
4155770,2024-08-30,2026-08-27,3,3,133
4155771,2023-10-05,2025-11-06,3,3,45
4155772,2024-08-30,2026-09-02,1,3,22
4155773,2024-07-18,2026-06-15,3,3,248
4155776,2024-09-03,2026-07-15,3,3,207
4155778,2024-06-26,2024-06-26,3,3,194
4155779,2024-07-22,2026-09-09,3,3,278
4155781,2024-06-17,2026-09-09,3,3,58
4155782,2024-07-11,2024-07-11,3,3,221
4155783,2023-07-18,2025-08-13,0,1,58
4155787,2024-09-12,2026-07-31,3,3,167
4155789,2023-08-02,2025-07-29,3,3,66
4155793,2024-08-14,2024-08-14,3,3,233
4155794,2024-06-24,2026-07-06,1,2,38
4155796,2024-09-05,2024-09-05,3,3,263
4155800,2023-07-30,2025-11-13,3,3,102
4155802,2024-09-13,2026-07-27,1,3,11
4155803,2024-09-04,2026-08-17,3,3,298
4155809,2024-08-14,2026-08-25,3,3,371
4155812,2024-09-24,2026-08-31,3,3,154
4155813,2023-10-06,2025-12-02,3,3,162
4155816,2023-06-29,2025-11-07,3,3,92
4155820,2024-06-24,2024-06-24,3,3,479
4155823,2024-06-20,2024-06-20,3,3,61
4155825,2023-08-11,2025-06-22,2,3,140
4155827,2024-06-13,2026-08-25,3,3,27
4155828,2024-06-13,2026-08-25,3,3,34
4155829,2023-07-07,2025-06-16,0,3,31
4155830,2024-07-26,2024-07-26,3,3,157
4155834,2023-07-26,2025-06-30,3,3,301
4155838,2024-09-30,2024-09-30,3,3,171
4155839,2024-09-17,2024-09-17,3,3,168
4155840,2024-08-28,2026-07-28,3,3,32
4155843,2023-09-25,2025-09-05,3,3,16
4155845,2024-09-12,2026-07-28,3,3,11
4155848,2023-10-10,2025-08-01,1,3,201
4155850,2023-08-25,2025-07-23,3,3,84
4155854,2023-08-10,2025-10-31,3,3,31
4155855,2023-10-13,2025-10-07,3,3,283
4155858,2023-08-16,2025-08-18,2,3,24
4155859,2023-07-10,2025-06-23,3,3,143
4155862,2024-09-30,2026-06-30,1,1,16
4155865,2024-09-10,2026-06-30,1,1,16
4155866,2023-08-16,2025-11-18,3,3,56
4155872,2023-06-27,2025-11-19,3,3,12
4155873,2023-07-21,2025-11-27,3,3,326
4155874,2023-10-02,2025-07-14,1,3,13
4155875,2024-08-22,2026-08-07,3,3,329
4155878,2023-06-27,2025-10-31,3,3,11
4155879,2024-07-19,2026-08-13,3,3,181
4155880,2024-08-07,2024-08-07,3,3,233
4155881,2024-07-22,2026-09-22,3,3,71
4155882,2023-07-24,2025-07-24,3,3,92
4155883,2023-09-01,2025-08-26,3,3,230
4155887,2024-06-12,2026-09-02,3,3,35
4155889,2023-08-03,2025-11-26,3,3,228
4155890,2023-10-19,2025-09-03,3,3,87
4155891,2024-08-09,2026-08-25,3,3,10
4155895,2023-07-20,2025-06-23,1,3,68
4155900,2024-07-23,2026-07-15,3,0,11
4155901,2024-09-12,2026-08-11,3,3,91
4155905,2023-09-01,2025-08-26,3,3,217
4155906,2024-08-19,2026-08-12,3,0,11
4155907,2023-07-20,2025-08-13,3,3,59
4155911,2024-09-05,2026-09-04,3,3,132
4155913,2024-08-09,2026-08-12,3,3,224
4155914,2024-08-15,2026-07-22,3,3,160
4155915,2024-09-06,2026-09-03,3,3,158
4155916,2023-10-11,2025-07-10,1,3,36
4155918,2024-07-05,2026-09-15,3,3,271
4155919,2024-06-12,2026-09-12,3,3,35
4155920,2023-08-16,2025-11-27,3,3,245
4155922,2024-08-22,2026-08-26,3,3,153
4155923,2024-07-31,2026-07-14,3,3,15
4155924,2023-06-20,2025-08-21,3,3,14
4155927,2024-09-12,2026-09-04,3,3,328
4155928,2023-09-25,2025-10-20,3,3,105
4155930,2024-07-10,2026-08-14,2,3,34
4155931,2024-08-26,2024-08-26,3,3,112
4155935,2023-06-07,2025-10-28,3,3,84
4155938,2024-08-13,2024-08-13,3,3,84
4155942,2023-08-17,2025-09-08,1,3,201
4155943,2024-07-16,2026-07-09,3,3,161
4155950,2024-06-17,2026-08-17,1,3,15
4155952,2023-08-03,2025-11-18,3,3,571
4155956,2023-06-23,2025-09-18,3,3,96
4155957,2023-07-24,2025-06-26,3,3,231
4155959,2023-08-10,2025-10-06,3,3,59
4155962,2024-09-20,2026-07-16,3,2,100
4155977,2023-06-30,2025-10-21,3,3,28
4155978,2024-07-23,2026-07-21,3,3,180
4155979,2024-10-01,2024-10-01,3,3,66
4155991,2024-09-03,2026-09-19,2,3,171
4155992,2024-09-12,2026-07-15,3,3,214
4155993,2024-07-26,2026-07-15,3,3,214
4155995,2023-07-07,2025-07-22,3,3,130
4155999,2023-08-25,2025-11-07,3,3,221
4156002,2024-09-03,2024-09-03,3,3,34
4156003,2024-09-06,2026-08-27,3,3,216
4156004,2023-10-17,2025-06-17,3,3,26
4156013,2024-08-06,2024-08-06,3,3,336
4156014,2023-08-10,2025-11-28,3,3,24
4156016,2024-08-22,2026-09-16,3,3,132
4156020,2024-09-04,2026-09-22,3,3,64
4156027,2024-08-27,2026-08-13,3,3,10
4156028,2023-06-22,2025-10-15,3,3,107
4156031,2024-08-28,2026-08-13,3,3,265
4156034,2023-08-24,2025-11-10,3,3,55
4156035,2023-08-16,2025-08-07,1,3,14
4156036,2023-09-22,2025-10-06,3,3,80
4156037,2024-07-17,2026-07-23,3,3,37
4156038,2024-09-10,2024-09-10,3,3,327
4156043,2024-06-12,2026-06-17,3,3,164
4156048,2024-07-10,2026-09-10,3,3,11
4156049,2024-09-11,2024-09-11,3,3,145
4156069,2023-09-22,2025-10-08,3,3,107
4156070,2023-09-29,2025-11-27,3,3,80
4156071,2023-08-30,2025-09-24,3,3,202
4156073,2023-06-30,2025-09-22,3,3,14
4156074,2023-06-26,2025-10-17,3,3,12
4156075,2023-06-26,2025-10-17,3,3,12
4156076,2023-06-15,2025-09-29,3,3,238
4156086,2023-10-30,2025-08-15,3,3,223
4156089,2023-07-06,2025-11-12,3,3,22
4156090,2023-08-04,2025-10-02,3,3,227
4156098,2023-06-20,2025-08-21,3,3,13
4156099,2024-07-31,2026-07-15,3,3,14
4156101,2024-07-12,2026-08-05,3,3,28
4156102,2023-09-25,2025-10-20,3,3,108
4156104,2024-06-20,2026-09-03,3,3,52
4156107,2024-07-03,2026-07-31,1,3,225
4156108,2024-08-27,2026-08-13,3,3,34
4156114,2024-08-22,2026-08-13,3,3,15
4156115,2024-08-20,2024-08-20,3,3,26
4156118,2023-06-09,2025-11-10,3,3,327
4156122,2023-09-22,2025-08-13,3,3,66
4156131,2024-09-18,2024-09-18,3,3,224
4156136,2023-06-09,2025-10-01,3,3,130
4156137,2024-10-07,2026-08-17,3,3,28
4156138,2023-06-30,2025-09-22,3,3,21
4156139,2023-06-30,2025-10-21,3,3,14
4156140,2023-08-15,2025-11-18,3,3,53
4156153,2023-07-06,2025-11-26,3,3,129
4156154,2024-09-16,2026-09-18,3,3,144
4156156,2023-07-19,2025-11-05,3,3,207
4156163,2023-10-16,2025-11-19,3,3,145
4156164,2024-07-30,2026-07-14,3,3,13
4156167,2023-10-13,2025-07-07,3,3,34
4156172,2024-09-13,2026-08-18,3,3,104
4156176,2023-09-11,2025-08-27,3,3,37
4156181,2023-07-14,2025-11-06,1,3,300
4156182,2024-07-08,2026-09-10,3,3,190
4156195,2024-09-03,2026-09-21,2,3,135
4156200,2023-09-01,2025-10-06,3,3,123
4156206,2023-06-12,2025-08-16,3,3,164
4156208,2024-09-13,2024-09-13,3,3,194
4156225,2023-07-18,2025-10-16,3,3,14
4156229,2023-08-17,2025-10-08,3,3,196
4156232,2024-08-09,2026-08-11,3,3,246
4156233,2023-08-16,2025-06-23,3,3,101
4156236,2023-08-16,2025-08-07,1,3,14
4156237,2024-06-18,2026-08-13,3,3,15
4156240,2024-09-30,2026-07-14,3,3,45
4156242,2023-07-06,2025-09-27,3,3,41
4156247,2024-09-27,2026-08-24,3,3,16
4156249,2024-09-10,2026-09-10,3,3,10
4156250,2024-06-18,2024-06-18,3,3,300
4156252,2023-06-22,2025-10-15,3,3,107
4156254,2024-06-18,2026-08-13,3,3,14
4156258,2023-08-04,2025-08-20,3,3,277
4156266,2023-06-30,2025-10-21,3,3,21
4156268,2023-06-27,2025-09-02,3,3,66
4156285,2024-08-19,2026-06-26,3,3,21
4156287,2024-09-26,2024-09-26,3,3,15
4156288,2023-10-03,2025-07-10,1,3,23
4156289,2023-07-18,2025-10-16,3,3,14
4156290,2024-06-26,2026-07-24,3,3,267
4156293,2024-09-03,2026-08-12,3,3,139
4156294,2023-08-01,2025-11-14,3,3,37
4156295,2023-07-06,2025-11-27,3,3,246
4156296,2023-08-14,2025-07-17,3,3,162
4156297,2023-09-25,2025-10-20,3,3,126
4156298,2024-09-10,2026-08-28,3,3,40
4156303,2023-08-28,2025-08-13,3,3,120
4156305,2024-09-10,2026-09-15,3,3,16
4156306,2023-09-26,2025-09-05,3,3,16
4156313,2024-09-09,2026-07-09,3,3,103
4156314,2023-09-22,2025-08-05,3,3,159
4156316,2023-09-18,2025-06-27,1,3,183
4156319,2023-06-22,2025-10-25,3,3,208
4156323,2024-09-19,2024-09-19,3,3,234
4156324,2024-09-26,2024-09-26,3,3,266
4156325,2023-08-16,2025-08-07,3,3,93
4156337,2023-07-31,2025-10-02,3,3,154
4156339,2023-06-30,2025-09-22,3,3,14
4156342,2023-06-15,2025-09-29,3,3,238
4156354,2024-08-06,2024-08-06,3,3,221
4156355,2024-09-09,2024-09-09,3,3,73
4156357,2024-09-04,2024-09-04,3,3,22
4156358,2024-08-14,2026-09-11,3,3,121
4156359,2023-08-02,2025-11-27,3,3,121
4156361,2024-09-12,2026-08-05,3,3,207
4156362,2023-08-28,2026-08-18,3,3,33
4156365,2023-07-08,2025-10-15,3,3,142
4156366,2023-09-19,2025-11-27,3,3,18
4156367,2023-08-10,2025-11-25,2,3,23
4156370,2023-06-20,2025-08-21,3,3,13
4156371,2024-08-21,2026-09-17,3,3,150
4156373,2023-06-29,2025-11-02,3,3,47
4156374,2024-07-25,2024-07-25,3,3,102
4156379,2024-06-18,2026-08-25,3,3,14
4156380,2024-07-06,2024-07-06,3,3,95
4156383,2023-09-22,2025-08-13,3,3,129
4156385,2024-09-27,2026-08-25,3,3,15
4156386,2023-07-19,2025-07-22,3,3,148
4156387,2023-06-06,2025-10-29,3,3,66
4156388,2024-08-13,2026-07-16,3,3,84
4156390,2023-08-15,2025-09-08,2,3,203
4156391,2023-06-05,2025-10-22,3,3,179
4156399,2023-07-19,2025-07-22,3,3,124
4156401,2023-09-19,2025-12-08,2,3,26
4156414,2023-09-01,2025-10-06,3,3,141
4156415,2023-06-07,2025-09-19,3,3,12
4156416,2024-07-24,2026-07-21,3,3,12
4156417,2023-06-07,2025-09-19,3,3,12
4156419,2023-08-10,2025-10-22,3,3,154
4156420,2024-09-24,2024-09-24,3,3,118
4156429,2023-06-13,2025-08-16,3,3,178
4156430,2023-08-11,2025-09-05,3,3,201
4156433,2024-08-06,2026-07-20,3,3,243
4156439,2023-09-01,2025-11-25,3,3,248
4156441,2023-08-14,2025-08-13,3,3,30
4156446,2024-07-11,2024-07-11,3,3,501
4156447,2024-08-13,2026-09-03,3,3,22
4156448,2024-08-16,2024-08-16,3,3,22
4156449,2023-10-30,2025-10-06,1,3,25
4156450,2023-07-07,2025-07-22,3,3,130
4156451,2023-07-07,2025-07-22,3,3,73
4156455,2023-07-27,2025-06-24,3,3,36
4156459,2024-06-20,2024-06-20,3,3,134
4156461,2024-09-06,2026-06-17,3,3,164
4156468,2023-06-09,2025-06-26,3,3,217
4156469,2024-07-29,2024-07-29,3,3,48
4156471,2024-09-30,2026-07-14,1,3,37
4156480,2023-09-22,2025-07-07,3,3,92
4156483,2023-09-18,2025-06-25,3,3,198
4156484,2023-07-25,2025-07-21,3,3,76
4156491,2023-06-07,2025-10-31,3,3,12
4156492,2023-09-18,2025-10-22,3,3,131
4156493,2024-09-03,2024-09-03,3,3,118
4156494,2023-09-18,2025-10-21,3,3,131
4156495,2023-07-13,2025-10-30,3,3,101
4156504,2023-08-09,2025-07-21,3,3,38
4156510,2024-08-23,2026-08-04,3,3,204
4156512,2023-07-25,2025-07-21,3,3,38
4156514,2024-06-10,2024-06-10,3,3,16
4156516,2024-10-07,2026-09-14,3,3,133
4156521,2024-10-07,2026-09-14,3,3,88
4156523,2023-07-18,2025-10-16,3,3,14
4156530,2024-07-08,2026-07-28,3,3,36
4156531,2024-09-06,2026-09-21,3,3,113
4156532,2024-08-02,2024-08-02,3,3,139
4156533,2023-09-15,2025-10-25,3,3,153
4156547,2023-07-29,2025-11-14,3,3,110
4156548,2023-07-20,2025-11-12,3,3,141
4156549,2024-07-12,2026-09-14,3,3,186
4156554,2024-07-28,2026-07-16,3,3,238
4156555,2023-06-09,2025-09-15,3,3,20
4156556,2023-06-09,2025-10-31,3,3,15
4156557,2024-07-24,2026-07-15,3,3,33
4156558,2024-07-31,2024-07-31,3,3,102
4156561,2023-10-05,2025-08-22,3,3,240
4156564,2024-07-22,2026-08-17,3,3,155
4156565,2023-08-25,2025-11-25,3,3,335
4156567,2024-09-15,2026-06-24,3,3,265
4156573,2024-09-12,2026-08-17,3,3,185
4156579,2023-08-03,2025-09-05,3,3,219
4156580,2023-07-17,2025-09-05,3,3,222
4156581,2024-06-26,2024-06-26,3,3,304
4156583,2024-08-12,2024-08-12,3,3,141
4156586,2023-10-19,2025-08-11,3,3,22
4156593,2024-07-25,2026-08-31,3,3,16
4156594,2023-07-26,2025-07-21,1,3,16
4156597,2024-09-20,2026-08-18,3,3,16
4156598,2024-09-05,2024-09-05,3,3,190
4156601,2024-09-04,2026-07-13,3,3,84
4156607,2023-07-11,2025-09-09,3,3,167
4156610,2023-08-03,2025-06-23,3,3,56
4156611,2024-07-04,2024-07-04,3,3,16
4156612,2023-07-13,2025-11-20,2,3,22
4156613,2023-07-12,2025-09-08,2,3,11
4156614,2024-06-14,2026-09-16,3,3,332
4156619,2023-07-09,2025-09-08,2,3,11
4156620,2023-07-10,2025-09-08,2,3,11
4156621,2024-07-30,2026-08-20,3,3,60
4156623,2024-07-05,2026-07-29,3,3,32
4156624,2023-06-27,2025-09-09,3,3,175
4156627,2024-09-18,2026-06-23,3,3,56
4156628,2024-07-30,2024-07-30,3,3,218
4156631,2023-08-24,2025-07-15,3,3,139
4156634,2023-07-09,2025-09-15,2,3,11
4156639,2024-09-13,2026-06-24,3,3,74
4156640,2023-07-31,2025-06-23,3,3,56
4156642,2023-08-17,2025-07-21,3,3,74
4156649,2023-09-18,2025-12-02,3,3,16
4156650,2024-07-22,2026-09-15,3,3,22
4156652,2024-07-22,2026-09-15,3,3,22
4156653,2023-10-27,2025-11-25,3,3,22
4156664,2024-10-08,2026-07-14,3,3,419
4156704,2023-10-20,2025-09-26,3,3,112
4156706,2024-08-26,2026-06-23,3,3,155
4156711,2024-08-27,2026-09-11,3,3,179
4156712,2024-09-24,2026-06-18,3,3,59
4156719,2024-08-14,2026-07-30,0,3,17
4156720,2024-07-29,2026-09-21,3,3,55
4156721,2023-08-10,2025-11-25,0,2,34
4156722,2023-08-09,2025-07-21,3,3,305
4156723,2024-09-04,2026-08-28,3,3,184
4156725,2024-07-19,2026-07-29,3,3,98
4156726,2023-07-14,2025-10-27,3,3,87
4156727,2024-09-16,2026-08-12,3,3,216
4156733,2024-09-20,2026-08-07,3,3,48
4156734,2024-07-31,2026-08-07,3,3,48
4156735,2023-06-29,2025-09-15,0,3,48
4156736,2024-07-17,2024-07-17,3,3,47
4156737,2023-09-15,2025-07-24,3,3,38
4156738,2024-07-17,2024-07-17,3,3,47
4156740,2023-07-31,2025-07-09,2,3,325
4156744,2024-07-29,2026-08-19,3,3,26
4156748,2023-07-29,2025-11-17,3,3,180
4156756,2024-08-28,2026-08-19,3,3,210
4156772,2024-06-20,2026-06-11,3,3,83
4156791,2023-07-31,2025-10-27,3,3,12
4156792,2024-07-09,2026-07-15,3,1,11
4166721,2023-09-07,2025-11-14,3,3,210
4166732,2023-08-17,2025-08-13,3,3,287
4166819,2024-07-16,2026-07-23,3,0,106
4166848,2023-10-30,2025-08-01,3,3,321
4166900,2024-09-16,2026-09-22,3,3,289
4166942,2024-09-26,2024-09-26,3,3,275
4166944,2023-08-14,2025-07-04,3,3,275
4166992,2023-07-17,2025-11-24,1,3,77
4166996,2023-08-03,2025-08-12,3,3,99
4167451,2024-09-04,2026-08-17,3,3,73
4167455,2024-09-04,2026-09-10,3,3,25
4167459,2023-06-08,2025-11-13,3,3,220
4167462,2023-08-30,2025-08-19,3,3,216
4167463,2023-08-14,2026-07-16,3,3,54
4167679,2023-10-04,2025-10-29,3,3,72
4167680,2023-06-09,2026-07-16,3,3,47
4167686,2023-06-28,2025-11-19,3,3,72
4167688,2023-08-30,2025-08-14,3,3,11
4167691,2023-07-12,2025-10-27,3,3,11
4167693,2023-09-28,2025-11-27,3,3,18
4167696,2024-06-07,2026-07-13,1,1,11
4167698,2023-06-16,2025-11-07,3,3,244
4167699,2023-06-16,2025-11-07,3,3,217
4167700,2024-09-15,2026-08-11,3,3,244
4167763,2023-08-11,2025-11-12,3,3,152
4167764,2023-08-14,2025-09-11,3,3,131
4167765,2024-07-02,2026-09-03,3,3,153
4167767,2023-08-24,2025-11-03,3,3,369
4167772,2023-09-25,2025-07-29,3,3,15
4167788,2023-08-30,2025-08-14,3,3,11
4168552,2024-08-30,2024-08-30,3,3,10
4168721,2023-07-27,2025-11-20,3,3,11
4168793,2024-07-25,2026-08-25,3,3,117
4168796,2024-07-24,2024-07-24,3,3,95
4168798,2023-08-21,2025-10-09,3,3,22
4168808,2023-07-04,2025-07-31,2,1,18
4168942,2023-08-31,2025-07-29,3,3,200
4168986,2024-09-12,2024-09-12,3,3,176
4168988,2023-07-25,2025-11-11,3,3,104
4169109,2023-06-23,2025-11-21,3,3,214
4169166,2024-09-20,2024-09-20,3,3,40
4169173,2023-10-17,2025-10-24,2,3,38
4169221,2023-08-18,2025-11-24,3,3,49
4169264,2023-10-03,2025-09-10,3,3,25
4170952,2024-07-25,2026-07-27,3,3,19
4171348,2024-09-26,2026-06-25,2,3,22
4171374,2024-07-12,2026-08-28,3,3,463
4171378,2024-08-30,2026-09-10,3,3,225
4171428,2023-08-01,2025-08-08,3,1,483
4171461,2023-08-04,2025-10-02,3,3,491
4218633,2023-09-28,2025-11-26,3,3,185
4219140,2024-08-27,2024-08-27,3,3,236
4221280,2023-08-16,2025-08-18,3,3,131
4221285,2023-09-13,2025-07-29,3,3,246
4221299,2023-10-17,2025-07-11,1,3,19
4221312,2023-10-17,2025-09-25,3,3,170
4221322,2023-08-16,2025-07-15,3,3,109
4225861,2023-10-19,2025-11-05,3,3,12
4225867,2024-06-21,2026-09-16,1,3,12
4226533,2023-09-15,2025-07-17,3,3,11
4226941,2024-06-27,2024-06-27,3,3,66
4227299,2024-09-25,2026-07-23,3,3,37
4228766,2023-06-30,2025-11-04,3,3,16
4228864,2024-09-24,2024-09-24,3,3,304
4228923,2024-08-12,2024-08-12,3,3,90
4229124,2023-09-21,2025-06-16,3,3,29
4231973,2023-09-19,2025-09-29,3,3,202
4232579,2024-07-24,2026-07-22,3,3,12
4232583,2023-06-07,2025-10-17,3,3,12
4232587,2023-06-07,2025-10-31,3,3,12
4232592,2023-09-25,2025-10-20,3,3,128
4232595,2023-06-26,2025-11-24,3,3,90
4232598,2024-07-31,2026-09-18,3,3,91
4232788,2023-07-30,2025-07-19,3,3,95
4232789,2024-08-27,2026-06-24,3,3,287
4232801,2024-10-01,2024-10-01,3,3,65
4233146,2024-06-26,2026-08-06,3,2,43
4233149,2024-06-20,2026-09-22,3,3,318
4233261,2024-09-20,2026-07-28,3,3,337
4233264,2023-08-10,2025-12-04,3,3,188
4233268,2024-07-08,2026-08-20,3,3,10
4233286,2024-09-16,2026-09-16,3,3,247
4233290,2023-06-30,2025-12-12,3,3,128
4233294,2023-08-03,2025-06-18,3,3,127
4233307,2024-08-19,2024-08-19,3,3,174
4233328,2024-08-19,2026-08-11,3,3,16
4233372,2024-08-13,2024-08-13,3,3,66
4234487,2024-08-06,2026-07-22,3,3,12
4235524,2023-06-23,2025-11-26,3,3,102
4236708,2023-11-08,2025-10-28,3,3,79
4237447,2024-08-26,2024-08-26,3,3,496
4240547,2024-09-03,2026-07-20,3,3,327
4240549,2024-08-16,2024-08-16,1,1,76
4240826,2024-07-09,2026-07-29,3,3,554
4240827,2023-07-06,2025-11-18,3,3,565
4241532,2023-07-25,2025-10-15,3,3,17
4242011,2024-09-18,2026-09-02,3,3,157
4242360,2023-10-05,2025-07-21,3,3,95
4243431,2024-09-26,2024-09-26,3,3,234
4243767,2023-12-03,2025-06-17,3,3,20
4243768,2023-07-06,2025-08-21,3,3,12
4244521,2023-08-18,2025-07-28,3,3,128
4244523,2024-09-16,2026-08-21,3,3,293
4244526,2023-08-17,2025-07-28,3,3,324
4244530,2024-07-24,2026-06-25,3,3,331
4244917,2023-06-09,2025-07-23,3,3,179
4244920,2023-06-09,2025-07-23,3,3,342
4244923,2023-09-07,2025-09-10,3,3,97
4244929,2023-09-07,2025-09-10,3,3,97
4244932,2024-06-19,2024-06-19,3,3,251
4244947,2024-09-16,2024-09-16,3,3,336
4244973,2024-08-22,2026-07-13,3,3,293
4245676,2024-07-30,2026-08-19,3,3,74
4245700,2024-07-24,2026-07-30,3,3,28
4245702,2023-09-28,2025-11-17,3,3,27
4245705,2023-10-12,2025-11-10,3,3,12
4246916,2024-08-12,2026-09-22,3,3,96
4250094,2023-07-17,2026-07-07,1,3,16
4250261,2023-10-03,2025-07-08,3,3,39
4250262,2023-09-06,2025-09-25,2,3,24
4250265,2023-08-17,2025-09-26,0,3,45
4250271,2023-08-25,2025-10-03,3,3,37
4250288,2024-09-15,2026-08-10,3,3,10
4250524,2024-09-30,2026-08-17,3,3,220
4250529,2024-07-25,2026-09-03,3,3,101
4250538,2023-09-15,2025-06-27,1,3,35
4250549,2024-07-09,2026-07-07,3,3,64
4250554,2023-08-25,2025-09-22,3,1,42
4250596,2024-07-04,2026-09-10,3,3,32
4250600,2023-08-11,2025-07-30,3,3,32
4250602,2024-06-14,2026-09-10,3,3,32
4250612,2024-06-27,2026-09-10,3,3,32
4250615,2023-09-07,2025-11-10,3,3,357
4250622,2024-09-10,2026-07-22,3,3,22
4250630,2023-08-15,2025-07-31,3,3,24
4250634,2023-10-18,2025-11-04,1,3,24
4250636,2024-07-23,2026-09-12,3,3,152
4250641,2024-08-15,2024-08-15,3,3,36
4252919,2024-07-29,2026-09-14,3,3,34
4252925,2024-07-08,2026-09-14,3,3,41
4253010,2023-09-29,2025-07-14,1,3,14
4253806,2023-08-28,2025-08-12,3,3,25
4253819,2024-08-14,2024-08-14,3,3,17
4253833,2023-12-03,2025-07-17,3,3,30
4253901,2023-08-02,2025-09-03,3,3,30
4254270,2024-08-08,2024-08-08,3,3,47
4254274,2024-08-21,2024-08-21,3,3,47
4254276,2023-10-10,2025-07-24,3,3,52
4254280,2023-06-22,2025-09-18,3,3,111
4255506,2023-09-11,2025-11-11,3,3,27
4255508,2024-06-27,2026-08-11,1,3,12
4255528,2024-07-09,2026-08-26,1,3,10
4255529,2023-10-16,2025-07-09,2,3,10
4255532,2023-10-03,2025-07-22,3,3,171
4255546,2024-08-08,2026-07-17,3,3,74
4255628,2023-08-21,2025-08-19,3,3,55
4255639,2024-07-23,2026-07-23,3,3,29
4255640,2023-08-25,2025-07-24,3,3,29
4257261,2024-09-14,2026-08-27,3,3,216
4257265,2023-09-01,2025-09-22,1,3,26
4257267,2024-09-10,2026-08-18,3,3,93
4261157,2024-08-09,2026-09-02,1,3,10
4261240,2024-06-26,2026-09-08,3,3,24
4261706,2023-08-12,2025-11-05,3,3,221
4261712,2023-08-15,2025-08-20,3,3,11
4261713,2024-06-14,2024-06-14,3,3,11
4261715,2024-06-14,2024-06-14,3,3,11
4261716,2023-08-15,2025-08-20,3,3,11
4261717,2024-06-12,2026-08-20,3,3,11
4261719,2024-06-12,2026-08-20,3,3,11
4263113,2024-09-27,2026-07-30,3,3,126
4263115,2024-09-24,2026-07-06,0,3,128
4264076,2024-09-20,2026-08-12,3,3,16
4264078,2024-08-21,2026-08-12,3,3,16
4264085,2023-08-25,2025-10-14,3,3,284
4264094,2023-08-28,2025-11-18,3,3,177
4264285,2023-08-03,2025-06-20,3,3,30
4264301,2023-08-21,2025-12-04,3,3,71
4264913,2024-07-31,2026-09-22,3,3,77
4264915,2023-09-01,2025-09-30,3,3,124
4265057,2024-09-05,2026-08-21,3,3,335
4265577,2023-10-31,2025-12-04,3,3,32
4265578,2023-09-22,2025-10-27,3,3,12
4266442,2023-09-01,2025-07-24,3,3,20
4268538,2023-06-30,2025-11-10,3,3,420
4268876,2024-09-06,2024-09-06,3,3,22
4268877,2023-06-27,2025-09-02,3,3,24
4268878,2023-06-27,2025-09-02,3,3,22
4269230,2023-10-18,2025-09-19,3,3,24
4269261,2024-09-10,2026-09-17,3,3,68
4269313,2023-08-17,2025-09-16,1,3,20
4269318,2024-09-12,2026-08-27,3,3,21
4269412,2024-09-23,2026-07-28,3,3,12
4269424,2023-10-02,2025-11-04,3,1,28
4269869,2023-08-26,2025-07-16,3,3,22
4270170,2024-08-28,2026-09-22,3,3,336
4270534,2023-08-03,2025-11-26,3,3,195
4270720,2023-10-27,2025-06-20,3,3,371
4270721,2024-07-19,2026-09-04,3,3,371
4272882,2023-09-07,2025-09-22,3,3,17
4273164,2024-07-12,2026-08-13,1,1,27
4273205,2024-07-23,2026-08-25,3,3,15
4273905,2024-07-24,2026-09-16,3,3,17
4274213,2024-09-05,2024-09-05,3,3,135
4274218,2024-07-12,2026-09-22,3,3,255
4274443,2024-06-21,2026-09-22,3,3,20
4275806,2023-07-27,2025-06-20,3,3,40
4275811,2023-08-18,2025-06-20,3,3,40
4279693,2023-07-28,2025-08-20,2,3,12
4281257,2023-07-27,2025-06-26,3,3,40
4281384,2024-06-19,2026-07-31,3,3,20
4281915,2023-06-20,2025-08-21,3,3,13
4281929,2024-07-31,2026-07-15,3,3,13
4281930,2024-07-30,2026-07-16,3,3,13
4281935,2024-07-30,2026-07-15,3,3,13
4283407,2023-06-29,2025-12-04,3,3,108
4283460,2024-07-12,2026-08-10,3,3,20
4284986,2024-06-18,2026-08-24,3,3,587
4284996,2024-09-13,2026-09-17,3,3,163
4285160,2024-08-27,2026-06-19,3,3,11
4285401,2024-09-30,2024-09-30,3,3,13
4285956,2024-07-12,2026-08-07,3,3,215
4285972,2023-06-05,2025-10-14,3,3,185
4285976,2023-10-05,2025-06-20,3,3,176
4285984,2023-08-16,2025-11-18,3,3,159
4286235,2024-07-15,2024-07-15,3,3,83
4286239,2024-07-15,2024-07-15,3,3,57
4286252,2024-09-24,2026-06-17,3,3,50
4286254,2023-08-24,2025-11-10,3,3,128
4286257,2024-07-05,2026-09-01,3,3,14
4286259,2024-08-29,2026-09-14,3,3,54
4286261,2024-08-14,2026-09-22,3,3,41
4286276,2023-06-27,2025-09-02,3,3,22
4286300,2023-08-10,2025-09-29,3,3,30
4287030,2024-06-27,2026-08-28,2,2,16
4287729,2024-07-05,2026-08-06,3,3,17
4288175,2023-07-17,2025-08-26,2,3,16
4288282,2023-10-23,2025-10-20,3,3,272
4288285,2023-09-05,2025-10-20,3,3,186
4288287,2024-09-06,2026-07-13,3,3,176
4288472,2023-06-20,2025-11-20,3,3,145
4288743,2023-06-23,2025-11-04,3,3,15
4288751,2023-10-17,2025-07-25,3,3,30
4288768,2024-06-10,2024-06-10,3,3,159
4288772,2024-08-22,2026-09-16,3,3,60
4288787,2024-09-15,2026-08-04,3,3,23
4288792,2023-06-29,2025-10-15,1,3,21
4288796,2024-07-24,2026-08-04,3,3,27
4288799,2023-06-30,2025-10-15,1,3,24
4288800,2024-06-18,2026-08-04,3,3,18
4288801,2023-09-22,2025-08-29,0,3,18
4288857,2023-09-14,2025-11-18,3,3,12
4288860,2023-08-09,2025-11-18,1,3,12
4288923,2023-09-05,2025-09-26,3,3,115
4289106,2024-07-22,2026-07-13,3,3,15
4289265,2023-10-04,2025-12-11,3,3,250
4290884,2024-08-21,2024-08-21,3,3,11
4290959,2023-06-26,2025-08-01,3,1,29
4290978,2024-08-14,2026-09-11,3,3,38
4290981,2023-10-03,2025-08-19,3,3,38
4293577,2024-08-15,2024-08-15,3,3,139
4295059,2023-07-19,2025-10-17,3,3,67
4296586,2023-10-03,2025-07-30,3,3,27
4296588,2024-06-27,2026-08-26,3,3,32
4303769,2024-07-10,2026-07-17,1,3,112
4316599,2023-09-11,2025-11-18,3,3,12
4316602,2023-09-14,2025-11-18,3,3,12
4317586,2023-06-05,2025-07-09,3,3,15
4317588,2024-09-12,2026-07-22,3,3,15
4317589,2024-06-24,2026-07-21,3,3,15
4317590,2023-08-01,2026-07-14,3,3,15
4317592,2024-06-24,2026-07-21,3,3,15
4317594,2024-09-12,2026-07-21,3,3,15
4320792,2023-10-03,2025-08-26,3,3,173
4326893,2023-07-06,2025-11-20,1,3,13
4326897,2023-06-17,2025-11-24,1,1,12
4327367,2023-08-24,2025-07-16,1,3,11
4327919,2023-10-02,2025-07-18,2,3,18
4327922,2024-06-24,2026-07-21,3,0,20
4329035,2023-08-24,2025-07-16,1,3,11
4329037,2024-07-25,2024-07-25,2,2,11
4329040,2024-08-06,2024-08-06,3,3,11
4329041,2024-08-06,2024-08-06,3,3,11
4329042,2024-08-29,2024-08-29,1,1,11
4329043,2024-08-21,2024-08-21,0,0,11
4329455,2024-07-23,2026-07-20,3,3,36
4331737,2023-10-18,2025-09-30,3,3,11
4332678,2023-06-27,2025-10-07,3,3,27
4333368,2023-10-19,2025-11-03,3,3,300
4333382,2024-07-11,2026-07-09,3,3,292
4333386,2024-06-26,2026-07-09,3,3,369
4333391,2023-08-03,2025-11-04,3,3,514
4333863,2024-09-17,2026-08-13,1,3,126
4356202,2024-07-26,2026-09-01,3,3,46
4356415,2023-06-22,2025-12-02,3,3,13
4356717,2024-07-03,2024-07-03,1,1,44
4356727,2024-08-12,2024-08-12,1,1,29
4364249,2023-09-22,2025-08-27,3,3,15
4365723,2024-09-23,2026-09-15,3,3,457
4365726,2023-09-22,2025-08-25,3,3,638
4379646,2023-09-27,2025-07-18,2,3,16
4408389,2023-10-17,2025-06-19,1,3,12
4408585,2023-08-16,2025-07-29,1,3,26
4408652,2023-08-24,2026-07-24,1,3,17
4415696,2023-08-04,2025-06-23,3,3,26
4415827,2023-06-24,2025-06-23,3,3,30
4415833,2023-07-10,2025-10-20,3,3,24
4418699,2023-07-17,2025-06-17,3,3,11
4451371,2024-09-23,2026-08-13,3,3,188
4457070,2023-08-04,2025-12-10,1,3,11
4457092,2023-07-05,2025-11-20,1,3,12
4457100,2023-07-06,2025-11-21,1,3,11
4457107,2023-09-14,2025-11-21,1,3,11
4457114,2024-06-17,2026-07-22,1,3,11
4458811,2023-07-06,2025-11-28,1,1,12
4462209,2023-08-30,2025-08-07,3,3,22
4475546,2024-06-27,2026-09-08,3,3,64
4476597,2024-06-18,2026-09-11,1,3,14
4476608,2023-09-13,2025-07-22,1,3,15
4479218,2023-08-15,2023-08-15,3,3,12
4479579,2024-09-11,2026-08-07,3,3,44
4480446,2023-08-30,2025-08-07,3,3,20
4484430,2023-08-16,2025-06-19,3,3,28
4495076,2023-07-16,2025-07-14,3,3,13
4506245,2024-09-03,2026-08-26,3,3,13
4506270,2024-07-04,2026-07-09,3,3,13
4520827,2023-06-29,2025-08-07,3,3,77
4569135,2023-08-16,2025-12-14,3,2,11
4575691,2023-06-30,2025-10-21,3,3,503
4589593,2023-11-13,2025-12-02,0,0,44
4594874,2024-09-17,2026-08-04,1,3,146
4604174,2023-08-10,2025-07-30,3,1,12
4620278,2023-10-17,2025-07-08,3,3,18
4626360,2023-07-04,2025-10-24,3,3,235
4639099,2024-06-20,2026-09-16,3,3,369
4653431,2023-07-24,2025-11-03,1,3,21
4654253,2024-09-11,2026-09-16,3,3,466
4697372,2023-10-05,2025-07-22,3,3,301
4706289,2024-07-23,2026-09-14,3,3,17
4716071,2024-09-24,2026-08-18,3,3,58
4716349,2023-09-18,2025-08-29,3,3,12
4774556,2024-09-14,2026-07-20,3,3,40
4789395,2023-08-29,2025-11-07,1,3,115
4793995,2024-09-03,2026-09-03,3,0,12
4813513,2024-09-11,2026-06-19,1,3,155
4817599,2024-07-16,2026-08-28,3,3,15
4820405,2023-07-12,2025-09-17,3,3,11
4830483,2023-10-17,2025-07-22,3,3,501
4848750,2023-09-14,2025-11-19,3,3,18
4883232,2023-09-22,2025-11-07,3,3,36
4885483,2023-09-06,2025-10-06,3,3,248
4888759,2024-06-26,2026-06-26,3,1,18
4888762,2024-09-12,2026-07-27,3,3,18
4888795,2024-06-17,2026-07-17,1,3,12
4888798,2024-06-17,2026-07-27,3,3,12
4888799,2024-06-28,2026-07-20,2,1,12
4888801,2024-09-27,2026-07-21,3,3,12
4888802,2023-09-14,2025-11-20,1,1,12
4888803,2023-08-13,2025-11-26,3,3,12
4888804,2024-07-09,2026-07-23,2,1,12
4890985,2024-09-25,2026-08-28,3,3,506
4897867,2023-10-24,2025-12-04,3,3,275
4902355,2023-09-21,2025-12-05,1,3,12
4907186,2024-06-11,2024-06-11,3,3,361
4915028,2024-06-20,2026-09-08,3,3,166
4915493,2023-09-11,2025-09-29,3,3,315
4937758,2024-08-29,2026-09-01,3,3,210
5004754,2024-09-30,2026-08-24,1,3,30
5015812,2024-08-08,2024-08-08,3,3,793
5025277,2023-07-13,2025-09-08,2,3,11
5025280,2023-08-18,2025-09-15,3,3,11
5025293,2023-07-12,2025-09-15,2,3,11
5033221,2023-10-30,2025-07-31,3,1,11
5035608,2023-09-13,2025-07-24,3,3,246
5035611,2023-09-27,2025-07-24,3,3,333
5046735,2023-11-13,2025-07-29,0,3,47
5051013,2023-08-31,2025-06-27,3,3,59
5110249,2023-10-04,2025-07-29,3,3,349
5118732,2023-07-06,2025-10-15,3,3,346
5132414,2023-10-24,2025-10-09,3,3,595
5144479,2024-07-18,2026-09-21,3,3,264
5144485,2024-08-13,2024-08-13,3,3,264
5156008,2023-10-03,2025-07-22,3,3,11
5156053,2024-06-21,2026-07-24,3,3,51
5156112,2023-10-03,2025-08-13,3,3,25
5156127,2024-09-14,2026-09-03,3,3,240
5156142,2024-07-26,2026-08-19,1,0,20
5156157,2024-07-09,2026-06-30,3,3,34
5156165,2023-08-14,2025-09-12,3,3,61
5156182,2023-07-06,2025-11-06,3,3,32
5156753,2024-09-18,2026-07-22,3,3,120
5156767,2023-07-13,2025-08-16,3,3,16
5156779,2024-07-11,2026-09-16,3,3,16
5156801,2023-07-20,2025-08-16,3,3,16
5156810,2024-07-11,2026-09-16,3,3,16
5156814,2023-07-26,2025-08-16,3,3,16
5156815,2023-07-26,2025-08-16,3,3,16
5156871,2024-07-05,2026-09-11,3,3,16
5157387,2024-07-11,2026-09-11,3,3,16
5157421,2024-07-31,2026-09-11,3,3,16
5157423,2023-07-26,2025-07-21,3,3,16
5175953,2024-06-14,2024-06-14,3,3,286
5186997,2023-10-16,2025-11-27,3,3,82
5199841,2024-07-05,2024-07-05,3,3,333
5207679,2024-07-11,2026-09-09,3,3,177
5228227,2023-10-26,2025-10-22,3,3,146
5228921,2023-10-10,2025-07-17,3,3,152
5228929,2023-10-10,2025-07-17,3,3,198
5239236,2023-10-16,2025-12-02,3,3,210
5241001,2023-10-12,2025-10-03,3,3,61
5251786,2023-09-29,2025-12-11,1,1,15
5258798,2023-10-31,2025-10-20,3,3,17
5285930,2023-10-30,2025-06-19,1,1,12
5289074,2023-10-11,2025-11-06,0,3,25
5294330,2023-10-26,2025-09-04,3,3,140
5299588,2024-09-12,2026-07-28,3,3,11
5299592,2024-09-12,2026-07-28,3,3,11
5299600,2024-09-12,2026-07-28,3,3,10
5300693,2023-10-18,2025-07-08,3,3,231
5313679,2023-10-31,2025-10-30,3,3,14
5319408,2024-08-06,2026-06-15,0,3,11
5326913,2024-09-26,2024-09-26,3,3,11
5326916,2024-09-26,2024-09-26,3,3,11
5333758,2024-08-08,2024-08-08,3,3,259
5346159,2024-07-30,2026-09-04,3,3,171
5347489,2024-09-25,2024-09-25,3,3,12
5347493,2024-09-25,2024-09-25,3,3,12
5347497,2024-09-13,2024-09-13,1,1,11
5348106,2024-08-15,2024-08-15,3,3,440
5351744,2024-09-11,2024-09-11,2,2,11
5352375,2024-08-02,2026-06-22,3,3,32
5353316,2024-07-30,2026-09-04,3,3,160
5355064,2024-07-16,2024-07-16,1,1,12
5355083,2024-09-24,2026-08-05,3,3,12
5355118,2024-09-24,2026-08-05,3,3,12
5355161,2024-06-21,2024-06-21,1,1,10
5355204,2024-09-18,2024-09-18,3,3,14
5355262,2024-07-12,2026-07-20,3,3,15
5355318,2024-06-21,2026-08-26,3,3,12
5355436,2024-06-26,2026-08-24,3,3,17
5355461,2024-07-11,2024-07-11,3,3,11
5357890,2024-09-20,2026-07-22,3,3,12
5357946,2024-08-02,2026-08-25,3,0,12
5358047,2024-08-02,2026-07-22,3,3,12
5358054,2024-09-26,2026-09-04,3,1,11
5358240,2024-09-27,2026-09-04,3,3,12
5358292,2024-07-09,2026-09-09,1,0,24
5358517,2024-08-29,2026-08-06,3,3,18
5359170,2024-08-27,2026-06-24,3,3,11
5359223,2024-09-09,2024-09-09,3,3,10
5360905,2024-09-09,2026-07-29,3,1,17
5361012,2024-09-19,2026-09-03,3,3,30
5361264,2024-07-16,2026-09-10,2,3,10
5361285,2024-08-19,2024-08-19,3,3,10
5361337,2024-09-26,2026-08-12,1,1,12
5361379,2024-07-08,2024-07-08,1,1,12
5361399,2024-06-06,2026-07-07,2,3,11
5364483,2024-06-11,2026-08-17,3,3,30
5364487,2024-07-16,2024-07-16,3,3,10
5364517,2024-07-24,2024-07-24,3,3,91
5364536,2024-08-13,2026-06-24,3,0,10
5364546,2024-07-30,2026-08-13,1,3,10
5364567,2024-06-13,2026-09-09,1,3,12
5364569,2024-07-24,2026-09-09,3,3,18
5365276,2024-08-02,2026-07-10,1,3,24
5365314,2024-07-15,2024-07-15,1,1,11
5365455,2024-08-09,2024-08-09,1,1,20
5365973,2024-06-24,2026-07-07,2,3,13
5365981,2024-06-21,2026-07-15,0,0,16
5365987,2024-09-25,2026-08-25,3,3,12
5365992,2024-07-11,2026-08-17,3,3,31
5367995,2024-08-30,2026-07-15,0,0,13
5367998,2024-09-06,2026-06-24,3,3,18
5368000,2024-09-04,2026-09-09,1,3,12
5368002,2024-08-22,2026-08-17,3,3,28
5368007,2024-09-24,2024-09-24,1,1,13
5368564,2024-09-10,2026-07-27,1,0,11
5369379,2024-09-25,2026-07-22,2,3,10
5369390,2024-07-26,2026-07-22,0,3,10
5369828,2024-08-15,2026-08-19,1,0,10
5371444,2024-07-09,2026-08-26,3,3,10
5371447,2024-06-18,2026-08-20,1,3,12
5371451,2024-09-21,2026-08-04,1,3,210
5371477,2024-07-17,2026-08-21,3,0,23
5373697,2024-08-26,2026-07-13,3,3,26
5373885,2024-07-22,2024-07-22,3,3,11
5374946,2024-08-27,2026-07-07,1,2,18
5375687,2024-07-24,2026-07-07,1,3,11
5377083,2024-09-10,2026-08-18,2,3,16
5379421,2024-07-29,2026-08-19,3,3,22
5382234,2024-09-30,2026-09-09,3,1,19
5382369,2024-09-12,2026-07-03,0,1,15
5382430,2024-07-17,2026-08-17,3,3,10
5382561,2024-09-05,2026-09-10,1,3,12
5382573,2024-09-12,2026-08-12,3,3,10
5382870,2024-08-27,2026-07-23,3,3,14
5383939,2024-08-27,2024-08-27,3,3,131
5383946,2024-09-27,2024-09-27,3,3,12
5385853,2024-08-02,2024-08-02,2,2,12
5386216,2024-07-31,2024-07-31,1,1,10
5386613,2024-06-20,2026-07-31,1,1,18
5386620,2024-07-17,2026-08-19,3,3,10
5386632,2024-07-10,2026-07-10,0,3,30
5386640,2024-08-19,2026-07-07,0,3,22
5389348,2024-06-14,2026-09-01,1,3,21
5389354,2024-08-15,2026-09-01,1,3,23
5389368,2024-06-28,2026-08-14,3,3,10
5390828,2024-08-29,2024-08-29,3,3,11
5392310,2024-08-16,2026-07-23,3,3,17
5392487,2024-08-14,2026-07-22,3,3,53
5405655,2024-09-30,2026-07-17,3,3,15
5407309,2024-07-31,2026-08-25,3,3,78
5411150,2024-08-28,2026-08-20,3,3,233
5413885,2024-09-16,2026-09-15,3,3,186
5415712,2024-09-11,2026-07-07,0,1,17
5473285,2025-11-28,2025-11-28,3,3,78
5494668,2025-11-07,2025-11-07,3,3,262
5495823,2025-07-24,2025-07-24,3,3,296
5495825,2025-07-24,2025-07-24,3,3,288
5503457,2025-07-30,2025-07-30,3,3,230
5503583,2025-07-30,2025-07-30,3,3,232
5503588,2025-07-30,2025-07-30,3,3,310
5507641,2025-07-31,2025-07-31,3,3,592
5516544,2025-10-10,2025-10-10,3,3,179
5528214,2025-09-22,2025-09-22,3,3,80
5564105,2025-08-18,2025-08-18,3,3,103
5564604,2025-09-29,2025-09-29,3,3,95
5565125,2025-08-18,2025-08-18,3,3,479
5566009,2025-11-04,2025-11-04,3,3,302
5566013,2025-11-04,2025-11-04,3,3,240
5568599,2025-10-23,2025-10-23,3,3,276
5568604,2025-10-23,2025-10-23,3,3,238
5571925,2025-09-25,2025-09-25,3,3,160
5574977,2025-11-04,2025-11-04,3,3,237
5592688,2025-08-13,2025-08-13,3,3,244
5627935,2025-12-04,2025-12-04,3,3,24
5665937,2026-09-05,2026-09-05,3,3,220
5668417,2025-12-02,2025-12-02,3,3,171
5690291,2026-08-14,2026-08-14,3,3,18
5697761,2025-12-02,2025-12-02,3,3,389
5735857,2025-12-02,2025-12-02,3,3,52
5743883,2026-08-24,2026-08-24,3,3,48
5750368,2026-08-28,2026-08-28,3,3,404
5754760,2026-06-24,2026-06-24,3,3,205
5766126,2026-07-30,2026-07-30,3,3,19
5858767,2026-09-18,2026-09-18,3,3,14
5872163,2026-09-11,2026-09-11,3,3,234
